facility_id,facility_business_key,facility_kind,facility_type,parent_manor_id,parent_local_community_unit_id,jurisdiction,parent_asset_surface_id,parent_surface_key,operational_state,fortification_posture,coverage_requirement,coverage_state,named_post_assignment_id,functional_custody_assignment_id,fortification_profile_id,right_register_row_id,access_or_right_family,right_holder_entity_key,beneficiary_entity_key,appointing_authority_entity_key,security_responsibility_instance_id,security_accountable_owner_person_id,security_accountable_owner_person_name,franchise_instance_state,franchise_responsibility_instance_id,franchise_candidate_instance_key,franchise_candidate_owner_person_id,franchise_candidate_owner_person_name,revenue_instance_state,revenue_candidate_instance_key,revenue_candidate_owner_person_id,revenue_candidate_owner_person_name,gate_access_profile,custody_profile,equipment_or_armory_profile,standing_force_profile,condition_fact_state,security_identity_coverage_runtime_authority,operation_runtime_authority,fiscal_runtime_authority,current_pas_eligible,source_status,materialization_approval
impproj_step5ec_0d4a5916e140b7,fortification_project:impproj_step5ec_0d4a5916e140b7,future_fortification,fortification_or_garrison_work,manor_hx_35567,,Larkspire,estate_surface_47d2d1500471b4a664a5,IE-013,future_not_operational,future_opportunity_reserve,ordinary_local,future_not_operational,,,,,,House Larkspire,,,,,,not_applicable_until_operational,,,,,not_applicable_until_operational,,,,unknown_or_not_independently_admitted,unknown_or_not_independently_admitted,unknown_or_not_independently_admitted,unknown_or_not_independently_admitted,unknown_no_direct_current_condition_observation,1,false,false,false,admitted_security_facility_assignment_runtime_input,FOUNDER_APPROVED_PHASE_FIVE_SECURITY_MATERIALIZATION_2026_07_29
impproj_step5ec_154e5ba93d0e61,fortification_project:impproj_step5ec_154e5ba93d0e61,future_fortification,fortification_or_garrison_work,manor_hx_49581,,Ivydale,estate_surface_b120b720a7e2ba9bf5f5,IE-013,future_not_operational,future_opportunity_reserve,ordinary_local,future_not_operational,,,,,,church_fief_hx_49581,,,,,,not_applicable_until_operational,,,,,not_applicable_until_operational,,,,unknown_or_not_independently_admitted,unknown_or_not_independently_admitted,unknown_or_not_independently_admitted,unknown_or_not_independently_admitted,unknown_no_direct_current_condition_observation,1,false,false,false,admitted_security_facility_assignment_runtime_input,FOUNDER_APPROVED_PHASE_FIVE_SECURITY_MATERIALIZATION_2026_07_29
impproj_step5ec_1d597db1505268,fortification_project:impproj_step5ec_1d597db1505268,future_fortification,fortification_or_garrison_work,manor_hx_40033,,Eldham,estate_surface_3a65f4c7e9242dbcd9c4,IE-013,future_not_operational,future_opportunity_reserve,ordinary_local,future_not_operational,,,,,,house_dornelle_wood_river_j6wq,,,,,,not_applicable_until_operational,,,,,not_applicable_until_operational,,,,unknown_or_not_independently_admitted,unknown_or_not_independently_admitted,unknown_or_not_independently_admitted,unknown_or_not_independently_admitted,unknown_no_direct_current_condition_observation,1,false,false,false,admitted_security_facility_assignment_runtime_input,FOUNDER_APPROVED_PHASE_FIVE_SECURITY_MATERIALIZATION_2026_07_29
impproj_step5ec_2be6b075837ce8,fortification_project:impproj_step5ec_2be6b075837ce8,future_fortification,fortification_or_garrison_work,manor_hx_37256,,Falkenford,estate_surface_4cf36186d3055e75211f,IE-013,future_not_operational,future_opportunity_reserve,ordinary_local,future_not_operational,,,,,,house_xainval_hill_ypdu,,,,,,not_applicable_until_operational,,,,,not_applicable_until_operational,,,,unknown_or_not_independently_admitted,unknown_or_not_independently_admitted,unknown_or_not_independently_admitted,unknown_or_not_independently_admitted,unknown_no_direct_current_condition_observation,1,false,false,false,admitted_security_facility_assignment_runtime_input,FOUNDER_APPROVED_PHASE_FIVE_SECURITY_MATERIALIZATION_2026_07_29
impproj_step5ec_35f76fdf02b579,fortification_project:impproj_step5ec_35f76fdf02b579,future_fortification,fortification_or_garrison_work,manor_hx_31094,,Bramholt,estate_surface_266fe309c01b0478c621,IE-013,future_not_operational,future_opportunity_reserve,ordinary_local,future_not_operational,,,,,,church_fief_hx_31094,,,,,,not_applicable_until_operational,,,,,not_applicable_until_operational,,,,unknown_or_not_independently_admitted,unknown_or_not_independently_admitted,unknown_or_not_independently_admitted,unknown_or_not_independently_admitted,unknown_no_direct_current_condition_observation,1,false,false,false,admitted_security_facility_assignment_runtime_input,FOUNDER_APPROVED_PHASE_FIVE_SECURITY_MATERIALIZATION_2026_07_29
impproj_step5ec_370119416a2805,fortification_project:impproj_step5ec_370119416a2805,future_fortification,fortification_or_garrison_work,manor_hx_52682,,Kestrelford,estate_surface_e0d13464f3f23f4fc1a2,IE-013,future_not_operational,florent_county_initiative_current_site_candidate,ordinary_local,future_not_operational,,,,,,house_valcroix_low_east_oind,,,,,,not_applicable_until_operational,,,,,not_applicable_until_operational,,,,unknown_or_not_independently_admitted,unknown_or_not_independently_admitted,unknown_or_not_independently_admitted,unknown_or_not_independently_admitted,unknown_no_direct_current_condition_observation,1,false,false,false,admitted_security_facility_assignment_runtime_input,FOUNDER_APPROVED_PHASE_FIVE_SECURITY_MATERIALIZATION_2026_07_29
impproj_step5ec_39d692a65ea5e6,fortification_project:impproj_step5ec_39d692a65ea5e6,future_fortification,fortification_or_garrison_work,manor_hx_43982,,Falkenford,estate_surface_eb4c5257713fe70a7507,IE-013,future_not_operational,future_opportunity_reserve,ordinary_local,future_not_operational,,,,,,house_ivrel_north_v4vl,,,,,,not_applicable_until_operational,,,,,not_applicable_until_operational,,,,unknown_or_not_independently_admitted,unknown_or_not_independently_admitted,unknown_or_not_independently_admitted,unknown_or_not_independently_admitted,unknown_no_direct_current_condition_observation,1,false,false,false,admitted_security_facility_assignment_runtime_input,FOUNDER_APPROVED_PHASE_FIVE_SECURITY_MATERIALIZATION_2026_07_29
impproj_step5ec_3f5852a407d492,fortification_project:impproj_step5ec_3f5852a407d492,future_fortification,fortification_or_garrison_work,manor_hx_43091,,Dunmere,estate_surface_fc9d1ea4333cefa7502b,IE-013,future_not_operational,future_opportunity_reserve,ordinary_local,future_not_operational,,,,,,house_carvayne_vale_azui,,,,,,not_applicable_until_operational,,,,,not_applicable_until_operational,,,,unknown_or_not_independently_admitted,unknown_or_not_independently_admitted,unknown_or_not_independently_admitted,unknown_or_not_independently_admitted,unknown_no_direct_current_condition_observation,1,false,false,false,admitted_security_facility_assignment_runtime_input,FOUNDER_APPROVED_PHASE_FIVE_SECURITY_MATERIALIZATION_2026_07_29
impproj_step5ec_428b0f58b382b0,fortification_project:impproj_step5ec_428b0f58b382b0,future_fortification,fortification_or_garrison_work,manor_hx_33875,,Larkspire,estate_surface_202a19ede4a3873aa434,IE-013,future_not_operational,florent_county_initiative_current_site_candidate,ordinary_local,future_not_operational,,,,,,house_marelle_stone_bkoz,,,,,,not_applicable_until_operational,,,,,not_applicable_until_operational,,,,unknown_or_not_independently_admitted,unknown_or_not_independently_admitted,unknown_or_not_independently_admitted,unknown_or_not_independently_admitted,unknown_no_direct_current_condition_observation,1,false,false,false,admitted_security_facility_assignment_runtime_input,FOUNDER_APPROVED_PHASE_FIVE_SECURITY_MATERIALIZATION_2026_07_29
impproj_step5ec_4a771ac7fd5cbf,fortification_project:impproj_step5ec_4a771ac7fd5cbf,future_fortification,fortification_or_garrison_work,manor_hx_43147,,Falkenford,estate_surface_01b288b337616df55673,IE-013,future_not_operational,florent_county_initiative_current_site_candidate,ordinary_local,future_not_operational,,,,,,house_rocelin_high_elder_pz9a,,,,,,not_applicable_until_operational,,,,,not_applicable_until_operational,,,,unknown_or_not_independently_admitted,unknown_or_not_independently_admitted,unknown_or_not_independently_admitted,unknown_or_not_independently_admitted,unknown_no_direct_current_condition_observation,1,false,false,false,admitted_security_facility_assignment_runtime_input,FOUNDER_APPROVED_PHASE_FIVE_SECURITY_MATERIALIZATION_2026_07_29
impproj_step5ec_4bbc764ab78b06,fortification_project:impproj_step5ec_4bbc764ab78b06,future_fortification,fortification_or_garrison_work,manor_hx_39535,,Crowmarsh,estate_surface_71e3fc02e132ab8ec8e8,IE-013,future_not_operational,florent_county_initiative_current_site_candidate,ordinary_local,future_not_operational,,,,,,house_grisard_vale_aaj8,,,,,,not_applicable_until_operational,,,,,not_applicable_until_operational,,,,unknown_or_not_independently_admitted,unknown_or_not_independently_admitted,unknown_or_not_independently_admitted,unknown_or_not_independently_admitted,unknown_no_direct_current_condition_observation,1,false,false,false,admitted_security_facility_assignment_runtime_input,FOUNDER_APPROVED_PHASE_FIVE_SECURITY_MATERIALIZATION_2026_07_29
impproj_step5ec_4e7ea5f021dbd6,fortification_project:impproj_step5ec_4e7ea5f021dbd6,future_fortification,fortification_or_garrison_work,manor_hx_48494,,Alderwick,estate_surface_54f3003d36f8e66168cb,IE-013,future_not_operational,florent_county_initiative_current_site_candidate,ordinary_local,future_not_operational,,,,,,House Falvier Gate,,,,,,not_applicable_until_operational,,,,,not_applicable_until_operational,,,,unknown_or_not_independently_admitted,unknown_or_not_independently_admitted,unknown_or_not_independently_admitted,unknown_or_not_independently_admitted,unknown_no_direct_current_condition_observation,1,false,false,false,admitted_security_facility_assignment_runtime_input,FOUNDER_APPROVED_PHASE_FIVE_SECURITY_MATERIALIZATION_2026_07_29
impproj_step5ec_64d9281b011170,fortification_project:impproj_step5ec_64d9281b011170,inherited_fortification,fortification_or_garrison_work,manor_hx_45952,,Falkenford,estate_surface_cef92e811e6f5d7db586,IE-013,active,inherited_modernization_routine_maintenance,ordinary_local,ordinary_local_coverage,,,security-fortification-profile:impproj_step5ec_64d9281b011170,,,house_perravel_upper_xw5t,,,cri2_a11d2b7a7be2dcf1b7148f92,t0p_24a70aa22b080f7c98edfebb,Arnold Shepherd,not_a_franchise,,,,,not_a_revenue_right,,,,not_independently_admitted,not_independently_admitted,not_independently_admitted,not_independently_admitted,unknown_no_direct_current_condition_observation,1,false,false,true,admitted_security_facility_assignment_runtime_input,FOUNDER_APPROVED_PHASE_FIVE_SECURITY_MATERIALIZATION_2026_07_29
impproj_step5ec_67180a1327a218,fortification_project:impproj_step5ec_67180a1327a218,inherited_fortification,fortification_or_garrison_work,manor_hx_36156,,Merewatch,estate_surface_e59024bb83abb7f18d06,IE-013,active,inherited_major_rehabilitation_candidate,ordinary_local,ordinary_local_coverage,,,security-fortification-profile:impproj_step5ec_67180a1327a218,,,house_nerac_gate_u640,,,cri2_9adb5100972780a3d9f95be9,t0p_4bd0c4a02a73cf4c4555ce57,Benoit Carter,not_a_franchise,,,,,not_a_revenue_right,,,,not_independently_admitted,not_independently_admitted,not_independently_admitted,not_independently_admitted,unknown_no_direct_current_condition_observation,1,false,false,true,admitted_security_facility_assignment_runtime_input,FOUNDER_APPROVED_PHASE_FIVE_SECURITY_MATERIALIZATION_2026_07_29
impproj_step5ec_67a33d28eca2b2,fortification_project:impproj_step5ec_67a33d28eca2b2,future_fortification,fortification_or_garrison_work,manor_hx_27725,,Bramholt,estate_surface_e4c3396cdbd153b7391d,IE-013,future_not_operational,future_opportunity_reserve,ordinary_local,future_not_operational,,,,,,church_fief_hx_28841,,,,,,not_applicable_until_operational,,,,,not_applicable_until_operational,,,,unknown_or_not_independently_admitted,unknown_or_not_independently_admitted,unknown_or_not_independently_admitted,unknown_or_not_independently_admitted,unknown_no_direct_current_condition_observation,1,false,false,false,admitted_security_facility_assignment_runtime_input,FOUNDER_APPROVED_PHASE_FIVE_SECURITY_MATERIALIZATION_2026_07_29
impproj_step5ec_68e42aef8a9591,fortification_project:impproj_step5ec_68e42aef8a9591,future_fortification,fortification_or_garrison_work,manor_hx_38629,,Eldham,estate_surface_a910b2db03e97da56bf9,IE-013,future_not_operational,florent_county_initiative_current_site_candidate,ordinary_local,future_not_operational,,,,,,church_fief_hx_38348,,,,,,not_applicable_until_operational,,,,,not_applicable_until_operational,,,,unknown_or_not_independently_admitted,unknown_or_not_independently_admitted,unknown_or_not_independently_admitted,unknown_or_not_independently_admitted,unknown_no_direct_current_condition_observation,1,false,false,false,admitted_security_facility_assignment_runtime_input,FOUNDER_APPROVED_PHASE_FIVE_SECURITY_MATERIALIZATION_2026_07_29
impproj_step5ec_711b693dffd176,fortification_project:impproj_step5ec_711b693dffd176,future_fortification,fortification_or_garrison_work,manor_hx_45664,,Ivydale,estate_surface_1a7e1005740bd70a9f55,IE-013,future_not_operational,future_opportunity_reserve,ordinary_local,future_not_operational,,,,,,house_javern_high_low_e0yu,,,,,,not_applicable_until_operational,,,,,not_applicable_until_operational,,,,unknown_or_not_independently_admitted,unknown_or_not_independently_admitted,unknown_or_not_independently_admitted,unknown_or_not_independently_admitted,unknown_no_direct_current_condition_observation,1,false,false,false,admitted_security_facility_assignment_runtime_input,FOUNDER_APPROVED_PHASE_FIVE_SECURITY_MATERIALIZATION_2026_07_29
impproj_step5ec_776cb7843236cd,fortification_project:impproj_step5ec_776cb7843236cd,future_fortification,fortification_or_garrison_work,manor_hx_38393,,Orchardmere,estate_surface_3a314d44695e3b9000a8,IE-013,future_not_operational,future_opportunity_reserve,ordinary_local,future_not_operational,,,,,,house_tourenne_vale_elder_ntc3,,,,,,not_applicable_until_operational,,,,,not_applicable_until_operational,,,,unknown_or_not_independently_admitted,unknown_or_not_independently_admitted,unknown_or_not_independently_admitted,unknown_or_not_independently_admitted,unknown_no_direct_current_condition_observation,1,false,false,false,admitted_security_facility_assignment_runtime_input,FOUNDER_APPROVED_PHASE_FIVE_SECURITY_MATERIALIZATION_2026_07_29
impproj_step5ec_7aa04a17061602,fortification_project:impproj_step5ec_7aa04a17061602,future_fortification,fortification_or_garrison_work,manor_hx_38952,,Orchardmere,estate_surface_d64b565b00ac83446217,IE-013,future_not_operational,florent_county_initiative_current_site_candidate,ordinary_local,future_not_operational,,,,,,house_rocelin_bridge_tb2a,,,,,,not_applicable_until_operational,,,,,not_applicable_until_operational,,,,unknown_or_not_independently_admitted,unknown_or_not_independently_admitted,unknown_or_not_independently_admitted,unknown_or_not_independently_admitted,unknown_no_direct_current_condition_observation,1,false,false,false,admitted_security_facility_assignment_runtime_input,FOUNDER_APPROVED_PHASE_FIVE_SECURITY_MATERIALIZATION_2026_07_29
impproj_step5ec_7aeb39b4d783b9,fortification_project:impproj_step5ec_7aeb39b4d783b9,inherited_fortification,fortification_or_garrison_work,manor_hx_46460,,Dunmere,estate_surface_b9cffe6de08b18e30dbd,IE-013,active,inherited_modernization_routine_maintenance,ordinary_local,ordinary_local_coverage,,,security-fortification-profile:impproj_step5ec_7aeb39b4d783b9,,,house_falvier_court_y52p,,,cri2_7e23be785476f09743e34671,t0p_fd2e7f3a04cc16fa7f79d026,Herbert of Coblefleet,not_a_franchise,,,,,not_a_revenue_right,,,,not_independently_admitted,not_independently_admitted,not_independently_admitted,not_independently_admitted,unknown_no_direct_current_condition_observation,1,false,false,true,admitted_security_facility_assignment_runtime_input,FOUNDER_APPROVED_PHASE_FIVE_SECURITY_MATERIALIZATION_2026_07_29
impproj_step5ec_815dda806093c7,fortification_project:impproj_step5ec_815dda806093c7,inherited_fortification,fortification_or_garrison_work,manor_hx_39179,,Dunmere,estate_surface_5dd05ef202ca5b8d2b68,IE-013,active,inherited_modernization_routine_maintenance,ordinary_local,ordinary_local_coverage,,,security-fortification-profile:impproj_step5ec_815dda806093c7,,,church_fief_hx_39744,,,cri2_b05099b86496d9edda06f7ea,t0p_e1bde0611c9bf1fa669b5779,Adam Scribner the White,not_a_franchise,,,,,not_a_revenue_right,,,,not_independently_admitted,not_independently_admitted,not_independently_admitted,not_independently_admitted,unknown_no_direct_current_condition_observation,1,false,false,true,admitted_security_facility_assignment_runtime_input,FOUNDER_APPROVED_PHASE_FIVE_SECURITY_MATERIALIZATION_2026_07_29
impproj_step5ec_846efeb2a4f29d,fortification_project:impproj_step5ec_846efeb2a4f29d,inherited_fortification,fortification_or_garrison_work,manor_hx_45388,,Falkenford,estate_surface_c5ff605821142eabc03f,IE-013,active,inherited_modernization_routine_maintenance,ordinary_local,ordinary_local_coverage,,,security-fortification-profile:impproj_step5ec_846efeb2a4f29d,,,house_tourenne_high_tfx8,,,cri2_5b7dd636100e49b7fd379987,t0p_24b5da05d9f5a770efb0f6ff,Stephen Woolman the Younger,not_a_franchise,,,,,not_a_revenue_right,,,,not_independently_admitted,not_independently_admitted,not_independently_admitted,not_independently_admitted,unknown_no_direct_current_condition_observation,1,false,false,true,admitted_security_facility_assignment_runtime_input,FOUNDER_APPROVED_PHASE_FIVE_SECURITY_MATERIALIZATION_2026_07_29
impproj_step5ec_8a79c507ae4021,fortification_project:impproj_step5ec_8a79c507ae4021,future_fortification,fortification_or_garrison_work,manor_hx_37231,,Eldham,estate_surface_c0c79413aef088a4064a,IE-013,future_not_operational,future_opportunity_reserve,ordinary_local,future_not_operational,,,,,,church_fief_hx_36951,,,,,,not_applicable_until_operational,,,,,not_applicable_until_operational,,,,unknown_or_not_independently_admitted,unknown_or_not_independently_admitted,unknown_or_not_independently_admitted,unknown_or_not_independently_admitted,unknown_no_direct_current_condition_observation,1,false,false,false,admitted_security_facility_assignment_runtime_input,FOUNDER_APPROVED_PHASE_FIVE_SECURITY_MATERIALIZATION_2026_07_29
impproj_step5ec_8ad60f283d31c8,fortification_project:impproj_step5ec_8ad60f283d31c8,future_fortification,fortification_or_garrison_work,manor_hx_40324,,Northwych,estate_surface_90742c28ec12b22179c7,IE-013,future_not_operational,florent_county_initiative_current_site_candidate,ordinary_local,future_not_operational,,,,,,house_grisard_bridge_south_bxsv,,,,,,not_applicable_until_operational,,,,,not_applicable_until_operational,,,,unknown_or_not_independently_admitted,unknown_or_not_independently_admitted,unknown_or_not_independently_admitted,unknown_or_not_independently_admitted,unknown_no_direct_current_condition_observation,1,false,false,false,admitted_security_facility_assignment_runtime_input,FOUNDER_APPROVED_PHASE_FIVE_SECURITY_MATERIALIZATION_2026_07_29
impproj_step5ec_8e8b92b477fd78,fortification_project:impproj_step5ec_8e8b92b477fd78,inherited_fortification,fortification_or_garrison_work,manor_hx_51580,,Alderwick,estate_surface_bc2c79bb0256769c729f,IE-013,active,inherited_major_rehabilitation_candidate,ordinary_local,ordinary_local_coverage,,,security-fortification-profile:impproj_step5ec_8e8b92b477fd78,,,church_fief_hx_51580,,,cri2_d6acc0e4b213ec89b699cb80,t0p_5de3357b914f42470b4a9032,John Tanner,not_a_franchise,,,,,not_a_revenue_right,,,,not_independently_admitted,not_independently_admitted,not_independently_admitted,not_independently_admitted,unknown_no_direct_current_condition_observation,1,false,false,true,admitted_security_facility_assignment_runtime_input,FOUNDER_APPROVED_PHASE_FIVE_SECURITY_MATERIALIZATION_2026_07_29
impproj_step5ec_9397a0a2a094e3,fortification_project:impproj_step5ec_9397a0a2a094e3,future_fortification,fortification_or_garrison_work,manor_hx_37475,,Dunmere,estate_surface_c95c64f6c9c87d48be3d,IE-013,future_not_operational,florent_county_initiative_current_site_candidate,ordinary_local,future_not_operational,,,,,,house_javern_march_march_0br8,,,,,,not_applicable_until_operational,,,,,not_applicable_until_operational,,,,unknown_or_not_independently_admitted,unknown_or_not_independently_admitted,unknown_or_not_independently_admitted,unknown_or_not_independently_admitted,unknown_no_direct_current_condition_observation,1,false,false,false,admitted_security_facility_assignment_runtime_input,FOUNDER_APPROVED_PHASE_FIVE_SECURITY_MATERIALIZATION_2026_07_29
impproj_step5ec_95f937d55eaea2,fortification_project:impproj_step5ec_95f937d55eaea2,future_fortification,fortification_or_garrison_work,manor_hx_49566,,Harrowfield,estate_surface_7e9c4f93adb979fe51d9,IE-013,future_not_operational,future_opportunity_reserve,ordinary_local,future_not_operational,,,,,,church_fief_hx_48450,,,,,,not_applicable_until_operational,,,,,not_applicable_until_operational,,,,unknown_or_not_independently_admitted,unknown_or_not_independently_admitted,unknown_or_not_independently_admitted,unknown_or_not_independently_admitted,unknown_no_direct_current_condition_observation,1,false,false,false,admitted_security_facility_assignment_runtime_input,FOUNDER_APPROVED_PHASE_FIVE_SECURITY_MATERIALIZATION_2026_07_29
impproj_step5ec_9e6456dfbc33d0,fortification_project:impproj_step5ec_9e6456dfbc33d0,future_fortification,fortification_or_garrison_work,manor_hx_34682,,Dunmere,estate_surface_2cffb9fee1fdf26ae3e5,IE-013,future_not_operational,future_opportunity_reserve,ordinary_local,future_not_operational,,,,,,house_nerac_bridge_west_cp3j,,,,,,not_applicable_until_operational,,,,,not_applicable_until_operational,,,,unknown_or_not_independently_admitted,unknown_or_not_independently_admitted,unknown_or_not_independently_admitted,unknown_or_not_independently_admitted,unknown_no_direct_current_condition_observation,1,false,false,false,admitted_security_facility_assignment_runtime_input,FOUNDER_APPROVED_PHASE_FIVE_SECURITY_MATERIALIZATION_2026_07_29
impproj_step5ec_a97141ef522db1,fortification_project:impproj_step5ec_a97141ef522db1,future_fortification,fortification_or_garrison_work,manor_hx_50994,,Ivydale,estate_surface_7c3746e3cc96833fb385,IE-013,future_not_operational,future_opportunity_reserve,ordinary_local,future_not_operational,,,,,,house_perravel_upper_xw5t,,,,,,not_applicable_until_operational,,,,,not_applicable_until_operational,,,,unknown_or_not_independently_admitted,unknown_or_not_independently_admitted,unknown_or_not_independently_admitted,unknown_or_not_independently_admitted,unknown_no_direct_current_condition_observation,1,false,false,false,admitted_security_facility_assignment_runtime_input,FOUNDER_APPROVED_PHASE_FIVE_SECURITY_MATERIALIZATION_2026_07_29
impproj_step5ec_ac7bd8647db599,fortification_project:impproj_step5ec_ac7bd8647db599,future_fortification,fortification_or_garrison_work,manor_hx_40319,,Eldham,estate_surface_7872677ee6ee4efb7a90,IE-013,future_not_operational,future_opportunity_reserve,ordinary_local,future_not_operational,,,,,,house_carvayne_bridge_m4mn,,,,,,not_applicable_until_operational,,,,,not_applicable_until_operational,,,,unknown_or_not_independently_admitted,unknown_or_not_independently_admitted,unknown_or_not_independently_admitted,unknown_or_not_independently_admitted,unknown_no_direct_current_condition_observation,1,false,false,false,admitted_security_facility_assignment_runtime_input,FOUNDER_APPROVED_PHASE_FIVE_SECURITY_MATERIALIZATION_2026_07_29
impproj_step5ec_ae97998be6dae2,fortification_project:impproj_step5ec_ae97998be6dae2,future_fortification,fortification_or_garrison_work,manor_hx_44835,,Glastonmere,estate_surface_47dfbcb2abad2900906f,IE-013,future_not_operational,florent_county_initiative_current_site_candidate,ordinary_local,future_not_operational,,,,,,house_perravel_upper_march_2ij2,,,,,,not_applicable_until_operational,,,,,not_applicable_until_operational,,,,unknown_or_not_independently_admitted,unknown_or_not_independently_admitted,unknown_or_not_independently_admitted,unknown_or_not_independently_admitted,unknown_no_direct_current_condition_observation,1,false,false,false,admitted_security_facility_assignment_runtime_input,FOUNDER_APPROVED_PHASE_FIVE_SECURITY_MATERIALIZATION_2026_07_29
impproj_step5ec_b16d94a6b5d6cf,fortification_project:impproj_step5ec_b16d94a6b5d6cf,future_fortification,fortification_or_garrison_work,manor_hx_51811,,Harrowfield,estate_surface_c1347dc2befa7f80f0d7,IE-013,future_not_operational,florent_county_initiative_current_site_candidate,ordinary_local,future_not_operational,,,,,,House Harrowfield,,,,,,not_applicable_until_operational,,,,,not_applicable_until_operational,,,,unknown_or_not_independently_admitted,unknown_or_not_independently_admitted,unknown_or_not_independently_admitted,unknown_or_not_independently_admitted,unknown_no_direct_current_condition_observation,1,false,false,false,admitted_security_facility_assignment_runtime_input,FOUNDER_APPROVED_PHASE_FIVE_SECURITY_MATERIALIZATION_2026_07_29
impproj_step5ec_b842c8c285f4e5,fortification_project:impproj_step5ec_b842c8c285f4e5,future_fortification,fortification_or_garrison_work,manor_hx_29647,,Wyrmford,estate_surface_c58ac001fa063d430602,IE-013,future_not_operational,future_opportunity_reserve,ordinary_local,future_not_operational,,,,,,house_haumont_west_high_5yal,,,,,,not_applicable_until_operational,,,,,not_applicable_until_operational,,,,unknown_or_not_independently_admitted,unknown_or_not_independently_admitted,unknown_or_not_independently_admitted,unknown_or_not_independently_admitted,unknown_no_direct_current_condition_observation,1,false,false,false,admitted_security_facility_assignment_runtime_input,FOUNDER_APPROVED_PHASE_FIVE_SECURITY_MATERIALIZATION_2026_07_29
impproj_step5ec_b8d3f41aac09a0,fortification_project:impproj_step5ec_b8d3f41aac09a0,future_fortification,fortification_or_garrison_work,manor_hx_46466,,Harrowfield,estate_surface_8c25736efe87194e256b,IE-013,future_not_operational,future_opportunity_reserve,ordinary_local,future_not_operational,,,,,,house_xainval_high_lpfv,,,,,,not_applicable_until_operational,,,,,not_applicable_until_operational,,,,unknown_or_not_independently_admitted,unknown_or_not_independently_admitted,unknown_or_not_independently_admitted,unknown_or_not_independently_admitted,unknown_no_direct_current_condition_observation,1,false,false,false,admitted_security_facility_assignment_runtime_input,FOUNDER_APPROVED_PHASE_FIVE_SECURITY_MATERIALIZATION_2026_07_29
impproj_step5ec_bf64be18b63448,fortification_project:impproj_step5ec_bf64be18b63448,inherited_fortification,fortification_or_garrison_work,manor_hx_32186,,Wyrmford,estate_surface_6a0f54cb9746141f1350,IE-013,active,inherited_modernization_routine_maintenance,ordinary_local,ordinary_local_coverage,,,security-fortification-profile:impproj_step5ec_bf64be18b63448,,,006a_bishopric_wyrmford_anchor_pending,,,cri2_ff82dec35d1c81abc0971c81,t0p_a29760dc7c6be5911465b37f,Arnaud Lister,not_a_franchise,,,,,not_a_revenue_right,,,,not_independently_admitted,not_independently_admitted,not_independently_admitted,not_independently_admitted,unknown_no_direct_current_condition_observation,1,false,false,true,admitted_security_facility_assignment_runtime_input,FOUNDER_APPROVED_PHASE_FIVE_SECURITY_MATERIALIZATION_2026_07_29
impproj_step5ec_c76af8242a0e6a,fortification_project:impproj_step5ec_c76af8242a0e6a,future_fortification,fortification_or_garrison_work,manor_hx_48479,,Ivydale,estate_surface_74c6df13c6e64befc6fd,IE-013,future_not_operational,future_opportunity_reserve,ordinary_local,future_not_operational,,,,,,house_lormont_bridge_south_0s33,,,,,,not_applicable_until_operational,,,,,not_applicable_until_operational,,,,unknown_or_not_independently_admitted,unknown_or_not_independently_admitted,unknown_or_not_independently_admitted,unknown_or_not_independently_admitted,unknown_no_direct_current_condition_observation,1,false,false,false,admitted_security_facility_assignment_runtime_input,FOUNDER_APPROVED_PHASE_FIVE_SECURITY_MATERIALIZATION_2026_07_29
impproj_step5ec_cba28e7c18ac78,fortification_project:impproj_step5ec_cba28e7c18ac78,future_fortification,fortification_or_garrison_work,manor_hx_38963,,Orchardmere,estate_surface_456b7d1a6bc426513ecc,IE-013,future_not_operational,future_opportunity_reserve,ordinary_local,future_not_operational,,,,,,house_carvayne_stone_court_5t8c,,,,,,not_applicable_until_operational,,,,,not_applicable_until_operational,,,,unknown_or_not_independently_admitted,unknown_or_not_independently_admitted,unknown_or_not_independently_admitted,unknown_or_not_independently_admitted,unknown_no_direct_current_condition_observation,1,false,false,false,admitted_security_facility_assignment_runtime_input,FOUNDER_APPROVED_PHASE_FIVE_SECURITY_MATERIALIZATION_2026_07_29
impproj_step5ec_d2bb4030578546,fortification_project:impproj_step5ec_d2bb4030578546,future_fortification,fortification_or_garrison_work,manor_hx_45669,,Ivydale,estate_surface_7dd01bd222207e00371d,IE-013,future_not_operational,florent_county_initiative_current_site_candidate,ordinary_local,future_not_operational,,,,,,house_tourenne_high_tfx8,,,,,,not_applicable_until_operational,,,,,not_applicable_until_operational,,,,unknown_or_not_independently_admitted,unknown_or_not_independently_admitted,unknown_or_not_independently_admitted,unknown_or_not_independently_admitted,unknown_no_direct_current_condition_observation,1,false,false,false,admitted_security_facility_assignment_runtime_input,FOUNDER_APPROVED_PHASE_FIVE_SECURITY_MATERIALIZATION_2026_07_29
impproj_step5ec_d6f2292ca2f024,fortification_project:impproj_step5ec_d6f2292ca2f024,inherited_fortification,fortification_or_garrison_work,manor_hx_48450,,Harrowfield,estate_surface_b0e493cb8f804da30308,IE-013,active,inherited_major_rehabilitation_candidate,ordinary_local,ordinary_local_coverage,,,security-fortification-profile:impproj_step5ec_d6f2292ca2f024,,,church_fief_hx_48450,,,cri2_f634966e725fd071c459e45a,t0p_166fa44bbb3d24e56223c33f,Osbert Carter,not_a_franchise,,,,,not_a_revenue_right,,,,not_independently_admitted,not_independently_admitted,not_independently_admitted,not_independently_admitted,unknown_no_direct_current_condition_observation,1,false,false,true,admitted_security_facility_assignment_runtime_input,FOUNDER_APPROVED_PHASE_FIVE_SECURITY_MATERIALIZATION_2026_07_29
impproj_step5ec_e27489c9b109cb,fortification_project:impproj_step5ec_e27489c9b109cb,future_fortification,fortification_or_garrison_work,manor_hx_33577,,Wyrmford,estate_surface_d0843a91c71998e1c0ed,IE-013,future_not_operational,florent_county_initiative_current_site_candidate,ordinary_local,future_not_operational,,,,,,006a_bishopric_wyrmford_anchor_pending,,,,,,not_applicable_until_operational,,,,,not_applicable_until_operational,,,,unknown_or_not_independently_admitted,unknown_or_not_independently_admitted,unknown_or_not_independently_admitted,unknown_or_not_independently_admitted,unknown_no_direct_current_condition_observation,1,false,false,false,admitted_security_facility_assignment_runtime_input,FOUNDER_APPROVED_PHASE_FIVE_SECURITY_MATERIALIZATION_2026_07_29
impproj_step5ec_fec3446101aa9f,fortification_project:impproj_step5ec_fec3446101aa9f,future_fortification,fortification_or_garrison_work,manor_hx_29688,,Bramholt,estate_surface_39858779c3de49b18764,IE-013,future_not_operational,florent_county_initiative_current_site_candidate,ordinary_local,future_not_operational,,,,,,house_ivrel_river_tg4k,,,,,,not_applicable_until_operational,,,,,not_applicable_until_operational,,,,unknown_or_not_independently_admitted,unknown_or_not_independently_admitted,unknown_or_not_independently_admitted,unknown_or_not_independently_admitted,unknown_no_direct_current_condition_observation,1,false,false,false,admitted_security_facility_assignment_runtime_input,FOUNDER_APPROVED_PHASE_FIVE_SECURITY_MATERIALIZATION_2026_07_29
planned_crown_direct_little_reed_bridge_watch,existing_crown_direct:little_reed_bridge_watch,existing_bridge_watch,existing_bridge_watch_rehabilitation,manor_hx_34196,lcu_registry_sett_hx_34196,Merewatch,estate_surface_3dfc5336ef603f438ae4,IE-009,active,founder_locked_existing_bridge_watch_rehabilitation,ordinary_local,ordinary_local_coverage,,,,,,institution:royal_government_crownwick (Crown-direct bridge/watch rehabilitation),,,cri2_80b89f8d8692349801de0fe3,t0p_e297082710ca9e73ac859254,Herbert Chapman the Younger,not_a_franchise,,,,,not_a_revenue_right,,,,unknown_or_not_independently_admitted,unknown_or_not_independently_admitted,unknown_or_not_independently_admitted,unknown_or_not_independently_admitted,unknown_no_direct_current_condition_observation,1,false,false,true,admitted_security_facility_assignment_runtime_input,FOUNDER_APPROVED_PHASE_FIVE_SECURITY_MATERIALIZATION_2026_07_29
uatfacility_0079dd1f28333e4e10f89d12,specialized_facility:STEP6DB-RIGHT-SELECTED-000024:market_hx_34724_390,local_functional_facility,market,manor_hx_34724,lcu_rural_manor_hx_34724,Larkspire,estate_surface_3077d72227e3ab4a4220,IE-010,active,,functional_custody,functional_custodian,,security-custody:uatfacility_0079dd1f28333e4e10f89d12,,STEP6DB-RIGHT-SELECTED-000024,market_fair_franchise,house:house_serevin_south_x1ub,house:house_serevin_south_x1ub,institution:royal_crown_falvier_apparatus,cri2_18d2b4b7a4c114f522e4ba5c,t0p_05cc9071626e016edbd348cd,Hugh Rolls the Red,candidate_exact_owner_not_admitted,,courtos.responsibility.franchise_operations:uatfacility_0079dd1f28333e4e10f89d12,t0p_0ea3406eb9e26599d5229617,Fulke of Larkspire,candidate_exact_owner_not_admitted,courtos.responsibility.revenue_right_administration_collection:uatfacility_0079dd1f28333e4e10f89d12,t0p_0ea3406eb9e26599d5229617,Fulke of Larkspire,unknown_or_not_independently_admitted,unknown_or_not_independently_admitted,unknown_or_not_independently_admitted,unknown_or_not_independently_admitted,unknown_no_direct_current_condition_observation,1,false,false,true,admitted_security_facility_assignment_runtime_input,FOUNDER_APPROVED_PHASE_FIVE_SECURITY_MATERIALIZATION_2026_07_29
uatfacility_0093679e8b31743474729f24,specialized_facility:STEP6DB-RIGHT-SELECTED-000102:market_hx_51555_666,local_functional_facility,market,manor_hx_51555,lcu_rural_manor_hx_51555,Ivydale,estate_surface_205032bba4d1292a9c0b,IE-010,active,,functional_custody,functional_custodian,,security-custody:uatfacility_0093679e8b31743474729f24,,STEP6DB-RIGHT-SELECTED-000102,market_fair_franchise,house:house_perravel_upper_xw5t,house:house_perravel_upper_xw5t,institution:royal_crown_falvier_apparatus,cri2_e6cdf2df61800edd1262c519,t0p_4dfb6ad2fa7ee9e0b4873f33,"Theobald Webber, manor bailiff reeve",candidate_exact_owner_not_admitted,,courtos.responsibility.franchise_operations:uatfacility_0093679e8b31743474729f24,t0p_cb513ccd9fb5f7d92104777a,Ralph of Coppiceholt,candidate_exact_owner_not_admitted,courtos.responsibility.revenue_right_administration_collection:uatfacility_0093679e8b31743474729f24,t0p_cb513ccd9fb5f7d92104777a,Ralph of Coppiceholt,unknown_or_not_independently_admitted,unknown_or_not_independently_admitted,unknown_or_not_independently_admitted,unknown_or_not_independently_admitted,unknown_no_direct_current_condition_observation,1,false,false,true,admitted_security_facility_assignment_runtime_input,FOUNDER_APPROVED_PHASE_FIVE_SECURITY_MATERIALIZATION_2026_07_29
uatfacility_046fae7508fe6ebc0f1b6e8a,specialized_facility:STEP6DB-RIGHT-SELECTED-000180:storage_or_granary_candidate_hx_28841_91,local_functional_facility,storage_or_granary_candidate,manor_hx_28841,lcu_registry_sett_hx_28841,Bramholt,estate_surface_04bbb2a09708926ad510,IE-002,active,,functional_custody,functional_custodian,,security-custody:uatfacility_046fae7508fe6ebc0f1b6e8a,,STEP6DB-RIGHT-SELECTED-000180,fishery_storage_water_transport,institution:bishopric_of_kestrelford,institution:bishopric_of_kestrelford,institution:bishopric_of_kestrelford,cri2_2236fe1eae89007549cba850,t0p_aba601e40751f791f5756d72,Martin Nott,candidate_exact_owner_not_admitted,,courtos.responsibility.franchise_operations:uatfacility_046fae7508fe6ebc0f1b6e8a,t0p_9d5c48a65c7c3366d70f63a1,Hakon of Ashbridge,candidate_exact_owner_not_admitted,courtos.responsibility.revenue_right_administration_collection:uatfacility_046fae7508fe6ebc0f1b6e8a,t0p_9d5c48a65c7c3366d70f63a1,Hakon of Ashbridge,unknown_or_not_independently_admitted,unknown_or_not_independently_admitted,unknown_or_not_independently_admitted,unknown_or_not_independently_admitted,unknown_no_direct_current_condition_observation,1,false,false,true,admitted_security_facility_assignment_runtime_input,FOUNDER_APPROVED_PHASE_FIVE_SECURITY_MATERIALIZATION_2026_07_29
uatfacility_04e0d6771c1595509426f7c5,specialized_facility:STEP6DB-RIGHT-SELECTED-000091:market_hx_49063_202,local_functional_facility,market,manor_hx_49063,lcu_registry_sett_hx_49063,Glastonmere,estate_surface_33ddb2680418b501ad05,IE-010,active,,functional_custody,functional_custodian,,security-custody:uatfacility_04e0d6771c1595509426f7c5,,STEP6DB-RIGHT-SELECTED-000091,market_fair_franchise,institution:royal_crown_falvier_apparatus,institution:royal_crown_falvier_apparatus,institution:royal_crown_falvier_apparatus,cri2_be4177de9c952bb9d5fbe441,t0p_f1da7252fafad7997a61775a,Thierry Packer the Elder,candidate_exact_owner_not_admitted,,courtos.responsibility.franchise_operations:uatfacility_04e0d6771c1595509426f7c5,t0p_1f9ab077e95092653d560763,Florent Falvier,candidate_exact_owner_not_admitted,courtos.responsibility.revenue_right_administration_collection:uatfacility_04e0d6771c1595509426f7c5,t0p_1f9ab077e95092653d560763,Florent Falvier,unknown_or_not_independently_admitted,unknown_or_not_independently_admitted,unknown_or_not_independently_admitted,unknown_or_not_independently_admitted,unknown_no_direct_current_condition_observation,1,false,false,true,admitted_security_facility_assignment_runtime_input,FOUNDER_APPROVED_PHASE_FIVE_SECURITY_MATERIALIZATION_2026_07_29
uatfacility_059c75e724f701f63614dacc,specialized_facility:STEP6DB-RIGHT-SELECTED-000008:market_hx_31094_98,local_functional_facility,market,manor_hx_31094,lcu_registry_sett_hx_31094,Bramholt,estate_surface_5b1e118c9f521839c2b7,IE-010,active,,functional_custody,functional_custodian,,security-custody:uatfacility_059c75e724f701f63614dacc,,STEP6DB-RIGHT-SELECTED-000008,market_fair_franchise,institution:bishopric_of_kestrelford,institution:bishopric_of_kestrelford,institution:royal_crown_falvier_apparatus,cri2_f477d25f2b8785e001a7c1bf,t0p_5b30a3b25748a54287abacf7,Herbert Nott the Younger,candidate_exact_owner_not_admitted,,courtos.responsibility.franchise_operations:uatfacility_059c75e724f701f63614dacc,t0p_9d5c48a65c7c3366d70f63a1,Hakon of Ashbridge,candidate_exact_owner_not_admitted,courtos.responsibility.revenue_right_administration_collection:uatfacility_059c75e724f701f63614dacc,t0p_9d5c48a65c7c3366d70f63a1,Hakon of Ashbridge,unknown_or_not_independently_admitted,unknown_or_not_independently_admitted,unknown_or_not_independently_admitted,unknown_or_not_independently_admitted,unknown_no_direct_current_condition_observation,1,false,false,true,admitted_security_facility_assignment_runtime_input,FOUNDER_APPROVED_PHASE_FIVE_SECURITY_MATERIALIZATION_2026_07_29
uatfacility_060634b88ec2bdcffdddd2a6,specialized_facility:STEP6DB-RIGHT-SELECTED-000144:toll_point_hx_40104_58,controlled_crossing,toll_point,manor_hx_40104,lcu_rural_manor_hx_40104,Crowmarsh,estate_surface_db7c62c308b5960f0fff,IE-009,active,,named_post,named_post_covered,security-post:crossing:uatfacility_060634b88ec2bdcffdddd2a6,,,STEP6DB-RIGHT-SELECTED-000144,bridge_ferry_toll_route,house:house_haumont_gate_noo1,house:house_haumont_gate_noo1,institution:royal_crown_falvier_apparatus,cri2_fc05b88856df64105c3b1abc,t0p_ac01f99484543e5f6d72d0de,Richard Green the Elder,candidate_exact_owner_not_admitted,,courtos.responsibility.franchise_operations:uatfacility_060634b88ec2bdcffdddd2a6,t0p_4d8d67ca71153dd75c23658d,Guillaume of Crowmarsh,candidate_exact_owner_not_admitted,courtos.responsibility.revenue_right_administration_collection:uatfacility_060634b88ec2bdcffdddd2a6,t0p_3fcf0196fc6a49f0cfd944d8,Guillaume Archer,unknown_or_not_independently_admitted,unknown_or_not_independently_admitted,unknown_or_not_independently_admitted,unknown_or_not_independently_admitted,unknown_no_direct_current_condition_observation,1,false,false,true,admitted_security_facility_assignment_runtime_input,FOUNDER_APPROVED_PHASE_FIVE_SECURITY_MATERIALIZATION_2026_07_29
uatfacility_06c2c2fc8fee16269265a51a,specialized_facility:STEP6DB-RIGHT-SELECTED-000055:market_hx_39744_166,local_functional_facility,market,manor_hx_39744,lcu_registry_sett_hx_39744,Eldham,estate_surface_662ecd61fc914a4ddf8f,IE-010,active,,functional_custody,functional_custodian,,security-custody:uatfacility_06c2c2fc8fee16269265a51a,,STEP6DB-RIGHT-SELECTED-000055,market_fair_franchise,institution:bishopric_of_dunmere,institution:bishopric_of_dunmere,institution:royal_crown_falvier_apparatus,cri2_41dfec6992aafbffc4c2ef56,t0p_e046398b7798acf6ace3ca5c,Stephen Sealer the Elder,candidate_exact_owner_not_admitted,,courtos.responsibility.franchise_operations:uatfacility_06c2c2fc8fee16269265a51a,t0p_f923b27f5d0201454ff85eac,William of Broadhallow Court,candidate_exact_owner_not_admitted,courtos.responsibility.revenue_right_administration_collection:uatfacility_06c2c2fc8fee16269265a51a,t0p_f923b27f5d0201454ff85eac,William of Broadhallow Court,unknown_or_not_independently_admitted,unknown_or_not_independently_admitted,unknown_or_not_independently_admitted,unknown_or_not_independently_admitted,unknown_no_direct_current_condition_observation,1,false,false,true,admitted_security_facility_assignment_runtime_input,FOUNDER_APPROVED_PHASE_FIVE_SECURITY_MATERIALIZATION_2026_07_29
uatfacility_06d310db88fd3349ee425a77,specialized_facility:STEP6DB-RIGHT-SELECTED-000176:fishery_candidate_hx_35305_704,local_functional_facility,fishery_candidate,manor_hx_35305,lcu_rural_manor_hx_35305,Orchardmere,estate_surface_e5b94bc6c7edca260ee4,IE-011,active,,functional_custody,functional_custodian,,security-custody:uatfacility_06d310db88fd3349ee425a77,,STEP6DB-RIGHT-SELECTED-000176,fishery_storage_water_transport,house:house_marelle_east_tok0,house:house_marelle_east_tok0,house:house_marelle_east_tok0,cri2_24331c641ea1d90beacf07fe,t0p_d7a8665bcc8278c0d256a5ad,Gerard Candler the Elder,candidate_exact_owner_not_admitted,,courtos.responsibility.franchise_operations:uatfacility_06d310db88fd3349ee425a77,t0p_10bc704d9cb65b3255b80916,Hugh the Elder of Hawkford,candidate_exact_owner_not_admitted,courtos.responsibility.revenue_right_administration_collection:uatfacility_06d310db88fd3349ee425a77,t0p_e8fa36ffb476f0499978d4bc,"Robert Woolman, market route records support",unknown_or_not_independently_admitted,unknown_or_not_independently_admitted,unknown_or_not_independently_admitted,unknown_or_not_independently_admitted,unknown_no_direct_current_condition_observation,1,false,false,true,admitted_security_facility_assignment_runtime_input,FOUNDER_APPROVED_PHASE_FIVE_SECURITY_MATERIALIZATION_2026_07_29
uatfacility_073a29a9b06253a23465fe39,specialized_facility:STEP6DB-RIGHT-SELECTED-000088:market_hx_48494_633,local_functional_facility,market,manor_hx_48494,lcu_rural_manor_hx_48494,Alderwick,estate_surface_184aa44e0b0f542d3729,IE-010,active,,functional_custody,functional_custodian,,security-custody:uatfacility_073a29a9b06253a23465fe39,,STEP6DB-RIGHT-SELECTED-000088,market_fair_franchise,house:house_falvier_gate_a7np,house:house_falvier_gate_a7np,institution:royal_crown_falvier_apparatus,cri2_502f17c2ec2411b03b0cef68,t0p_a4cfa5d8775d6cc690ac238b,Arnold Black,candidate_exact_owner_not_admitted,,courtos.responsibility.franchise_operations:uatfacility_073a29a9b06253a23465fe39,t0p_6c3fdfa1961b4ce2b1a38e61,Richard of Sandstow,candidate_exact_owner_not_admitted,courtos.responsibility.revenue_right_administration_collection:uatfacility_073a29a9b06253a23465fe39,t0p_a8ecb00799e323d73c96863c,"Robert Booker, market route records support",unknown_or_not_independently_admitted,unknown_or_not_independently_admitted,unknown_or_not_independently_admitted,unknown_or_not_independently_admitted,unknown_no_direct_current_condition_observation,1,false,false,true,admitted_security_facility_assignment_runtime_input,FOUNDER_APPROVED_PHASE_FIVE_SECURITY_MATERIALIZATION_2026_07_29
uatfacility_0772e4f457b3a48c1d2cb651,specialized_facility:STEP6DB-RIGHT-SELECTED-000094:market_hx_49619_649,local_functional_facility,market,manor_hx_49619,lcu_rural_manor_hx_49619,Alderwick,estate_surface_901deaadb6ff35c0d385,IE-010,active,,functional_custody,functional_custodian,,security-custody:uatfacility_0772e4f457b3a48c1d2cb651,,STEP6DB-RIGHT-SELECTED-000094,market_fair_franchise,institution:royal_crown_falvier_apparatus,institution:royal_crown_falvier_apparatus,institution:royal_crown_falvier_apparatus,cri2_8965c955f9b7ac231b26b536,t0p_cf545eaa9e1b4748865da003,Odo Ashwood,candidate_exact_owner_not_admitted,,courtos.responsibility.franchise_operations:uatfacility_0772e4f457b3a48c1d2cb651,t0p_1f9ab077e95092653d560763,Florent Falvier,candidate_exact_owner_not_admitted,courtos.responsibility.revenue_right_administration_collection:uatfacility_0772e4f457b3a48c1d2cb651,t0p_1f9ab077e95092653d560763,Florent Falvier,unknown_or_not_independently_admitted,unknown_or_not_independently_admitted,unknown_or_not_independently_admitted,unknown_or_not_independently_admitted,unknown_no_direct_current_condition_observation,1,false,false,true,admitted_security_facility_assignment_runtime_input,FOUNDER_APPROVED_PHASE_FIVE_SECURITY_MATERIALIZATION_2026_07_29
uatfacility_089dc510d271d4be5fe4144a,specialized_facility:STEP6DB-RIGHT-SELECTED-000158:manor_hx_35593,port_harbor,ports_coastal_external_market_context,manor_hx_35593,,Merewatch,estate_surface_3280fb54dd4cdc78942e,IE-011,active,,named_post,named_post_covered,security-post:port:uatfacility_089dc510d271d4be5fe4144a,,,STEP6DB-RIGHT-SELECTED-000158,ports_coastal_external_market,institution:royal_crown_falvier_apparatus,institution:royal_crown_falvier_apparatus,institution:royal_crown_falvier_apparatus,cri2_bedfa8d0e9ac8dd758bf93a4,t0p_cadd32b55543b8d0a8642822,Peter Nott the Younger,current_conditional_instance,cri2_58817adf843ff5ce13a1e790,,,,candidate_exact_owner_not_admitted,courtos.responsibility.revenue_right_administration_collection:uatfacility_089dc510d271d4be5fe4144a,t0p_1f9ab077e95092653d560763,Florent Falvier,unknown_or_not_independently_admitted,unknown_or_not_independently_admitted,unknown_or_not_independently_admitted,unknown_or_not_independently_admitted,unknown_no_direct_current_condition_observation,1,false,false,true,admitted_security_facility_assignment_runtime_input,FOUNDER_APPROVED_PHASE_FIVE_SECURITY_MATERIALIZATION_2026_07_29
uatfacility_09ee9cc10c4d4698a83b0951,specialized_facility:STEP6DB-RIGHT-SELECTED-000074:market_hx_44573_184,local_functional_facility,market,manor_hx_44573,lcu_registry_sett_hx_44573,Glastonmere,estate_surface_78f33c195edc9293d99d,IE-010,active,,functional_custody,functional_custodian,,security-custody:uatfacility_09ee9cc10c4d4698a83b0951,,STEP6DB-RIGHT-SELECTED-000074,market_fair_franchise,institution:archbishopric_of_eldham,institution:archbishopric_of_eldham,institution:royal_crown_falvier_apparatus,cri2_fdeae0239638ab091480d1e6,t0p_a0330c5ebc54fec7656e07d6,Michael Cooper the Younger,candidate_exact_owner_not_admitted,,courtos.responsibility.franchise_operations:uatfacility_09ee9cc10c4d4698a83b0951,t0p_88d57d06b225ec41a0d64823,John the Elder of Eldham,candidate_exact_owner_not_admitted,courtos.responsibility.revenue_right_administration_collection:uatfacility_09ee9cc10c4d4698a83b0951,t0p_88d57d06b225ec41a0d64823,John the Elder of Eldham,unknown_or_not_independently_admitted,unknown_or_not_independently_admitted,unknown_or_not_independently_admitted,unknown_or_not_independently_admitted,unknown_no_direct_current_condition_observation,1,false,false,true,admitted_security_facility_assignment_runtime_input,FOUNDER_APPROVED_PHASE_FIVE_SECURITY_MATERIALIZATION_2026_07_29
uatfacility_0b3436146af20ce4a766c5e2,specialized_facility:STEP6DB-RIGHT-SELECTED-000136:toll_point_hx_29126_10,controlled_crossing,toll_point,manor_hx_29126,lcu_registry_sett_hx_29126,Bramholt,estate_surface_9212ccfecb263594cfb6,IE-009,active,,named_post,named_post_covered,security-post:crossing:uatfacility_0b3436146af20ce4a766c5e2,,,STEP6DB-RIGHT-SELECTED-000136,bridge_ferry_toll_route,house:house_arcemont_lower_oy6l,house:house_arcemont_lower_oy6l,institution:royal_crown_falvier_apparatus,cri2_bfec2f8a099267debf1eaccf,t0p_198ad8d78941783f8f1168a6,Robert Longfield,candidate_exact_owner_not_admitted,,courtos.responsibility.franchise_operations:uatfacility_0b3436146af20ce4a766c5e2,t0p_d1fb4e942216a71b49afe735,Adam Penny,candidate_exact_owner_not_admitted,courtos.responsibility.revenue_right_administration_collection:uatfacility_0b3436146af20ce4a766c5e2,t0p_269ec895192a4e3b54cbe8c5,Odo Waterfield the Elder,unknown_or_not_independently_admitted,unknown_or_not_independently_admitted,unknown_or_not_independently_admitted,unknown_or_not_independently_admitted,unknown_no_direct_current_condition_observation,1,false,false,true,admitted_security_facility_assignment_runtime_input,FOUNDER_APPROVED_PHASE_FIVE_SECURITY_MATERIALIZATION_2026_07_29
uatfacility_0d71febbce4e66f88cc4f007,specialized_facility:STEP6DB-RIGHT-SELECTED-000038:market_hx_37279_449,local_functional_facility,market,manor_hx_37279,lcu_rural_manor_hx_37279,Orchardmere,estate_surface_3e580e76e1e3ec89a4c8,IE-010,active,,functional_custody,functional_custodian,,security-custody:uatfacility_0d71febbce4e66f88cc4f007,,STEP6DB-RIGHT-SELECTED-000038,market_fair_franchise,house:house_nerac_gate_u640,house:house_nerac_gate_u640,institution:royal_crown_falvier_apparatus,cri2_193153ecc1e286acf5cbe62a,t0p_5e705891ba9244eb4b233531,Adam Riverfield the Elder,candidate_exact_owner_not_admitted,,courtos.responsibility.franchise_operations:uatfacility_0d71febbce4e66f88cc4f007,t0p_9aacb0c7552db8b7dce60094,Walter the Elder of Greenwick Hall,candidate_exact_owner_not_admitted,courtos.responsibility.revenue_right_administration_collection:uatfacility_0d71febbce4e66f88cc4f007,t0p_b865ff7bbe13b19642d122f7,William White,unknown_or_not_independently_admitted,unknown_or_not_independently_admitted,unknown_or_not_independently_admitted,unknown_or_not_independently_admitted,unknown_no_direct_current_condition_observation,1,false,false,true,admitted_security_facility_assignment_runtime_input,FOUNDER_APPROVED_PHASE_FIVE_SECURITY_MATERIALIZATION_2026_07_29
uatfacility_0dd3d1da942df9cadc0df222,specialized_facility:STEP6DB-RIGHT-SELECTED-000100:market_hx_51274_210,local_functional_facility,market,manor_hx_51274,lcu_registry_sett_hx_51274,Ivydale,estate_surface_25e920310aa715a41623,IE-010,active,,functional_custody,functional_custodian,,security-custody:uatfacility_0dd3d1da942df9cadc0df222,,STEP6DB-RIGHT-SELECTED-000100,market_fair_franchise,institution:bishopric_of_harrowfield,institution:bishopric_of_harrowfield,institution:royal_crown_falvier_apparatus,cri2_47ceb566a9c7b0ac19d936db,t0p_5774fafed11313cf278fc346,Aylwin Rider the Elder,candidate_exact_owner_not_admitted,,courtos.responsibility.franchise_operations:uatfacility_0dd3d1da942df9cadc0df222,t0p_e2e2034c29e9b248f6c28f01,Arnketil the Elder of Greenbrook,candidate_exact_owner_not_admitted,courtos.responsibility.revenue_right_administration_collection:uatfacility_0dd3d1da942df9cadc0df222,t0p_e2e2034c29e9b248f6c28f01,Arnketil the Elder of Greenbrook,unknown_or_not_independently_admitted,unknown_or_not_independently_admitted,unknown_or_not_independently_admitted,unknown_or_not_independently_admitted,unknown_no_direct_current_condition_observation,1,false,false,true,admitted_security_facility_assignment_runtime_input,FOUNDER_APPROVED_PHASE_FIVE_SECURITY_MATERIALIZATION_2026_07_29
uatfacility_0e0e79c92f69f7173bc7901a,specialized_facility:STEP6DB-RIGHT-SELECTED-000161:manor_hx_36663,port_harbor,ports_coastal_external_market_context,manor_hx_36663,,Eldham,estate_surface_052eff539207730956c5,IE-011,active,,named_post,named_post_covered,security-post:port:uatfacility_0e0e79c92f69f7173bc7901a,,,STEP6DB-RIGHT-SELECTED-000161,ports_coastal_external_market,institution:royal_crown_falvier_apparatus,institution:royal_crown_falvier_apparatus,institution:royal_crown_falvier_apparatus,cri2_ac659fe2d083be851ab0e7e8,t0p_0a1a28bbb48ef783f054c1d4,Osbert Candler,current_conditional_instance,cri2_c6ff1c4c9689ca9fa5effb08,,,,candidate_exact_owner_not_admitted,courtos.responsibility.revenue_right_administration_collection:uatfacility_0e0e79c92f69f7173bc7901a,t0p_1f9ab077e95092653d560763,Florent Falvier,unknown_or_not_independently_admitted,unknown_or_not_independently_admitted,unknown_or_not_independently_admitted,unknown_or_not_independently_admitted,unknown_no_direct_current_condition_observation,1,false,false,true,admitted_security_facility_assignment_runtime_input,FOUNDER_APPROVED_PHASE_FIVE_SECURITY_MATERIALIZATION_2026_07_29
uatfacility_0f627fa257fe90d51400d977,specialized_facility:STEP6DB-RIGHT-SELECTED-000163:manor_hx_58851,port_harbor,ports_coastal_external_market_context,manor_hx_58851,,Kestrelford,estate_surface_7456e8337065c25c571c,IE-011,active,,named_post,named_post_covered,security-post:port:uatfacility_0f627fa257fe90d51400d977,,,STEP6DB-RIGHT-SELECTED-000163,ports_coastal_external_market,institution:royal_crown_falvier_apparatus,institution:royal_crown_falvier_apparatus,institution:royal_crown_falvier_apparatus,cri2_b566fd024d519a483cb9fb9b,t0p_5642a71308073ba5341cf069,Richard Hayward the Elder,current_conditional_instance,cri2_c4ef3ac7386e4d6d91fed675,,,,candidate_exact_owner_not_admitted,courtos.responsibility.revenue_right_administration_collection:uatfacility_0f627fa257fe90d51400d977,t0p_1f9ab077e95092653d560763,Florent Falvier,unknown_or_not_independently_admitted,unknown_or_not_independently_admitted,unknown_or_not_independently_admitted,unknown_or_not_independently_admitted,unknown_no_direct_current_condition_observation,1,false,false,true,admitted_security_facility_assignment_runtime_input,FOUNDER_APPROVED_PHASE_FIVE_SECURITY_MATERIALIZATION_2026_07_29
uatfacility_109ff694d3f9df4e9285cca5,specialized_facility:STEP6DB-RIGHT-SELECTED-000026:market_hx_35282_404,local_functional_facility,market,manor_hx_35282,lcu_rural_manor_hx_35282,Northwych,estate_surface_01f484a7e98f996a1def,IE-010,active,,functional_custody,functional_custodian,,security-custody:uatfacility_109ff694d3f9df4e9285cca5,,STEP6DB-RIGHT-SELECTED-000026,market_fair_franchise,house:house_yvrande_lower_a4t7,house:house_yvrande_lower_a4t7,institution:royal_crown_falvier_apparatus,cri2_3bde9275b926ab1045abee5e,t0p_b5303fd8e1d79c7d4d7828c2,Reginald Toller the Elder,candidate_exact_owner_not_admitted,,courtos.responsibility.franchise_operations:uatfacility_109ff694d3f9df4e9285cca5,t0p_d39c5036aa07b0a64f002cbd,Hamel the Elder of Wyrmford,candidate_exact_owner_not_admitted,courtos.responsibility.revenue_right_administration_collection:uatfacility_109ff694d3f9df4e9285cca5,t0p_d39c5036aa07b0a64f002cbd,Hamel the Elder of Wyrmford,unknown_or_not_independently_admitted,unknown_or_not_independently_admitted,unknown_or_not_independently_admitted,unknown_or_not_independently_admitted,unknown_no_direct_current_condition_observation,1,false,false,true,admitted_security_facility_assignment_runtime_input,FOUNDER_APPROVED_PHASE_FIVE_SECURITY_MATERIALIZATION_2026_07_29
uatfacility_126943206e16103234ffa548,specialized_facility:STEP6DB-RIGHT-SELECTED-000022:market_hx_34462_380,local_functional_facility,market,manor_hx_34462,lcu_rural_manor_hx_34462,Orchardmere,estate_surface_ad9605688280da737978,IE-010,active,,functional_custody,functional_custodian,,security-custody:uatfacility_126943206e16103234ffa548,,STEP6DB-RIGHT-SELECTED-000022,market_fair_franchise,house:house_marelle_east_tok0,house:house_marelle_east_tok0,institution:royal_crown_falvier_apparatus,cri2_360e66ea459d36bfa2ee61d1,t0p_e9c26b5fc33d0962aa49bb84,Nicholas Brewer,candidate_exact_owner_not_admitted,,courtos.responsibility.franchise_operations:uatfacility_126943206e16103234ffa548,t0p_10bc704d9cb65b3255b80916,Hugh the Elder of Hawkford,candidate_exact_owner_not_admitted,courtos.responsibility.revenue_right_administration_collection:uatfacility_126943206e16103234ffa548,t0p_e8fa36ffb476f0499978d4bc,"Robert Woolman, market route records support",unknown_or_not_independently_admitted,unknown_or_not_independently_admitted,unknown_or_not_independently_admitted,unknown_or_not_independently_admitted,unknown_no_direct_current_condition_observation,1,false,false,true,admitted_security_facility_assignment_runtime_input,FOUNDER_APPROVED_PHASE_FIVE_SECURITY_MATERIALIZATION_2026_07_29
uatfacility_1380a9e619c77c49b52f5551,specialized_facility:STEP6DB-RIGHT-SELECTED-000045:market_hx_38340_154,local_functional_facility,market,manor_hx_38340,lcu_registry_sett_hx_38340,Dunmere,estate_surface_4a8403c63ff2cf44d497,IE-010,active,,functional_custody,functional_custodian,,security-custody:uatfacility_1380a9e619c77c49b52f5551,,STEP6DB-RIGHT-SELECTED-000045,market_fair_franchise,institution:bishopric_of_dunmere,institution:bishopric_of_dunmere,institution:royal_crown_falvier_apparatus,cri2_20355d5fb8afb79ba28bba13,t0p_7da2ab9cee0ee1e7535a616c,Edwin Webber the Younger,candidate_exact_owner_not_admitted,,courtos.responsibility.franchise_operations:uatfacility_1380a9e619c77c49b52f5551,t0p_f923b27f5d0201454ff85eac,William of Broadhallow Court,candidate_exact_owner_not_admitted,courtos.responsibility.revenue_right_administration_collection:uatfacility_1380a9e619c77c49b52f5551,t0p_f923b27f5d0201454ff85eac,William of Broadhallow Court,unknown_or_not_independently_admitted,unknown_or_not_independently_admitted,unknown_or_not_independently_admitted,unknown_or_not_independently_admitted,unknown_no_direct_current_condition_observation,1,false,false,true,admitted_security_facility_assignment_runtime_input,FOUNDER_APPROVED_PHASE_FIVE_SECURITY_MATERIALIZATION_2026_07_29
uatfacility_13e6abf3515e49b7673dbe08,specialized_facility:STEP6DB-RIGHT-SELECTED-000159:manor_hx_35595,port_harbor,ports_coastal_external_market_context,manor_hx_35595,,Merewatch,estate_surface_7194599643a6157d011c,IE-011,active,,named_post,named_post_covered,security-post:port:uatfacility_13e6abf3515e49b7673dbe08,,,STEP6DB-RIGHT-SELECTED-000159,ports_coastal_external_market,institution:royal_crown_falvier_apparatus,institution:royal_crown_falvier_apparatus,institution:royal_crown_falvier_apparatus,cri2_5c4ea2ca3f0bf46ef3e2147e,t0p_db9db62a443edae62f010d60,Reginald Nott the Younger,current_conditional_instance,cri2_9656692ca0cd82411d63ecb1,,,,candidate_exact_owner_not_admitted,courtos.responsibility.revenue_right_administration_collection:uatfacility_13e6abf3515e49b7673dbe08,t0p_1f9ab077e95092653d560763,Florent Falvier,unknown_or_not_independently_admitted,unknown_or_not_independently_admitted,unknown_or_not_independently_admitted,unknown_or_not_independently_admitted,unknown_no_direct_current_condition_observation,1,false,false,true,admitted_security_facility_assignment_runtime_input,FOUNDER_APPROVED_PHASE_FIVE_SECURITY_MATERIALIZATION_2026_07_29
uatfacility_1667190525c58ab2c6737d7d,specialized_facility:STEP6DB-RIGHT-SELECTED-000095:market_hx_49894_651,local_functional_facility,market,manor_hx_49894,lcu_rural_manor_hx_49894,Alderwick,estate_surface_d75c60a3e282a683a4ef,IE-010,active,,functional_custody,functional_custodian,,security-custody:uatfacility_1667190525c58ab2c6737d7d,,STEP6DB-RIGHT-SELECTED-000095,market_fair_franchise,house:house_javern_ygeu,house:house_javern_ygeu,institution:royal_crown_falvier_apparatus,cri2_bbdb0f1c06a7d826e89a74a2,t0p_b6c8a7b94ae0c19f22fcdf2f,Thomas Scribner the Brown,candidate_exact_owner_not_admitted,,courtos.responsibility.franchise_operations:uatfacility_1667190525c58ab2c6737d7d,t0p_e0d4588fb0188a215d138ea1,Edward of Hallowham Hall Abbeyworth Court,candidate_exact_owner_not_admitted,courtos.responsibility.revenue_right_administration_collection:uatfacility_1667190525c58ab2c6737d7d,t0p_e0d4588fb0188a215d138ea1,Edward of Hallowham Hall Abbeyworth Court,unknown_or_not_independently_admitted,unknown_or_not_independently_admitted,unknown_or_not_independently_admitted,unknown_or_not_independently_admitted,unknown_no_direct_current_condition_observation,1,false,false,true,admitted_security_facility_assignment_runtime_input,FOUNDER_APPROVED_PHASE_FIVE_SECURITY_MATERIALIZATION_2026_07_29
uatfacility_16a8815568ea82a5d3fc1770,specialized_facility:STEP6DB-RIGHT-SELECTED-000132:fair_hx_54379_224,local_functional_facility,fair,manor_hx_54379,lcu_registry_sett_hx_54379,Alderwick,estate_surface_8a43529a48bbfd4e5891,IE-010,active,,functional_custody,functional_custodian,,security-custody:uatfacility_16a8815568ea82a5d3fc1770,,STEP6DB-RIGHT-SELECTED-000132,market_fair_franchise,institution:royal_crown_falvier_apparatus,baronial_demesne_fund:actor_baronial_demesne_replacement_candidate_03,institution:royal_crown_falvier_apparatus,cri2_24dbf85fe7a05ab957062a09,t0p_802b313d47db128127956f3b,Paul Longman the Younger,candidate_exact_owner_not_admitted,,courtos.responsibility.franchise_operations:uatfacility_16a8815568ea82a5d3fc1770,t0p_1f9ab077e95092653d560763,Florent Falvier,candidate_exact_owner_not_admitted,courtos.responsibility.revenue_right_administration_collection:uatfacility_16a8815568ea82a5d3fc1770,t0p_1f9ab077e95092653d560763,Florent Falvier,unknown_or_not_independently_admitted,unknown_or_not_independently_admitted,unknown_or_not_independently_admitted,unknown_or_not_independently_admitted,unknown_no_direct_current_condition_observation,1,false,false,true,admitted_security_facility_assignment_runtime_input,FOUNDER_APPROVED_PHASE_FIVE_SECURITY_MATERIALIZATION_2026_07_29
uatfacility_172609a00d4a77c574f2de7e,specialized_facility:STEP6DB-RIGHT-SELECTED-000025:market_hx_35003_129,local_functional_facility,market,manor_hx_35003,lcu_registry_sett_hx_35003,Larkspire,estate_surface_1fbb2b5fd1388ace0246,IE-010,active,,functional_custody,functional_custodian,,security-custody:uatfacility_172609a00d4a77c574f2de7e,,STEP6DB-RIGHT-SELECTED-000025,market_fair_franchise,institution:bishopric_of_merewatch,institution:bishopric_of_merewatch,institution:royal_crown_falvier_apparatus,cri2_d46b77c487f6d40f2d9fdf8f,t0p_7503c76b1e33afbe347b712c,Geoffrey Booker the Elder,candidate_exact_owner_not_admitted,,courtos.responsibility.franchise_operations:uatfacility_172609a00d4a77c574f2de7e,t0p_8c4963d1fe1829e440910c74,Ulric of Grimwold Court,candidate_exact_owner_not_admitted,courtos.responsibility.revenue_right_administration_collection:uatfacility_172609a00d4a77c574f2de7e,t0p_8c4963d1fe1829e440910c74,Ulric of Grimwold Court,unknown_or_not_independently_admitted,unknown_or_not_independently_admitted,unknown_or_not_independently_admitted,unknown_or_not_independently_admitted,unknown_no_direct_current_condition_observation,1,false,false,true,admitted_security_facility_assignment_runtime_input,FOUNDER_APPROVED_PHASE_FIVE_SECURITY_MATERIALIZATION_2026_07_29
uatfacility_190d475090876553c28b0a2c,specialized_facility:STEP6DB-RIGHT-SELECTED-000089:market_hx_48741_636,local_functional_facility,market,manor_hx_48741,lcu_rural_manor_hx_48741,Ivydale,estate_surface_dca6e3652083c3c94360,IE-010,active,,functional_custody,functional_custodian,,security-custody:uatfacility_190d475090876553c28b0a2c,,STEP6DB-RIGHT-SELECTED-000089,market_fair_franchise,house:house_falvier_field_high_l4w5,house:house_falvier_field_high_l4w5,institution:royal_crown_falvier_apparatus,cri2_581a72d2c829947af2b1a37d,t0p_b402356cdbd0943ba7743871,"Richard Longman, manor bailiff reeve",candidate_exact_owner_not_admitted,,courtos.responsibility.franchise_operations:uatfacility_190d475090876553c28b0a2c,t0p_3c4ec73426c1ec84c57fb960,Wouter of Dunware,candidate_exact_owner_not_admitted,courtos.responsibility.revenue_right_administration_collection:uatfacility_190d475090876553c28b0a2c,t0p_3c4ec73426c1ec84c57fb960,Wouter of Dunware,unknown_or_not_independently_admitted,unknown_or_not_independently_admitted,unknown_or_not_independently_admitted,unknown_or_not_independently_admitted,unknown_no_direct_current_condition_observation,1,false,false,true,admitted_security_facility_assignment_runtime_input,FOUNDER_APPROVED_PHASE_FIVE_SECURITY_MATERIALIZATION_2026_07_29
uatfacility_1a2addffe3be143aff1aa532,specialized_facility:STEP6DB-RIGHT-SELECTED-000099:market_hx_51273_662,local_functional_facility,market,manor_hx_51273,lcu_rural_manor_hx_51273,Ivydale,estate_surface_40e814799af831363655,IE-010,active,,functional_custody,functional_custodian,,security-custody:uatfacility_1a2addffe3be143aff1aa532,,STEP6DB-RIGHT-SELECTED-000099,market_fair_franchise,house:house_haumont_yqjc,house:house_haumont_yqjc,institution:royal_crown_falvier_apparatus,cri2_686fe5788710fff5ba9064db,t0p_fefea981ef1aac41e60a5a40,Ealdred the Elder of Falconhurst,candidate_exact_owner_not_admitted,,courtos.responsibility.franchise_operations:uatfacility_1a2addffe3be143aff1aa532,t0p_1621a63f89c5f5a25d51b74b,Martin of Fordbury Bannerham,candidate_exact_owner_not_admitted,courtos.responsibility.revenue_right_administration_collection:uatfacility_1a2addffe3be143aff1aa532,t0p_1621a63f89c5f5a25d51b74b,Martin of Fordbury Bannerham,unknown_or_not_independently_admitted,unknown_or_not_independently_admitted,unknown_or_not_independently_admitted,unknown_or_not_independently_admitted,unknown_no_direct_current_condition_observation,1,false,false,true,admitted_security_facility_assignment_runtime_input,FOUNDER_APPROVED_PHASE_FIVE_SECURITY_MATERIALIZATION_2026_07_29
uatfacility_1a8c43134405c8531b242991,specialized_facility:STEP6DB-RIGHT-SELECTED-000150:toll_point_hx_54663_79,controlled_crossing,toll_point,manor_hx_54663,lcu_registry_sett_hx_54379,Alderwick,estate_surface_43c0f70475acc7da5822,IE-009,active,,named_post,named_post_covered,security-post:crossing:uatfacility_1a8c43134405c8531b242991,,,STEP6DB-RIGHT-SELECTED-000150,bridge_ferry_toll_route,institution:royal_crown_falvier_apparatus,institution:royal_crown_falvier_apparatus,institution:royal_crown_falvier_apparatus,cri2_a33a87bfc73879b1b01ded48,t0p_cf545eaa9e1b4748865da003,Odo Ashwood,candidate_exact_owner_not_admitted,,courtos.responsibility.franchise_operations:uatfacility_1a8c43134405c8531b242991,t0p_72d901c3708f7e4355e0b3d6,Hugh the Younger of Broadhallow Court,candidate_exact_owner_not_admitted,courtos.responsibility.revenue_right_administration_collection:uatfacility_1a8c43134405c8531b242991,t0p_e89757ad77a93ff8ca054152,Gillis of Broadhallow Court,unknown_or_not_independently_admitted,unknown_or_not_independently_admitted,unknown_or_not_independently_admitted,unknown_or_not_independently_admitted,unknown_no_direct_current_condition_observation,1,false,false,true,admitted_security_facility_assignment_runtime_input,FOUNDER_APPROVED_PHASE_FIVE_SECURITY_MATERIALIZATION_2026_07_29
uatfacility_1b99148df7141ec079a0b123,specialized_facility:STEP6DB-RIGHT-SELECTED-000182:storage_or_granary_candidate_hx_34487_128,local_functional_facility,storage_or_granary_candidate,manor_hx_34487,lcu_registry_sett_hx_34487,Merewatch,estate_surface_9cd322b225b24acb5108,IE-002,active,,functional_custody,functional_custodian,,security-custody:uatfacility_1b99148df7141ec079a0b123,,STEP6DB-RIGHT-SELECTED-000182,fishery_storage_water_transport,institution:bishopric_of_merewatch,institution:bishopric_of_merewatch,institution:bishopric_of_merewatch,cri2_7508edf74990bd24b20e648e,t0p_454540a212f4addc4d412829,Richard Reader the Younger,candidate_exact_owner_not_admitted,,courtos.responsibility.franchise_operations:uatfacility_1b99148df7141ec079a0b123,t0p_8c4963d1fe1829e440910c74,Ulric of Grimwold Court,candidate_exact_owner_not_admitted,courtos.responsibility.revenue_right_administration_collection:uatfacility_1b99148df7141ec079a0b123,t0p_8c4963d1fe1829e440910c74,Ulric of Grimwold Court,unknown_or_not_independently_admitted,unknown_or_not_independently_admitted,unknown_or_not_independently_admitted,unknown_or_not_independently_admitted,unknown_no_direct_current_condition_observation,1,false,false,true,admitted_security_facility_assignment_runtime_input,FOUNDER_APPROVED_PHASE_FIVE_SECURITY_MATERIALIZATION_2026_07_29
uatfacility_1c8ad0b71df701482cfee97b,specialized_facility:STEP6DB-RIGHT-SELECTED-000016:market_hx_33891_368,local_functional_facility,market,manor_hx_33891,lcu_rural_manor_hx_33891,Larkspire,estate_surface_75233320060708f4fcb3,IE-010,active,,functional_custody,functional_custodian,,security-custody:uatfacility_1c8ad0b71df701482cfee97b,,STEP6DB-RIGHT-SELECTED-000016,market_fair_franchise,house:house_serevin_south_x1ub,house:house_serevin_south_x1ub,institution:royal_crown_falvier_apparatus,cri2_1802519982bf9ae1a6a951af,t0p_56c0b888a7deb42b4f1db610,John Granger the Elder,candidate_exact_owner_not_admitted,,courtos.responsibility.franchise_operations:uatfacility_1c8ad0b71df701482cfee97b,t0p_0ea3406eb9e26599d5229617,Fulke of Larkspire,candidate_exact_owner_not_admitted,courtos.responsibility.revenue_right_administration_collection:uatfacility_1c8ad0b71df701482cfee97b,t0p_0ea3406eb9e26599d5229617,Fulke of Larkspire,unknown_or_not_independently_admitted,unknown_or_not_independently_admitted,unknown_or_not_independently_admitted,unknown_or_not_independently_admitted,unknown_no_direct_current_condition_observation,1,false,false,true,admitted_security_facility_assignment_runtime_input,FOUNDER_APPROVED_PHASE_FIVE_SECURITY_MATERIALIZATION_2026_07_29
uatfacility_1eac6a9852387359ca01b429,specialized_facility:STEP6DB-RIGHT-SELECTED-000151:toll_point_hx_57175_84,controlled_crossing,toll_point,manor_hx_57175,lcu_rural_manor_hx_56893,Kestrelford,estate_surface_2ec585a65083a6c2cb0d,IE-009,active,,named_post,named_post_covered,security-post:crossing:uatfacility_1eac6a9852387359ca01b429,,,STEP6DB-RIGHT-SELECTED-000151,bridge_ferry_toll_route,house:house_falvier_hill_48fn,house:house_falvier_hill_48fn,institution:royal_crown_falvier_apparatus,cri2_c87defdcab601a546b54c0f4,t0p_c4097dde92ada712b913db1f,Arnaud Sealer the Elder,candidate_exact_owner_not_admitted,,courtos.responsibility.franchise_operations:uatfacility_1eac6a9852387359ca01b429,t0p_3a551f31060008fc6d3c111e,Renaud the Elder of Ivydale,candidate_exact_owner_not_admitted,courtos.responsibility.revenue_right_administration_collection:uatfacility_1eac6a9852387359ca01b429,t0p_da25a4e969b615e98d4953db,Adam Scribner the Younger,unknown_or_not_independently_admitted,unknown_or_not_independently_admitted,unknown_or_not_independently_admitted,unknown_or_not_independently_admitted,unknown_no_direct_current_condition_observation,1,false,false,true,admitted_security_facility_assignment_runtime_input,FOUNDER_APPROVED_PHASE_FIVE_SECURITY_MATERIALIZATION_2026_07_29
uatfacility_213b78702d2e047eacfdb996,specialized_facility:STEP6DB-RIGHT-SELECTED-000128:fair_hx_50742_208,local_functional_facility,fair,manor_hx_50742,lcu_registry_sett_hx_50742,Alderwick,estate_surface_2a90f4be23935f570215,IE-010,active,,functional_custody,functional_custodian,,security-custody:uatfacility_213b78702d2e047eacfdb996,,STEP6DB-RIGHT-SELECTED-000128,market_fair_franchise,house:house_valcroix_march_o5hq,house:house_valcroix_march_o5hq,institution:royal_crown_falvier_apparatus,cri2_a371da50d0d6aa141aa51d4a,t0p_6cf03a125f8534ad3fb4a2e0,Fulk Redman,candidate_exact_owner_not_admitted,,courtos.responsibility.franchise_operations:uatfacility_213b78702d2e047eacfdb996,t0p_d7a12a16350b799321c05621,Ralph of Pilgrimwick Court,candidate_exact_owner_not_admitted,courtos.responsibility.revenue_right_administration_collection:uatfacility_213b78702d2e047eacfdb996,t0p_6a0e01baa34866e1016bfc80,Bartholomew Redman,unknown_or_not_independently_admitted,unknown_or_not_independently_admitted,unknown_or_not_independently_admitted,unknown_or_not_independently_admitted,unknown_no_direct_current_condition_observation,1,false,false,true,admitted_security_facility_assignment_runtime_input,FOUNDER_APPROVED_PHASE_FIVE_SECURITY_MATERIALIZATION_2026_07_29
uatfacility_225b407c6fdd47499913f9b1,specialized_facility:STEP6DB-RIGHT-SELECTED-000032:market_hx_36087_422,local_functional_facility,market,manor_hx_36087,lcu_rural_manor_hx_36087,Dunmere,estate_surface_20235cbf622a88ef7549,IE-010,active,,functional_custody,functional_custodian,,security-custody:uatfacility_225b407c6fdd47499913f9b1,,STEP6DB-RIGHT-SELECTED-000032,market_fair_franchise,house:house_ivrel_march_k9x8,house:house_ivrel_march_k9x8,institution:royal_crown_falvier_apparatus,cri2_7c4e5718d86b60d378a55fa4,t0p_ec2f7aed69524b3a7bbbcae1,Simon Candler the White,candidate_exact_owner_not_admitted,,courtos.responsibility.franchise_operations:uatfacility_225b407c6fdd47499913f9b1,t0p_2c171fd75c8696a3437e74d3,Reginald the Younger of Cliffbeck,candidate_exact_owner_not_admitted,courtos.responsibility.revenue_right_administration_collection:uatfacility_225b407c6fdd47499913f9b1,t0p_5bd6fe876c0ed51da98b82bd,Herbert Waxman,unknown_or_not_independently_admitted,unknown_or_not_independently_admitted,unknown_or_not_independently_admitted,unknown_or_not_independently_admitted,unknown_no_direct_current_condition_observation,1,false,false,true,admitted_security_facility_assignment_runtime_input,FOUNDER_APPROVED_PHASE_FIVE_SECURITY_MATERIALIZATION_2026_07_29
uatfacility_24bf0c5b5283bffbab078649,specialized_facility:STEP6DB-RIGHT-SELECTED-000034:market_hx_36989_139,local_functional_facility,market,manor_hx_36989,lcu_registry_sett_hx_36989,Orchardmere,estate_surface_fd281d2d008ebefca198,IE-010,active,,functional_custody,functional_custodian,,security-custody:uatfacility_24bf0c5b5283bffbab078649,,STEP6DB-RIGHT-SELECTED-000034,market_fair_franchise,institution:bishopric_of_merewatch,institution:bishopric_of_merewatch,institution:royal_crown_falvier_apparatus,cri2_84bb374aa10018b555024b4d,t0p_eaa3ca48c32341ae9e22564c,Michael Waxman,candidate_exact_owner_not_admitted,,courtos.responsibility.franchise_operations:uatfacility_24bf0c5b5283bffbab078649,t0p_8c4963d1fe1829e440910c74,Ulric of Grimwold Court,candidate_exact_owner_not_admitted,courtos.responsibility.revenue_right_administration_collection:uatfacility_24bf0c5b5283bffbab078649,t0p_8c4963d1fe1829e440910c74,Ulric of Grimwold Court,unknown_or_not_independently_admitted,unknown_or_not_independently_admitted,unknown_or_not_independently_admitted,unknown_or_not_independently_admitted,unknown_no_direct_current_condition_observation,1,false,false,true,admitted_security_facility_assignment_runtime_input,FOUNDER_APPROVED_PHASE_FIVE_SECURITY_MATERIALIZATION_2026_07_29
uatfacility_28e2808186df655289d94f69,specialized_facility:STEP6DB-RIGHT-SELECTED-000054:market_hx_39502_500,local_functional_facility,market,manor_hx_39502,lcu_rural_manor_hx_39502,Falkenford,estate_surface_9c48d1afcb766ec90ad8,IE-010,active,,functional_custody,functional_custodian,,security-custody:uatfacility_28e2808186df655289d94f69,,STEP6DB-RIGHT-SELECTED-000054,market_fair_franchise,house:house_tourenne_high_tfx8,house:house_tourenne_high_tfx8,institution:royal_crown_falvier_apparatus,cri2_1d1f13736c3e766a6e75f222,t0p_fde5073b54a0b25c917ab91f,Alan Mason,candidate_exact_owner_not_admitted,,courtos.responsibility.franchise_operations:uatfacility_28e2808186df655289d94f69,t0p_603470c0f7cb2b42eff31cf6,John the Elder of Hawkmere,candidate_exact_owner_not_admitted,courtos.responsibility.revenue_right_administration_collection:uatfacility_28e2808186df655289d94f69,t0p_fcacbeaf37bd6de4da71c988,Dunstan the Elder of Hawkmere,unknown_or_not_independently_admitted,unknown_or_not_independently_admitted,unknown_or_not_independently_admitted,unknown_or_not_independently_admitted,unknown_no_direct_current_condition_observation,1,false,false,true,admitted_security_facility_assignment_runtime_input,FOUNDER_APPROVED_PHASE_FIVE_SECURITY_MATERIALIZATION_2026_07_29
uatfacility_2ac9d7ffb4277e9931e918cc,specialized_facility:STEP6DB-RIGHT-SELECTED-000013:market_hx_32760_106,local_functional_facility,market,manor_hx_32760,lcu_registry_sett_hx_32760,Larkspire,estate_surface_cf339a4a39f86bd0f16c,IE-010,active,,functional_custody,functional_custodian,,security-custody:uatfacility_2ac9d7ffb4277e9931e918cc,,STEP6DB-RIGHT-SELECTED-000013,market_fair_franchise,institution:bishopric_of_larkspire,institution:bishopric_of_larkspire,institution:royal_crown_falvier_apparatus,cri2_e5fa8c3f3b19353fb5bde19c,t0p_636a186c9740aca2677fca3d,Robert Fuller,candidate_exact_owner_not_admitted,,courtos.responsibility.franchise_operations:uatfacility_2ac9d7ffb4277e9931e918cc,t0p_3f7e7a43630fbce1a5291ddd,Martin the Elder of Valebury Hall,candidate_exact_owner_not_admitted,courtos.responsibility.revenue_right_administration_collection:uatfacility_2ac9d7ffb4277e9931e918cc,t0p_3f7e7a43630fbce1a5291ddd,Martin the Elder of Valebury Hall,unknown_or_not_independently_admitted,unknown_or_not_independently_admitted,unknown_or_not_independently_admitted,unknown_or_not_independently_admitted,unknown_no_direct_current_condition_observation,1,false,false,true,admitted_security_facility_assignment_runtime_input,FOUNDER_APPROVED_PHASE_FIVE_SECURITY_MATERIALIZATION_2026_07_29
uatfacility_2d2ab239fad09fff893d8800,specialized_facility:STEP6DB-RIGHT-SELECTED-000114:market_hx_56332_229,local_functional_facility,market,manor_hx_56332,lcu_registry_sett_hx_56332,Kestrelford,estate_surface_af3222df8cccf0f1e453,IE-010,active,,functional_custody,functional_custodian,,security-custody:uatfacility_2d2ab239fad09fff893d8800,,STEP6DB-RIGHT-SELECTED-000114,market_fair_franchise,house:house_falvier_hill_48fn,house:house_falvier_hill_48fn,institution:royal_crown_falvier_apparatus,cri2_219501787fd49bdf405d6021,t0p_407fdb0b215a433f35c8cf2d,Michael Clerk,candidate_exact_owner_not_admitted,,courtos.responsibility.franchise_operations:uatfacility_2d2ab239fad09fff893d8800,t0p_3a551f31060008fc6d3c111e,Renaud the Elder of Ivydale,candidate_exact_owner_not_admitted,courtos.responsibility.revenue_right_administration_collection:uatfacility_2d2ab239fad09fff893d8800,t0p_3a551f31060008fc6d3c111e,Renaud the Elder of Ivydale,unknown_or_not_independently_admitted,unknown_or_not_independently_admitted,unknown_or_not_independently_admitted,unknown_or_not_independently_admitted,unknown_no_direct_current_condition_observation,1,false,false,true,admitted_security_facility_assignment_runtime_input,FOUNDER_APPROVED_PHASE_FIVE_SECURITY_MATERIALIZATION_2026_07_29
uatfacility_2e829f922076fb7244b2bca6,specialized_facility:STEP6DB-RIGHT-SELECTED-000175:mill_hx_51302_665,local_functional_facility,mill,manor_hx_51302,lcu_rural_manor_hx_51302,Alderwick,estate_surface_13bbc9546d7c3a68d349,IE-007,active,,functional_custody,functional_custodian,,security-custody:uatfacility_2e829f922076fb7244b2bca6,,STEP6DB-RIGHT-SELECTED-000175,mill_facility,institution:royal_crown_falvier_apparatus,institution:royal_crown_falvier_apparatus,institution:royal_crown_falvier_apparatus,cri2_164f5f3b438884d6e4140c40,t0p_5be1f93f57ec6b9c496b4e86,Gerard Cooper,candidate_exact_owner_not_admitted,,courtos.responsibility.franchise_operations:uatfacility_2e829f922076fb7244b2bca6,t0p_1f9ab077e95092653d560763,Florent Falvier,candidate_exact_owner_not_admitted,courtos.responsibility.revenue_right_administration_collection:uatfacility_2e829f922076fb7244b2bca6,t0p_1f9ab077e95092653d560763,Florent Falvier,unknown_or_not_independently_admitted,unknown_or_not_independently_admitted,unknown_or_not_independently_admitted,unknown_or_not_independently_admitted,unknown_no_direct_current_condition_observation,1,false,false,true,admitted_security_facility_assignment_runtime_input,FOUNDER_APPROVED_PHASE_FIVE_SECURITY_MATERIALIZATION_2026_07_29
uatfacility_2ebfdce5a3e43e17453baea7,specialized_facility:STEP6DB-RIGHT-SELECTED-000105:market_hx_54094_220,local_functional_facility,market,manor_hx_54094,lcu_registry_sett_hx_54094,Kestrelford,estate_surface_366237401afc5d411d79,IE-010,active,,functional_custody,functional_custodian,,security-custody:uatfacility_2ebfdce5a3e43e17453baea7,,STEP6DB-RIGHT-SELECTED-000105,market_fair_franchise,house:house_serevin_tb2a,house:house_serevin_tb2a,institution:royal_crown_falvier_apparatus,cri2_3818b43956fe1dcefff8f4ef,t0p_477cf9fcdd3478bdb7dcbfef,Aethelred Wright the Elder,candidate_exact_owner_not_admitted,,courtos.responsibility.franchise_operations:uatfacility_2ebfdce5a3e43e17453baea7,t0p_80e7ddd892e0f24910972073,Baldwin the Elder of Alderwick,candidate_exact_owner_not_admitted,courtos.responsibility.revenue_right_administration_collection:uatfacility_2ebfdce5a3e43e17453baea7,t0p_80e7ddd892e0f24910972073,Baldwin the Elder of Alderwick,unknown_or_not_independently_admitted,unknown_or_not_independently_admitted,unknown_or_not_independently_admitted,unknown_or_not_independently_admitted,unknown_no_direct_current_condition_observation,1,false,false,true,admitted_security_facility_assignment_runtime_input,FOUNDER_APPROVED_PHASE_FIVE_SECURITY_MATERIALIZATION_2026_07_29
uatfacility_306beb0cbd93d82a5334da8d,specialized_facility:STEP6DB-RIGHT-SELECTED-000143:toll_point_hx_40014_56,controlled_crossing,toll_point,manor_hx_40014,lcu_registry_sett_hx_40014,Dunmere,estate_surface_f1700002eff915982e13,IE-009,active,,named_post,named_post_covered,security-post:crossing:uatfacility_306beb0cbd93d82a5334da8d,,,STEP6DB-RIGHT-SELECTED-000143,bridge_ferry_toll_route,institution:bishopric_of_dunmere,institution:bishopric_of_dunmere,institution:royal_crown_falvier_apparatus,cri2_5e12cd6aaa7f109818458b8c,t0p_5bb200973d20458bb23ae1c9,Hugh Black the Elder,candidate_exact_owner_not_admitted,,courtos.responsibility.franchise_operations:uatfacility_306beb0cbd93d82a5334da8d,t0p_f923b27f5d0201454ff85eac,William of Broadhallow Court,candidate_exact_owner_not_admitted,courtos.responsibility.revenue_right_administration_collection:uatfacility_306beb0cbd93d82a5334da8d,t0p_44620a15c68ee5761f39967a,Simon FitzAethelred,unknown_or_not_independently_admitted,unknown_or_not_independently_admitted,unknown_or_not_independently_admitted,unknown_or_not_independently_admitted,unknown_no_direct_current_condition_observation,1,false,false,true,admitted_security_facility_assignment_runtime_input,FOUNDER_APPROVED_PHASE_FIVE_SECURITY_MATERIALIZATION_2026_07_29
uatfacility_311fde014c0116bb8ac05b62,specialized_facility:STEP6DB-RIGHT-SELECTED-000071:market_hx_43168_180,local_functional_facility,market,manor_hx_43168,lcu_registry_sett_hx_43168,Glastonmere,estate_surface_62831d721ee576484b93,IE-010,active,,functional_custody,functional_custodian,,security-custody:uatfacility_311fde014c0116bb8ac05b62,,STEP6DB-RIGHT-SELECTED-000071,market_fair_franchise,house:house_xainval_hill_ypdu,house:house_xainval_hill_ypdu,institution:royal_crown_falvier_apparatus,cri2_2005c8a10c6395a50a85a654,t0p_f6916edc4704c4440788f053,Simon Barker the Elder,candidate_exact_owner_not_admitted,,courtos.responsibility.franchise_operations:uatfacility_311fde014c0116bb8ac05b62,t0p_1152fa5ddfe07bcb5f7f4474,Stephen of Northbury,candidate_exact_owner_not_admitted,courtos.responsibility.revenue_right_administration_collection:uatfacility_311fde014c0116bb8ac05b62,t0p_0d184baaeafb0207feeb7ed2,Raoul Lister,unknown_or_not_independently_admitted,unknown_or_not_independently_admitted,unknown_or_not_independently_admitted,unknown_or_not_independently_admitted,unknown_no_direct_current_condition_observation,1,false,false,true,admitted_security_facility_assignment_runtime_input,FOUNDER_APPROVED_PHASE_FIVE_SECURITY_MATERIALIZATION_2026_07_29
uatfacility_312f101ffebb67e9f1c6eef4,specialized_facility:STEP6DB-RIGHT-SELECTED-000073:market_hx_44292_574,local_functional_facility,market,manor_hx_44292,lcu_rural_manor_hx_44292,Glastonmere,estate_surface_8f1e9929a5f2cd5157c2,IE-010,active,,functional_custody,functional_custodian,,security-custody:uatfacility_312f101ffebb67e9f1c6eef4,,STEP6DB-RIGHT-SELECTED-000073,market_fair_franchise,house:house_keldran_elder_cs6p,house:house_keldran_elder_cs6p,institution:royal_crown_falvier_apparatus,cri2_dec07eebf19d17dd5884e6e1,t0p_6b7ce8e8dc6685ed514f98a4,John Meadows,candidate_exact_owner_not_admitted,,courtos.responsibility.franchise_operations:uatfacility_312f101ffebb67e9f1c6eef4,t0p_8023ebdf3efc84a5f6f3e74b,Gilbert of Glastonmere,candidate_exact_owner_not_admitted,courtos.responsibility.revenue_right_administration_collection:uatfacility_312f101ffebb67e9f1c6eef4,t0p_8023ebdf3efc84a5f6f3e74b,Gilbert of Glastonmere,unknown_or_not_independently_admitted,unknown_or_not_independently_admitted,unknown_or_not_independently_admitted,unknown_or_not_independently_admitted,unknown_no_direct_current_condition_observation,1,false,false,true,admitted_security_facility_assignment_runtime_input,FOUNDER_APPROVED_PHASE_FIVE_SECURITY_MATERIALIZATION_2026_07_29
uatfacility_3132b02e0cc074e9f04eb439,specialized_facility:STEP6DB-RIGHT-SELECTED-000062:market_hx_40311_518,local_functional_facility,market,manor_hx_40311,lcu_rural_manor_hx_40311,Eldham,estate_surface_12b3e1badf8e3baa1047,IE-010,active,,functional_custody,functional_custodian,,security-custody:uatfacility_3132b02e0cc074e9f04eb439,,STEP6DB-RIGHT-SELECTED-000062,market_fair_franchise,institution:archbishopric_of_eldham,minor_holding_fund:actor_minor_lordly_holding_candidate_0430,institution:royal_crown_falvier_apparatus,cri2_c33edb841992a0054bb0b633,t0p_8ea2ff8eea78a87a6bdd8e0e,Nicholas White the Black,candidate_exact_owner_not_admitted,,courtos.responsibility.franchise_operations:uatfacility_3132b02e0cc074e9f04eb439,t0p_88d57d06b225ec41a0d64823,John the Elder of Eldham,candidate_exact_owner_not_admitted,courtos.responsibility.revenue_right_administration_collection:uatfacility_3132b02e0cc074e9f04eb439,t0p_88d57d06b225ec41a0d64823,John the Elder of Eldham,unknown_or_not_independently_admitted,unknown_or_not_independently_admitted,unknown_or_not_independently_admitted,unknown_or_not_independently_admitted,unknown_no_direct_current_condition_observation,1,false,false,true,admitted_security_facility_assignment_runtime_input,FOUNDER_APPROVED_PHASE_FIVE_SECURITY_MATERIALIZATION_2026_07_29
uatfacility_328cc159b5b887858c6a5c82,specialized_facility:STEP6DB-RIGHT-SELECTED-000115:fair_hx_31094_99,local_functional_facility,fair,manor_hx_31094,lcu_registry_sett_hx_31094,Bramholt,estate_surface_5b1e118c9f521839c2b7,IE-010,active,,functional_custody,functional_custodian,,security-custody:uatfacility_328cc159b5b887858c6a5c82,,STEP6DB-RIGHT-SELECTED-000115,market_fair_franchise,institution:bishopric_of_kestrelford,institution:bishopric_of_kestrelford,institution:royal_crown_falvier_apparatus,cri2_f477d25f2b8785e001a7c1bf,t0p_5b30a3b25748a54287abacf7,Herbert Nott the Younger,candidate_exact_owner_not_admitted,,courtos.responsibility.franchise_operations:uatfacility_328cc159b5b887858c6a5c82,t0p_9d5c48a65c7c3366d70f63a1,Hakon of Ashbridge,candidate_exact_owner_not_admitted,courtos.responsibility.revenue_right_administration_collection:uatfacility_328cc159b5b887858c6a5c82,t0p_9d5c48a65c7c3366d70f63a1,Hakon of Ashbridge,unknown_or_not_independently_admitted,unknown_or_not_independently_admitted,unknown_or_not_independently_admitted,unknown_or_not_independently_admitted,unknown_no_direct_current_condition_observation,1,false,false,true,admitted_security_facility_assignment_runtime_input,FOUNDER_APPROVED_PHASE_FIVE_SECURITY_MATERIALIZATION_2026_07_29
uatfacility_34a5a4172cd44e44c7848c1f,specialized_facility:STEP6DB-RIGHT-SELECTED-000014:market_hx_33050_108,local_functional_facility,market,manor_hx_33050,lcu_registry_sett_hx_33050,Larkspire,estate_surface_c889fd8ed684d91b6917,IE-010,active,,functional_custody,functional_custodian,,security-custody:uatfacility_34a5a4172cd44e44c7848c1f,,STEP6DB-RIGHT-SELECTED-000014,market_fair_franchise,institution:bishopric_of_larkspire,institution:bishopric_of_larkspire,institution:royal_crown_falvier_apparatus,cri2_2ff8e89b0603dd7f16b4ad1e,t0p_5f03170c0652a112ce1917f6,Nigel Small,candidate_exact_owner_not_admitted,,courtos.responsibility.franchise_operations:uatfacility_34a5a4172cd44e44c7848c1f,t0p_3f7e7a43630fbce1a5291ddd,Martin the Elder of Valebury Hall,candidate_exact_owner_not_admitted,courtos.responsibility.revenue_right_administration_collection:uatfacility_34a5a4172cd44e44c7848c1f,t0p_3f7e7a43630fbce1a5291ddd,Martin the Elder of Valebury Hall,unknown_or_not_independently_admitted,unknown_or_not_independently_admitted,unknown_or_not_independently_admitted,unknown_or_not_independently_admitted,unknown_no_direct_current_condition_observation,1,false,false,true,admitted_security_facility_assignment_runtime_input,FOUNDER_APPROVED_PHASE_FIVE_SECURITY_MATERIALIZATION_2026_07_29
uatfacility_375d8ae3dad6b7cc888c85c3,specialized_facility:STEP6DB-RIGHT-SELECTED-000157:manor_hx_33037,port_harbor,ports_coastal_external_market_context,manor_hx_33037,,Larkspire,estate_surface_6a608be2cb4d9093dbe1,IE-011,active,,named_post,named_post_covered,security-post:port:uatfacility_375d8ae3dad6b7cc888c85c3,,,STEP6DB-RIGHT-SELECTED-000157,ports_coastal_external_market,institution:royal_crown_falvier_apparatus,institution:royal_crown_falvier_apparatus,institution:royal_crown_falvier_apparatus,cri2_1dc18817cd0e11f3d9beb810,t0p_18949a26338fea7a4142bcc7,Hamel White,current_conditional_instance,cri2_01597f1529d7de7e9b47dc7e,,,,candidate_exact_owner_not_admitted,courtos.responsibility.revenue_right_administration_collection:uatfacility_375d8ae3dad6b7cc888c85c3,t0p_1f9ab077e95092653d560763,Florent Falvier,unknown_or_not_independently_admitted,unknown_or_not_independently_admitted,unknown_or_not_independently_admitted,unknown_or_not_independently_admitted,unknown_no_direct_current_condition_observation,1,false,false,true,admitted_security_facility_assignment_runtime_input,FOUNDER_APPROVED_PHASE_FIVE_SECURITY_MATERIALIZATION_2026_07_29
uatfacility_3b4f024c66e68676ad9adb21,specialized_facility:STEP6DB-RIGHT-SELECTED-000135:fair_hx_56332_230,local_functional_facility,fair,manor_hx_56332,lcu_registry_sett_hx_56332,Kestrelford,estate_surface_af3222df8cccf0f1e453,IE-010,active,,functional_custody,functional_custodian,,security-custody:uatfacility_3b4f024c66e68676ad9adb21,,STEP6DB-RIGHT-SELECTED-000135,market_fair_franchise,house:house_falvier_hill_48fn,house:house_falvier_hill_48fn,institution:royal_crown_falvier_apparatus,cri2_219501787fd49bdf405d6021,t0p_407fdb0b215a433f35c8cf2d,Michael Clerk,candidate_exact_owner_not_admitted,,courtos.responsibility.franchise_operations:uatfacility_3b4f024c66e68676ad9adb21,t0p_3a551f31060008fc6d3c111e,Renaud the Elder of Ivydale,candidate_exact_owner_not_admitted,courtos.responsibility.revenue_right_administration_collection:uatfacility_3b4f024c66e68676ad9adb21,t0p_3a551f31060008fc6d3c111e,Renaud the Elder of Ivydale,unknown_or_not_independently_admitted,unknown_or_not_independently_admitted,unknown_or_not_independently_admitted,unknown_or_not_independently_admitted,unknown_no_direct_current_condition_observation,1,false,false,true,admitted_security_facility_assignment_runtime_input,FOUNDER_APPROVED_PHASE_FIVE_SECURITY_MATERIALIZATION_2026_07_29
uatfacility_3e134f792c033627d07ed1c6,specialized_facility:STEP6DB-RIGHT-SELECTED-000005:market_hx_29691_94,local_functional_facility,market,manor_hx_29691,lcu_registry_sett_hx_29691,Bramholt,estate_surface_8699954e76960a9ee122,IE-010,active,,functional_custody,functional_custodian,,security-custody:uatfacility_3e134f792c033627d07ed1c6,,STEP6DB-RIGHT-SELECTED-000005,market_fair_franchise,institution:bishopric_of_kestrelford,institution:bishopric_of_kestrelford,institution:royal_crown_falvier_apparatus,cri2_61cbd2c2c8a14959c8812430,t0p_7c4d2598211f2a543b0aeeb1,Adam White,candidate_exact_owner_not_admitted,,courtos.responsibility.franchise_operations:uatfacility_3e134f792c033627d07ed1c6,t0p_9d5c48a65c7c3366d70f63a1,Hakon of Ashbridge,candidate_exact_owner_not_admitted,courtos.responsibility.revenue_right_administration_collection:uatfacility_3e134f792c033627d07ed1c6,t0p_9d5c48a65c7c3366d70f63a1,Hakon of Ashbridge,unknown_or_not_independently_admitted,unknown_or_not_independently_admitted,unknown_or_not_independently_admitted,unknown_or_not_independently_admitted,unknown_no_direct_current_condition_observation,1,false,false,true,admitted_security_facility_assignment_runtime_input,FOUNDER_APPROVED_PHASE_FIVE_SECURITY_MATERIALIZATION_2026_07_29
uatfacility_3f49cb24c6aa8437e49c8ab5,specialized_facility:STEP6DB-RIGHT-SELECTED-000050:market_hx_38975_488,local_functional_facility,market,manor_hx_38975,lcu_rural_manor_hx_38975,Crowmarsh,estate_surface_9ddfe9bfc1b50d426d20,IE-010,active,,functional_custody,functional_custodian,,security-custody:uatfacility_3f49cb24c6aa8437e49c8ab5,,STEP6DB-RIGHT-SELECTED-000050,market_fair_franchise,house:house_nerac_high_68f3,house:house_nerac_high_68f3,institution:royal_crown_falvier_apparatus,cri2_ef835b206b611cce6eab1a0d,t0p_30d050edb94a5561d7b14198,Gerard the Elder of Brinecote,candidate_exact_owner_not_admitted,,courtos.responsibility.franchise_operations:uatfacility_3f49cb24c6aa8437e49c8ab5,t0p_03a42d59772dbf36619b7e3f,Stephen of Brinecote,candidate_exact_owner_not_admitted,courtos.responsibility.revenue_right_administration_collection:uatfacility_3f49cb24c6aa8437e49c8ab5,t0p_03a42d59772dbf36619b7e3f,Stephen of Brinecote,unknown_or_not_independently_admitted,unknown_or_not_independently_admitted,unknown_or_not_independently_admitted,unknown_or_not_independently_admitted,unknown_no_direct_current_condition_observation,1,false,false,true,admitted_security_facility_assignment_runtime_input,FOUNDER_APPROVED_PHASE_FIVE_SECURITY_MATERIALIZATION_2026_07_29
uatfacility_3fe9ca5c03deca989311d5db,specialized_facility:STEP6DB-RIGHT-SELECTED-000090:market_hx_48780_638,local_functional_facility,market,manor_hx_48780,lcu_rural_manor_hx_48780,Alderwick,estate_surface_0b90498456d07d4c9d14,IE-010,active,,functional_custody,functional_custodian,,security-custody:uatfacility_3fe9ca5c03deca989311d5db,,STEP6DB-RIGHT-SELECTED-000090,market_fair_franchise,institution:royal_crown_falvier_apparatus,institution:royal_crown_falvier_apparatus,institution:royal_crown_falvier_apparatus,cri2_efb8385e6ef6f6cd5c89b0f6,t0p_32a819ae3f79183ef8644937,Osbert Scribner,candidate_exact_owner_not_admitted,,courtos.responsibility.franchise_operations:uatfacility_3fe9ca5c03deca989311d5db,t0p_1f9ab077e95092653d560763,Florent Falvier,candidate_exact_owner_not_admitted,courtos.responsibility.revenue_right_administration_collection:uatfacility_3fe9ca5c03deca989311d5db,t0p_1f9ab077e95092653d560763,Florent Falvier,unknown_or_not_independently_admitted,unknown_or_not_independently_admitted,unknown_or_not_independently_admitted,unknown_or_not_independently_admitted,unknown_no_direct_current_condition_observation,1,false,false,true,admitted_security_facility_assignment_runtime_input,FOUNDER_APPROVED_PHASE_FIVE_SECURITY_MATERIALIZATION_2026_07_29
uatfacility_405fb2d050df02f6918746ef,specialized_facility:STEP6DB-RIGHT-SELECTED-000154:manor_hx_26317,port_harbor,ports_coastal_external_market_context,manor_hx_26317,,Bramholt,estate_surface_26f572a17de03967cb11,IE-011,active,,named_post,named_post_covered,security-post:port:uatfacility_405fb2d050df02f6918746ef,,,STEP6DB-RIGHT-SELECTED-000154,ports_coastal_external_market,institution:royal_crown_falvier_apparatus,institution:royal_crown_falvier_apparatus,institution:royal_crown_falvier_apparatus,cri2_c5e2c78b6c73f7bc1e1bb326,t0p_09aeac7ce5ae175c059761f5,Edwin Green the Elder,current_conditional_instance,cri2_5cce35963a084c486bcdb428,,,,candidate_exact_owner_not_admitted,courtos.responsibility.revenue_right_administration_collection:uatfacility_405fb2d050df02f6918746ef,t0p_1f9ab077e95092653d560763,Florent Falvier,unknown_or_not_independently_admitted,unknown_or_not_independently_admitted,unknown_or_not_independently_admitted,unknown_or_not_independently_admitted,unknown_no_direct_current_condition_observation,1,false,false,true,admitted_security_facility_assignment_runtime_input,FOUNDER_APPROVED_PHASE_FIVE_SECURITY_MATERIALIZATION_2026_07_29
uatfacility_40a3d8113add6fc44ec6cab4,specialized_facility:STEP6DB-RIGHT-SELECTED-000155:manor_hx_28841,port_harbor,ports_coastal_external_market_context,manor_hx_28841,,Bramholt,estate_surface_70c960fdfb55220bd091,IE-011,active,,named_post,named_post_covered,security-post:port:uatfacility_40a3d8113add6fc44ec6cab4,,,STEP6DB-RIGHT-SELECTED-000155,ports_coastal_external_market,institution:royal_crown_falvier_apparatus,institution:royal_crown_falvier_apparatus,institution:royal_crown_falvier_apparatus,cri2_6ab90a4772a3471901dc7d4b,t0p_b4b65592d7a3bf50c9524d31,Laurence Clerk the Younger,current_conditional_instance,cri2_84a280228a09d72548cad1ea,,,,candidate_exact_owner_not_admitted,courtos.responsibility.revenue_right_administration_collection:uatfacility_40a3d8113add6fc44ec6cab4,t0p_1f9ab077e95092653d560763,Florent Falvier,unknown_or_not_independently_admitted,unknown_or_not_independently_admitted,unknown_or_not_independently_admitted,unknown_or_not_independently_admitted,unknown_no_direct_current_condition_observation,1,false,false,true,admitted_security_facility_assignment_runtime_input,FOUNDER_APPROVED_PHASE_FIVE_SECURITY_MATERIALIZATION_2026_07_29
uatfacility_42e98417adc383cf20582658,specialized_facility:STEP6DB-RIGHT-SELECTED-000098:market_hx_50742_207,local_functional_facility,market,manor_hx_50742,lcu_registry_sett_hx_50742,Alderwick,estate_surface_2a90f4be23935f570215,IE-010,active,,functional_custody,functional_custodian,,security-custody:uatfacility_42e98417adc383cf20582658,,STEP6DB-RIGHT-SELECTED-000098,market_fair_franchise,house:house_valcroix_march_o5hq,house:house_valcroix_march_o5hq,institution:royal_crown_falvier_apparatus,cri2_a371da50d0d6aa141aa51d4a,t0p_6cf03a125f8534ad3fb4a2e0,Fulk Redman,candidate_exact_owner_not_admitted,,courtos.responsibility.franchise_operations:uatfacility_42e98417adc383cf20582658,t0p_d7a12a16350b799321c05621,Ralph of Pilgrimwick Court,candidate_exact_owner_not_admitted,courtos.responsibility.revenue_right_administration_collection:uatfacility_42e98417adc383cf20582658,t0p_6a0e01baa34866e1016bfc80,Bartholomew Redman,unknown_or_not_independently_admitted,unknown_or_not_independently_admitted,unknown_or_not_independently_admitted,unknown_or_not_independently_admitted,unknown_no_direct_current_condition_observation,1,false,false,true,admitted_security_facility_assignment_runtime_input,FOUNDER_APPROVED_PHASE_FIVE_SECURITY_MATERIALIZATION_2026_07_29
uatfacility_46ba2cd113778b47e8e8817b,specialized_facility:STEP6DB-RIGHT-SELECTED-000060:market_hx_40039_510,local_functional_facility,market,manor_hx_40039,lcu_rural_manor_hx_40039,Eldham,estate_surface_7dba999d77544d819917,IE-010,active,,functional_custody,functional_custodian,,security-custody:uatfacility_46ba2cd113778b47e8e8817b,,STEP6DB-RIGHT-SELECTED-000060,market_fair_franchise,house:house_valcroix_younger_lpsz,house:house_valcroix_younger_lpsz,institution:royal_crown_falvier_apparatus,cri2_82d6ffe66c49d390577644d9,t0p_6ab5c0ebae9174ace06da690,Adam Brookford,candidate_exact_owner_not_admitted,,courtos.responsibility.franchise_operations:uatfacility_46ba2cd113778b47e8e8817b,t0p_4e104fdc7337ae7583e99206,Ulric of Stonestreet,candidate_exact_owner_not_admitted,courtos.responsibility.revenue_right_administration_collection:uatfacility_46ba2cd113778b47e8e8817b,t0p_89095e7a3a0d0e76d372a8ac,"Edward Small, clerk collector",unknown_or_not_independently_admitted,unknown_or_not_independently_admitted,unknown_or_not_independently_admitted,unknown_or_not_independently_admitted,unknown_no_direct_current_condition_observation,1,false,false,true,admitted_security_facility_assignment_runtime_input,FOUNDER_APPROVED_PHASE_FIVE_SECURITY_MATERIALIZATION_2026_07_29
uatfacility_482dcb51d527e78384d6e646,specialized_facility:STEP6DB-RIGHT-SELECTED-000049:market_hx_38910_156,local_functional_facility,market,manor_hx_38910,lcu_registry_sett_hx_38910,Eldham,estate_surface_ac5ec74427ea8a45ffa8,IE-010,active,,functional_custody,functional_custodian,,security-custody:uatfacility_482dcb51d527e78384d6e646,,STEP6DB-RIGHT-SELECTED-000049,market_fair_franchise,institution:royal_crown_falvier_apparatus,institution:royal_crown_falvier_apparatus,institution:royal_crown_falvier_apparatus,cri2_ec4436ebf6c2ddfddfd9e6d6,t0p_29e3f9422c74983babb21158,Dorian Toller the Elder,candidate_exact_owner_not_admitted,,courtos.responsibility.franchise_operations:uatfacility_482dcb51d527e78384d6e646,t0p_1f9ab077e95092653d560763,Florent Falvier,candidate_exact_owner_not_admitted,courtos.responsibility.revenue_right_administration_collection:uatfacility_482dcb51d527e78384d6e646,t0p_1f9ab077e95092653d560763,Florent Falvier,unknown_or_not_independently_admitted,unknown_or_not_independently_admitted,unknown_or_not_independently_admitted,unknown_or_not_independently_admitted,unknown_no_direct_current_condition_observation,1,false,false,true,admitted_security_facility_assignment_runtime_input,FOUNDER_APPROVED_PHASE_FIVE_SECURITY_MATERIALIZATION_2026_07_29
uatfacility_494fb34e48586b02c3b344bf,specialized_facility:STEP6DB-RIGHT-SELECTED-000177:fishery_candidate_hx_45669_706,local_functional_facility,fishery_candidate,manor_hx_45669,lcu_rural_manor_hx_45669,Ivydale,estate_surface_e866f3157ae5ceaa593e,IE-011,active,,functional_custody,functional_custodian,,security-custody:uatfacility_494fb34e48586b02c3b344bf,,STEP6DB-RIGHT-SELECTED-000177,fishery_storage_water_transport,house:house_tourenne_south_2ky9,house:house_tourenne_south_2ky9,house:house_tourenne_south_2ky9,cri2_ae55701aa356921b86efd128,t0p_e4891d349de6e7d2ebe09732,Roger Penn the Red,candidate_exact_owner_not_admitted,,courtos.responsibility.franchise_operations:uatfacility_494fb34e48586b02c3b344bf,t0p_dc211ef0a1e7380b8b7f1a12,Henryk of Saltwick,candidate_exact_owner_not_admitted,courtos.responsibility.revenue_right_administration_collection:uatfacility_494fb34e48586b02c3b344bf,t0p_beaac453b8f16bfcf634e0eb,"Edward Nott, clerk collector",unknown_or_not_independently_admitted,unknown_or_not_independently_admitted,unknown_or_not_independently_admitted,unknown_or_not_independently_admitted,unknown_no_direct_current_condition_observation,1,false,false,true,admitted_security_facility_assignment_runtime_input,FOUNDER_APPROVED_PHASE_FIVE_SECURITY_MATERIALIZATION_2026_07_29
uatfacility_4c5ef844c3f21e94d76a48fd,specialized_facility:STEP6DB-RIGHT-SELECTED-000017:market_hx_33900_116,local_functional_facility,market,manor_hx_33900,lcu_registry_sett_hx_33900,Orchardmere,estate_surface_9905be768cce17b4492c,IE-010,active,,functional_custody,functional_custodian,,security-custody:uatfacility_4c5ef844c3f21e94d76a48fd,,STEP6DB-RIGHT-SELECTED-000017,market_fair_franchise,institution:bishopric_of_merewatch,institution:bishopric_of_merewatch,institution:royal_crown_falvier_apparatus,cri2_293b05126cdeb8faf01c06bd,t0p_a202bfa9b0ac6f83a04ef2af,Edward Riverfield,candidate_exact_owner_not_admitted,,courtos.responsibility.franchise_operations:uatfacility_4c5ef844c3f21e94d76a48fd,t0p_8c4963d1fe1829e440910c74,Ulric of Grimwold Court,candidate_exact_owner_not_admitted,courtos.responsibility.revenue_right_administration_collection:uatfacility_4c5ef844c3f21e94d76a48fd,t0p_8c4963d1fe1829e440910c74,Ulric of Grimwold Court,unknown_or_not_independently_admitted,unknown_or_not_independently_admitted,unknown_or_not_independently_admitted,unknown_or_not_independently_admitted,unknown_no_direct_current_condition_observation,1,false,false,true,admitted_security_facility_assignment_runtime_input,FOUNDER_APPROVED_PHASE_FIVE_SECURITY_MATERIALIZATION_2026_07_29
uatfacility_4ea30a94fb761d66789d81fc,specialized_facility:STEP6DB-RIGHT-SELECTED-000012:market_hx_32747_333,local_functional_facility,market,manor_hx_32747,lcu_rural_manor_hx_32747,Wyrmford,estate_surface_15c900ef1984c47ee31e,IE-010,active,,functional_custody,functional_custodian,,security-custody:uatfacility_4ea30a94fb761d66789d81fc,,STEP6DB-RIGHT-SELECTED-000012,market_fair_franchise,institution:royal_crown_falvier_apparatus,institution:royal_crown_falvier_apparatus,institution:royal_crown_falvier_apparatus,cri2_48be5338064a5bc89ade4199,t0p_ad3d0ea9c23f313c3c6c09b9,Peter Nott,candidate_exact_owner_not_admitted,,courtos.responsibility.franchise_operations:uatfacility_4ea30a94fb761d66789d81fc,t0p_1f9ab077e95092653d560763,Florent Falvier,candidate_exact_owner_not_admitted,courtos.responsibility.revenue_right_administration_collection:uatfacility_4ea30a94fb761d66789d81fc,t0p_1f9ab077e95092653d560763,Florent Falvier,unknown_or_not_independently_admitted,unknown_or_not_independently_admitted,unknown_or_not_independently_admitted,unknown_or_not_independently_admitted,unknown_no_direct_current_condition_observation,1,false,false,true,admitted_security_facility_assignment_runtime_input,FOUNDER_APPROVED_PHASE_FIVE_SECURITY_MATERIALIZATION_2026_07_29
uatfacility_4f940b9705c00aaa96ce40eb,specialized_facility:STEP6DB-RIGHT-SELECTED-000104:market_hx_52418_215,local_functional_facility,market,manor_hx_52418,lcu_registry_sett_hx_52418,Alderwick,estate_surface_7e3af1ffa63936c4e72b,IE-010,active,,functional_custody,functional_custodian,,security-custody:uatfacility_4f940b9705c00aaa96ce40eb,,STEP6DB-RIGHT-SELECTED-000104,market_fair_franchise,house:house_xainval_east_fen5,house:house_xainval_east_fen5,institution:royal_crown_falvier_apparatus,cri2_f9f93355b05633c2921009dd,t0p_605e9dfd414a40c1986b095a,Robert Lister the Grey,candidate_exact_owner_not_admitted,,courtos.responsibility.franchise_operations:uatfacility_4f940b9705c00aaa96ce40eb,t0p_b807953ab8b47d5fc33c2cd0,Cuthbert of Greencote Hall,candidate_exact_owner_not_admitted,courtos.responsibility.revenue_right_administration_collection:uatfacility_4f940b9705c00aaa96ce40eb,t0p_165557abb24dda3ee341cabd,"Fulke Lister, clerk collector",unknown_or_not_independently_admitted,unknown_or_not_independently_admitted,unknown_or_not_independently_admitted,unknown_or_not_independently_admitted,unknown_no_direct_current_condition_observation,1,false,false,true,admitted_security_facility_assignment_runtime_input,FOUNDER_APPROVED_PHASE_FIVE_SECURITY_MATERIALIZATION_2026_07_29
uatfacility_4f97fd6433e7d7fa4ffe7cf9,specialized_facility:STEP6DB-RIGHT-SELECTED-000030:market_hx_35821_137,local_functional_facility,market,manor_hx_35821,lcu_registry_sett_hx_35821,Dunmere,estate_surface_e1d823af03311acf3429,IE-010,active,,functional_custody,functional_custodian,,security-custody:uatfacility_4f97fd6433e7d7fa4ffe7cf9,,STEP6DB-RIGHT-SELECTED-000030,market_fair_franchise,institution:bishopric_of_dunmere,institution:bishopric_of_dunmere,institution:royal_crown_falvier_apparatus,cri2_81e15af3bff7f9f08343eb9a,t0p_56f70967c385501130eda1f6,Fulk Candler the Younger,candidate_exact_owner_not_admitted,,courtos.responsibility.franchise_operations:uatfacility_4f97fd6433e7d7fa4ffe7cf9,t0p_f923b27f5d0201454ff85eac,William of Broadhallow Court,candidate_exact_owner_not_admitted,courtos.responsibility.revenue_right_administration_collection:uatfacility_4f97fd6433e7d7fa4ffe7cf9,t0p_f923b27f5d0201454ff85eac,William of Broadhallow Court,unknown_or_not_independently_admitted,unknown_or_not_independently_admitted,unknown_or_not_independently_admitted,unknown_or_not_independently_admitted,unknown_no_direct_current_condition_observation,1,false,false,true,admitted_security_facility_assignment_runtime_input,FOUNDER_APPROVED_PHASE_FIVE_SECURITY_MATERIALIZATION_2026_07_29
uatfacility_5010a90c35f169cba4714cf4,specialized_facility:STEP6DB-RIGHT-SELECTED-000107:market_hx_54653_682,local_functional_facility,market,manor_hx_54653,lcu_rural_manor_hx_54653,Kestrelford,estate_surface_39464ef13c31aafcafdb,IE-010,active,,functional_custody,functional_custodian,,security-custody:uatfacility_5010a90c35f169cba4714cf4,,STEP6DB-RIGHT-SELECTED-000107,market_fair_franchise,institution:royal_crown_falvier_apparatus,institution:royal_crown_falvier_apparatus,institution:royal_crown_falvier_apparatus,cri2_d15627d58c2f92208a91d84e,t0p_e736c2160fadfa316b0e9751,Richard Waxman the White,candidate_exact_owner_not_admitted,,courtos.responsibility.franchise_operations:uatfacility_5010a90c35f169cba4714cf4,t0p_1f9ab077e95092653d560763,Florent Falvier,candidate_exact_owner_not_admitted,courtos.responsibility.revenue_right_administration_collection:uatfacility_5010a90c35f169cba4714cf4,t0p_1f9ab077e95092653d560763,Florent Falvier,unknown_or_not_independently_admitted,unknown_or_not_independently_admitted,unknown_or_not_independently_admitted,unknown_or_not_independently_admitted,unknown_no_direct_current_condition_observation,1,false,false,true,admitted_security_facility_assignment_runtime_input,FOUNDER_APPROVED_PHASE_FIVE_SECURITY_MATERIALIZATION_2026_07_29
uatfacility_518f2a21599f4b077dcc1dd5,specialized_facility:STEP6DB-RIGHT-SELECTED-000047:market_hx_38365_466,local_functional_facility,market,manor_hx_38365,lcu_rural_manor_hx_38365,Northwych,estate_surface_4fb2b1c8f8365250f660,IE-010,active,,functional_custody,functional_custodian,,security-custody:uatfacility_518f2a21599f4b077dcc1dd5,,STEP6DB-RIGHT-SELECTED-000047,market_fair_franchise,house:house_yvrande_lower_a4t7,house:house_yvrande_lower_a4t7,institution:royal_crown_falvier_apparatus,cri2_41461707c69b5f5982a70102,t0p_3da95c991adabff850e2f3ec,Reginald White the Elder,candidate_exact_owner_not_admitted,,courtos.responsibility.franchise_operations:uatfacility_518f2a21599f4b077dcc1dd5,t0p_d39c5036aa07b0a64f002cbd,Hamel the Elder of Wyrmford,candidate_exact_owner_not_admitted,courtos.responsibility.revenue_right_administration_collection:uatfacility_518f2a21599f4b077dcc1dd5,t0p_d39c5036aa07b0a64f002cbd,Hamel the Elder of Wyrmford,unknown_or_not_independently_admitted,unknown_or_not_independently_admitted,unknown_or_not_independently_admitted,unknown_or_not_independently_admitted,unknown_no_direct_current_condition_observation,1,false,false,true,admitted_security_facility_assignment_runtime_input,FOUNDER_APPROVED_PHASE_FIVE_SECURITY_MATERIALIZATION_2026_07_29
uatfacility_5204c593d4b1c0844457a747,specialized_facility:STEP6DB-RIGHT-SELECTED-000064:market_hx_40316_520,local_functional_facility,market,manor_hx_40316,lcu_rural_manor_hx_40316,Eldham,estate_surface_527a6de435a14ff814de,IE-010,active,,functional_custody,functional_custodian,,security-custody:uatfacility_5204c593d4b1c0844457a747,,STEP6DB-RIGHT-SELECTED-000064,market_fair_franchise,house:house_carvayne_bridge_m4mn,house:house_carvayne_bridge_m4mn,institution:royal_crown_falvier_apparatus,cri2_9e13920df7b3412fd73ea20e,t0p_3ac4d42000e70d10306b8ef9,Eudes Penn,candidate_exact_owner_not_admitted,,courtos.responsibility.franchise_operations:uatfacility_5204c593d4b1c0844457a747,t0p_4b9842a6bf6c4ffddb5ebe87,Florent the Elder of Shadeworth,candidate_exact_owner_not_admitted,courtos.responsibility.revenue_right_administration_collection:uatfacility_5204c593d4b1c0844457a747,t0p_9b68bc7c5e2b552491a0730c,Miles of Hallowford,unknown_or_not_independently_admitted,unknown_or_not_independently_admitted,unknown_or_not_independently_admitted,unknown_or_not_independently_admitted,unknown_no_direct_current_condition_observation,1,false,false,true,admitted_security_facility_assignment_runtime_input,FOUNDER_APPROVED_PHASE_FIVE_SECURITY_MATERIALIZATION_2026_07_29
uatfacility_553393f1aaa362833f359b76,specialized_facility:STEP6DB-RIGHT-SELECTED-000084:market_hx_47894_622,local_functional_facility,market,manor_hx_47894,lcu_rural_manor_hx_47894,Ivydale,estate_surface_08b2eeb7052b07b32eff,IE-010,active,,functional_custody,functional_custodian,,security-custody:uatfacility_553393f1aaa362833f359b76,,STEP6DB-RIGHT-SELECTED-000084,market_fair_franchise,house:house_eremond_low_vale_mf3g,house:house_eremond_low_vale_mf3g,institution:royal_crown_falvier_apparatus,cri2_492373e8aa712a074522048e,t0p_ff155c9423c605c00d4d914c,Nicholas Woodward,candidate_exact_owner_not_admitted,,courtos.responsibility.franchise_operations:uatfacility_553393f1aaa362833f359b76,t0p_9630313e050c41ef52ddf56c,Perrin of Cobleham,candidate_exact_owner_not_admitted,courtos.responsibility.revenue_right_administration_collection:uatfacility_553393f1aaa362833f359b76,t0p_9630313e050c41ef52ddf56c,Perrin of Cobleham,unknown_or_not_independently_admitted,unknown_or_not_independently_admitted,unknown_or_not_independently_admitted,unknown_or_not_independently_admitted,unknown_no_direct_current_condition_observation,1,false,false,true,admitted_security_facility_assignment_runtime_input,FOUNDER_APPROVED_PHASE_FIVE_SECURITY_MATERIALIZATION_2026_07_29
uatfacility_5721d8e92c79af9c45969be5,specialized_facility:STEP6DB-RIGHT-SELECTED-000042:market_hx_37858_150,local_functional_facility,market,manor_hx_37858,lcu_registry_sett_hx_37858,Crowmarsh,estate_surface_161eca62657b908ec56f,IE-010,active,,functional_custody,functional_custodian,,security-custody:uatfacility_5721d8e92c79af9c45969be5,,STEP6DB-RIGHT-SELECTED-000042,market_fair_franchise,institution:bishopric_of_crowmarsh,institution:bishopric_of_crowmarsh,institution:royal_crown_falvier_apparatus,cri2_2bfffc45343d0a0354b85367,t0p_b0f06a791d3b408ce6628b4d,Herbert Longman the Red,candidate_exact_owner_not_admitted,,courtos.responsibility.franchise_operations:uatfacility_5721d8e92c79af9c45969be5,t0p_a357c671eeb1722d504f1a92,Herman of Hazelwick,candidate_exact_owner_not_admitted,courtos.responsibility.revenue_right_administration_collection:uatfacility_5721d8e92c79af9c45969be5,t0p_a357c671eeb1722d504f1a92,Herman of Hazelwick,unknown_or_not_independently_admitted,unknown_or_not_independently_admitted,unknown_or_not_independently_admitted,unknown_or_not_independently_admitted,unknown_no_direct_current_condition_observation,1,false,false,true,admitted_security_facility_assignment_runtime_input,FOUNDER_APPROVED_PHASE_FIVE_SECURITY_MATERIALIZATION_2026_07_29
uatfacility_588bcf67e1c04e76835f921c,specialized_facility:STEP6DB-RIGHT-SELECTED-000109:market_hx_55214_687,local_functional_facility,market,manor_hx_55214,lcu_rural_manor_hx_55214,Kestrelford,estate_surface_8c7c3bb772282c1cc01a,IE-010,active,,functional_custody,functional_custodian,,security-custody:uatfacility_588bcf67e1c04e76835f921c,,STEP6DB-RIGHT-SELECTED-000109,market_fair_franchise,institution:royal_crown_falvier_apparatus,institution:royal_crown_falvier_apparatus,institution:royal_crown_falvier_apparatus,cri2_540da1c7277d97e7bd61a743,t0p_debb28e6dae0cedc556f3438,Edwin Webber,candidate_exact_owner_not_admitted,,courtos.responsibility.franchise_operations:uatfacility_588bcf67e1c04e76835f921c,t0p_1f9ab077e95092653d560763,Florent Falvier,candidate_exact_owner_not_admitted,courtos.responsibility.revenue_right_administration_collection:uatfacility_588bcf67e1c04e76835f921c,t0p_1f9ab077e95092653d560763,Florent Falvier,unknown_or_not_independently_admitted,unknown_or_not_independently_admitted,unknown_or_not_independently_admitted,unknown_or_not_independently_admitted,unknown_no_direct_current_condition_observation,1,false,false,true,admitted_security_facility_assignment_runtime_input,FOUNDER_APPROVED_PHASE_FIVE_SECURITY_MATERIALIZATION_2026_07_29
uatfacility_59ec3724667d0acf5480c7b5,specialized_facility:STEP6DB-RIGHT-SELECTED-000039:market_hx_37798_145,local_functional_facility,market,manor_hx_37798,lcu_registry_sett_hx_37798,Northwych,estate_surface_d56de02b0039134ccde9,IE-010,active,,functional_custody,functional_custodian,,security-custody:uatfacility_59ec3724667d0acf5480c7b5,,STEP6DB-RIGHT-SELECTED-000039,market_fair_franchise,institution:bishopric_of_merewatch,institution:bishopric_of_merewatch,institution:royal_crown_falvier_apparatus,cri2_0b9863b95e83056785adde4a,t0p_4879ac0e82f09d28bc4637cc,Isarn Chapman the Elder,candidate_exact_owner_not_admitted,,courtos.responsibility.franchise_operations:uatfacility_59ec3724667d0acf5480c7b5,t0p_8c4963d1fe1829e440910c74,Ulric of Grimwold Court,candidate_exact_owner_not_admitted,courtos.responsibility.revenue_right_administration_collection:uatfacility_59ec3724667d0acf5480c7b5,t0p_8c4963d1fe1829e440910c74,Ulric of Grimwold Court,unknown_or_not_independently_admitted,unknown_or_not_independently_admitted,unknown_or_not_independently_admitted,unknown_or_not_independently_admitted,unknown_no_direct_current_condition_observation,1,false,false,true,admitted_security_facility_assignment_runtime_input,FOUNDER_APPROVED_PHASE_FIVE_SECURITY_MATERIALIZATION_2026_07_29
uatfacility_5a534a6e18c7dca879cc5061,specialized_facility:STEP6DB-RIGHT-SELECTED-000134:fair_hx_55776_692,local_functional_facility,fair,manor_hx_55776,lcu_rural_manor_hx_55776,Kestrelford,estate_surface_7fd53be64ddaa95fe77b,IE-010,active,,functional_custody,functional_custodian,,security-custody:uatfacility_5a534a6e18c7dca879cc5061,,STEP6DB-RIGHT-SELECTED-000134,market_fair_franchise,house:house_falvier_river_g9hz,house:house_falvier_river_g9hz,institution:royal_crown_falvier_apparatus,cri2_44269477cf70e02e85196b44,t0p_619aba59dffa33f69111090e,Gilbert Penn,candidate_exact_owner_not_admitted,,courtos.responsibility.franchise_operations:uatfacility_5a534a6e18c7dca879cc5061,t0p_999080f5f38087adf8e243f0,Aylwin the Elder of Hartedge,candidate_exact_owner_not_admitted,courtos.responsibility.revenue_right_administration_collection:uatfacility_5a534a6e18c7dca879cc5061,t0p_2eb3c06ed74725bd89ad4f32,Theobald Scribner,unknown_or_not_independently_admitted,unknown_or_not_independently_admitted,unknown_or_not_independently_admitted,unknown_or_not_independently_admitted,unknown_no_direct_current_condition_observation,1,false,false,true,admitted_security_facility_assignment_runtime_input,FOUNDER_APPROVED_PHASE_FIVE_SECURITY_MATERIALIZATION_2026_07_29
uatfacility_5b70353114f9a880e0677079,specialized_facility:STEP6DB-RIGHT-SELECTED-000072:market_hx_44263_182,local_functional_facility,market,manor_hx_44263,lcu_registry_sett_hx_44263,Falkenford,estate_surface_95368f15888dcbdf21c4,IE-010,active,,functional_custody,functional_custodian,,security-custody:uatfacility_5b70353114f9a880e0677079,,STEP6DB-RIGHT-SELECTED-000072,market_fair_franchise,institution:bishopric_of_falkenford,institution:bishopric_of_falkenford,institution:royal_crown_falvier_apparatus,cri2_61735c201bde7c4719bbc7a1,t0p_064868cf9bbe55138e8fd6a2,Osmund Packer,candidate_exact_owner_not_admitted,,courtos.responsibility.franchise_operations:uatfacility_5b70353114f9a880e0677079,t0p_796e916af56a8900f842eb27,Edwin the Elder of Falkenford,candidate_exact_owner_not_admitted,courtos.responsibility.revenue_right_administration_collection:uatfacility_5b70353114f9a880e0677079,t0p_796e916af56a8900f842eb27,Edwin the Elder of Falkenford,unknown_or_not_independently_admitted,unknown_or_not_independently_admitted,unknown_or_not_independently_admitted,unknown_or_not_independently_admitted,unknown_no_direct_current_condition_observation,1,false,false,true,admitted_security_facility_assignment_runtime_input,FOUNDER_APPROVED_PHASE_FIVE_SECURITY_MATERIALIZATION_2026_07_29
uatfacility_5de9b7401e9febf98a100ead,specialized_facility:STEP6DB-RIGHT-SELECTED-000009:market_hx_32219_101,local_functional_facility,market,manor_hx_32219,lcu_registry_sett_hx_32219,Bramholt,estate_surface_ba9201bd2f852a3497f8,IE-010,active,,functional_custody,functional_custodian,,security-custody:uatfacility_5de9b7401e9febf98a100ead,,STEP6DB-RIGHT-SELECTED-000009,market_fair_franchise,house:house_arcemont_lower_oy6l,house:house_arcemont_lower_oy6l,institution:royal_crown_falvier_apparatus,cri2_615ff2da5b12b73b163a28a5,t0p_137ebc36e572fb533f07be47,Hereward White the Elder,candidate_exact_owner_not_admitted,,courtos.responsibility.franchise_operations:uatfacility_5de9b7401e9febf98a100ead,t0p_22c9cf8ae832fb131eb7dce6,Gautier of Bramholt,candidate_exact_owner_not_admitted,courtos.responsibility.revenue_right_administration_collection:uatfacility_5de9b7401e9febf98a100ead,t0p_22c9cf8ae832fb131eb7dce6,Gautier of Bramholt,unknown_or_not_independently_admitted,unknown_or_not_independently_admitted,unknown_or_not_independently_admitted,unknown_or_not_independently_admitted,unknown_no_direct_current_condition_observation,1,false,false,true,admitted_security_facility_assignment_runtime_input,FOUNDER_APPROVED_PHASE_FIVE_SECURITY_MATERIALIZATION_2026_07_29
uatfacility_60360a4149fc6c0ce1247591,specialized_facility:STEP6DB-RIGHT-SELECTED-000179:fishery_candidate_hx_50457_709,local_functional_facility,fishery_candidate,manor_hx_50457,lcu_rural_manor_hx_50457,Alderwick,estate_surface_59f30e19bcd1cc6f5639,IE-011,active,,functional_custody,functional_custodian,,security-custody:uatfacility_60360a4149fc6c0ce1247591,,STEP6DB-RIGHT-SELECTED-000179,fishery_storage_water_transport,institution:royal_crown_falvier_apparatus,institution:royal_crown_falvier_apparatus,institution:royal_crown_falvier_apparatus,cri2_08b263475f35d52e232fa96e,t0p_b8af09e938473ff1203e67c6,Ralph Scribner,candidate_exact_owner_not_admitted,,courtos.responsibility.franchise_operations:uatfacility_60360a4149fc6c0ce1247591,t0p_1f9ab077e95092653d560763,Florent Falvier,candidate_exact_owner_not_admitted,courtos.responsibility.revenue_right_administration_collection:uatfacility_60360a4149fc6c0ce1247591,t0p_1f9ab077e95092653d560763,Florent Falvier,unknown_or_not_independently_admitted,unknown_or_not_independently_admitted,unknown_or_not_independently_admitted,unknown_or_not_independently_admitted,unknown_no_direct_current_condition_observation,1,false,false,true,admitted_security_facility_assignment_runtime_input,FOUNDER_APPROVED_PHASE_FIVE_SECURITY_MATERIALIZATION_2026_07_29
uatfacility_61ab62718bc2b53ee8071cab,specialized_facility:STEP6DB-RIGHT-SELECTED-000057:market_hx_39757_503,local_functional_facility,market,manor_hx_39757,lcu_rural_manor_hx_39757,Eldham,estate_surface_eebf9534bfb2481117e3,IE-010,active,,functional_custody,functional_custodian,,security-custody:uatfacility_61ab62718bc2b53ee8071cab,,STEP6DB-RIGHT-SELECTED-000057,market_fair_franchise,house:house_carvayne_bridge_m4mn,house:house_carvayne_bridge_m4mn,institution:royal_crown_falvier_apparatus,cri2_45c29443079915b2072e7ec7,t0p_a2dccba92b319f5ea3fdc35f,Alan Skinner the Elder,candidate_exact_owner_not_admitted,,courtos.responsibility.franchise_operations:uatfacility_61ab62718bc2b53ee8071cab,t0p_4b9842a6bf6c4ffddb5ebe87,Florent the Elder of Shadeworth,candidate_exact_owner_not_admitted,courtos.responsibility.revenue_right_administration_collection:uatfacility_61ab62718bc2b53ee8071cab,t0p_9b68bc7c5e2b552491a0730c,Miles of Hallowford,unknown_or_not_independently_admitted,unknown_or_not_independently_admitted,unknown_or_not_independently_admitted,unknown_or_not_independently_admitted,unknown_no_direct_current_condition_observation,1,false,false,true,admitted_security_facility_assignment_runtime_input,FOUNDER_APPROVED_PHASE_FIVE_SECURITY_MATERIALIZATION_2026_07_29
uatfacility_646324a34296104238e64e9e,specialized_facility:STEP6DB-RIGHT-SELECTED-000020:market_hx_34201_122,local_functional_facility,market,manor_hx_34201,lcu_registry_sett_hx_34201,Merewatch,estate_surface_9ca64c2e8058cf0ebcc1,IE-010,active,,functional_custody,functional_custodian,,security-custody:uatfacility_646324a34296104238e64e9e,,STEP6DB-RIGHT-SELECTED-000020,market_fair_franchise,house:house_keldran_v4vl,house:house_keldran_v4vl,institution:royal_crown_falvier_apparatus,cri2_1895c7d528054454f608c9ac,t0p_cfc36d8e2323ed2b8fbde9bb,Nicholas Marshbrook,candidate_exact_owner_not_admitted,,courtos.responsibility.franchise_operations:uatfacility_646324a34296104238e64e9e,t0p_6fdcbb0d6e62670924c53fed,Noel of Merewatch,candidate_exact_owner_not_admitted,courtos.responsibility.revenue_right_administration_collection:uatfacility_646324a34296104238e64e9e,t0p_6fdcbb0d6e62670924c53fed,Noel of Merewatch,unknown_or_not_independently_admitted,unknown_or_not_independently_admitted,unknown_or_not_independently_admitted,unknown_or_not_independently_admitted,unknown_no_direct_current_condition_observation,1,false,false,true,admitted_security_facility_assignment_runtime_input,FOUNDER_APPROVED_PHASE_FIVE_SECURITY_MATERIALIZATION_2026_07_29
uatfacility_647d529f5d390648228e1c9a,specialized_facility:STEP6DB-RIGHT-SELECTED-000153:bridge_or_ford_hx_57175_83,controlled_crossing,bridge_or_ford,manor_hx_57175,lcu_rural_manor_hx_56893,Kestrelford,estate_surface_2ec585a65083a6c2cb0d,IE-009,active,,named_post,named_post_covered,security-post:crossing:uatfacility_647d529f5d390648228e1c9a,,,STEP6DB-RIGHT-SELECTED-000153,bridge_ferry_toll_route,house:house_falvier_hill_48fn,house:house_falvier_hill_48fn,institution:royal_crown_falvier_apparatus,cri2_4a3f5ec3ae6ae8563356b1ee,t0p_9067a6dd9667f9741607efe3,Miles Hayward the White,candidate_exact_owner_not_admitted,,courtos.responsibility.franchise_operations:uatfacility_647d529f5d390648228e1c9a,t0p_3a551f31060008fc6d3c111e,Renaud the Elder of Ivydale,candidate_exact_owner_not_admitted,courtos.responsibility.revenue_right_administration_collection:uatfacility_647d529f5d390648228e1c9a,t0p_da25a4e969b615e98d4953db,Adam Scribner the Younger,unknown_or_not_independently_admitted,unknown_or_not_independently_admitted,unknown_or_not_independently_admitted,unknown_or_not_independently_admitted,unknown_no_direct_current_condition_observation,1,false,false,true,admitted_security_facility_assignment_runtime_input,FOUNDER_APPROVED_PHASE_FIVE_SECURITY_MATERIALIZATION_2026_07_29
uatfacility_6637152196d3f66beed07c46,specialized_facility:STEP6DB-RIGHT-SELECTED-000086:market_hx_48176_196,local_functional_facility,market,manor_hx_48176,lcu_registry_sett_hx_48176,Ivydale,estate_surface_d6d6c18bbe2dd05bde4d,IE-010,active,,functional_custody,functional_custodian,,security-custody:uatfacility_6637152196d3f66beed07c46,,STEP6DB-RIGHT-SELECTED-000086,market_fair_franchise,house:house_ivrel_south_v3cz,house:house_ivrel_south_v3cz,institution:royal_crown_falvier_apparatus,cri2_c5447e8f5e9fb2df335fc421,t0p_da6ce1da470ba99fad5f01c2,Roger Fuller the Elder,candidate_exact_owner_not_admitted,,courtos.responsibility.franchise_operations:uatfacility_6637152196d3f66beed07c46,t0p_6b8688bfbca65d710207810b,Ranulf the Elder of Eldham,candidate_exact_owner_not_admitted,courtos.responsibility.revenue_right_administration_collection:uatfacility_6637152196d3f66beed07c46,t0p_6b8688bfbca65d710207810b,Ranulf the Elder of Eldham,unknown_or_not_independently_admitted,unknown_or_not_independently_admitted,unknown_or_not_independently_admitted,unknown_or_not_independently_admitted,unknown_no_direct_current_condition_observation,1,false,false,true,admitted_security_facility_assignment_runtime_input,FOUNDER_APPROVED_PHASE_FIVE_SECURITY_MATERIALIZATION_2026_07_29
uatfacility_66699dd840e7cef7bf22bf71,specialized_facility:STEP6DB-RIGHT-SELECTED-000122:fair_hx_40312_173,local_functional_facility,fair,manor_hx_40312,lcu_registry_sett_hx_40312,Eldham,estate_surface_be2b2684d01789006b19,IE-010,active,,functional_custody,functional_custodian,,security-custody:uatfacility_66699dd840e7cef7bf22bf71,,STEP6DB-RIGHT-SELECTED-000122,market_fair_franchise,institution:archbishopric_of_eldham,institution:archbishopric_of_eldham,institution:royal_crown_falvier_apparatus,cri2_de58f3dcd57b9efcfd4a4d6c,t0p_96beae428856f3dab8659323,Thomas Broadfield,candidate_exact_owner_not_admitted,,courtos.responsibility.franchise_operations:uatfacility_66699dd840e7cef7bf22bf71,t0p_88d57d06b225ec41a0d64823,John the Elder of Eldham,candidate_exact_owner_not_admitted,courtos.responsibility.revenue_right_administration_collection:uatfacility_66699dd840e7cef7bf22bf71,t0p_88d57d06b225ec41a0d64823,John the Elder of Eldham,unknown_or_not_independently_admitted,unknown_or_not_independently_admitted,unknown_or_not_independently_admitted,unknown_or_not_independently_admitted,unknown_no_direct_current_condition_observation,1,false,false,true,admitted_security_facility_assignment_runtime_input,FOUNDER_APPROVED_PHASE_FIVE_SECURITY_MATERIALIZATION_2026_07_29
uatfacility_67b263e0e97c7a2eb73b2e50,specialized_facility:STEP6DB-RIGHT-SELECTED-000119:fair_hx_39260_164,local_functional_facility,fair,manor_hx_39260,lcu_registry_sett_hx_39260,Crowmarsh,estate_surface_108a4f1ff678b3417f7d,IE-010,active,,functional_custody,functional_custodian,,security-custody:uatfacility_67b263e0e97c7a2eb73b2e50,,STEP6DB-RIGHT-SELECTED-000119,market_fair_franchise,institution:bishopric_of_crowmarsh,institution:bishopric_of_crowmarsh,institution:royal_crown_falvier_apparatus,cri2_506d3718447f857a97e419a9,t0p_7c3fc0008e632b907cee8d6a,Wulfstan Spicer,candidate_exact_owner_not_admitted,,courtos.responsibility.franchise_operations:uatfacility_67b263e0e97c7a2eb73b2e50,t0p_a357c671eeb1722d504f1a92,Herman of Hazelwick,candidate_exact_owner_not_admitted,courtos.responsibility.revenue_right_administration_collection:uatfacility_67b263e0e97c7a2eb73b2e50,t0p_a357c671eeb1722d504f1a92,Herman of Hazelwick,unknown_or_not_independently_admitted,unknown_or_not_independently_admitted,unknown_or_not_independently_admitted,unknown_or_not_independently_admitted,unknown_no_direct_current_condition_observation,1,false,false,true,admitted_security_facility_assignment_runtime_input,FOUNDER_APPROVED_PHASE_FIVE_SECURITY_MATERIALIZATION_2026_07_29
uatfacility_68ced87279d129ee726050e6,specialized_facility:STEP6DB-RIGHT-SELECTED-000015:market_hx_33886_113,local_functional_facility,market,manor_hx_33886,lcu_registry_sett_hx_33886,Larkspire,estate_surface_59d90d3074768d30c4dc,IE-010,active,,functional_custody,functional_custodian,,security-custody:uatfacility_68ced87279d129ee726050e6,,STEP6DB-RIGHT-SELECTED-000015,market_fair_franchise,house:house_serevin_south_x1ub,house:house_serevin_south_x1ub,institution:royal_crown_falvier_apparatus,cri2_4977e31f701d385f0301d765,t0p_74e10a5a19ff954839647117,Florent Fenfield,candidate_exact_owner_not_admitted,,courtos.responsibility.franchise_operations:uatfacility_68ced87279d129ee726050e6,t0p_0ea3406eb9e26599d5229617,Fulke of Larkspire,candidate_exact_owner_not_admitted,courtos.responsibility.revenue_right_administration_collection:uatfacility_68ced87279d129ee726050e6,t0p_0ea3406eb9e26599d5229617,Fulke of Larkspire,unknown_or_not_independently_admitted,unknown_or_not_independently_admitted,unknown_or_not_independently_admitted,unknown_or_not_independently_admitted,unknown_no_direct_current_condition_observation,1,false,false,true,admitted_security_facility_assignment_runtime_input,FOUNDER_APPROVED_PHASE_FIVE_SECURITY_MATERIALIZATION_2026_07_29
uatfacility_696fc8b7019ea5d4b4da432b,specialized_facility:STEP6DB-RIGHT-SELECTED-000145:toll_point_hx_45424_65,controlled_crossing,toll_point,manor_hx_45983,lcu_rural_manor_hx_45702,Glastonmere,estate_surface_7d4170ac634ed3e637cc,IE-009,active,,named_post,named_post_covered,security-post:crossing:uatfacility_696fc8b7019ea5d4b4da432b,,,STEP6DB-RIGHT-SELECTED-000145,bridge_ferry_toll_route,institution:royal_crown_falvier_apparatus,institution:royal_crown_falvier_apparatus,institution:royal_crown_falvier_apparatus,cri2_2e3852d88c74b4a29eb3374c,t0p_afc0fa84510e30836773dd34,Nigel Scrivener the Red,candidate_exact_owner_not_admitted,,courtos.responsibility.franchise_operations:uatfacility_696fc8b7019ea5d4b4da432b,t0p_694c6b2169c7f925221c95b7,Benoit of Crownfold Court,candidate_exact_owner_not_admitted,courtos.responsibility.revenue_right_administration_collection:uatfacility_696fc8b7019ea5d4b4da432b,t0p_252d1651dd06c63d105814e4,Guy of Pilgrimwick Court,unknown_or_not_independently_admitted,unknown_or_not_independently_admitted,unknown_or_not_independently_admitted,unknown_or_not_independently_admitted,unknown_no_direct_current_condition_observation,1,false,false,true,admitted_security_facility_assignment_runtime_input,FOUNDER_APPROVED_PHASE_FIVE_SECURITY_MATERIALIZATION_2026_07_29
uatfacility_6b2e5da5adcb887f1c551274,specialized_facility:STEP6DB-RIGHT-SELECTED-000117:fair_hx_34487_127,local_functional_facility,fair,manor_hx_34487,lcu_registry_sett_hx_34487,Merewatch,estate_surface_7798294b283a0ff9c4ca,IE-010,active,,functional_custody,functional_custodian,,security-custody:uatfacility_6b2e5da5adcb887f1c551274,,STEP6DB-RIGHT-SELECTED-000117,market_fair_franchise,institution:bishopric_of_merewatch,institution:bishopric_of_merewatch,institution:royal_crown_falvier_apparatus,cri2_7508edf74990bd24b20e648e,t0p_454540a212f4addc4d412829,Richard Reader the Younger,candidate_exact_owner_not_admitted,,courtos.responsibility.franchise_operations:uatfacility_6b2e5da5adcb887f1c551274,t0p_8c4963d1fe1829e440910c74,Ulric of Grimwold Court,candidate_exact_owner_not_admitted,courtos.responsibility.revenue_right_administration_collection:uatfacility_6b2e5da5adcb887f1c551274,t0p_8c4963d1fe1829e440910c74,Ulric of Grimwold Court,unknown_or_not_independently_admitted,unknown_or_not_independently_admitted,unknown_or_not_independently_admitted,unknown_or_not_independently_admitted,unknown_no_direct_current_condition_observation,1,false,false,true,admitted_security_facility_assignment_runtime_input,FOUNDER_APPROVED_PHASE_FIVE_SECURITY_MATERIALIZATION_2026_07_29
uatfacility_6ca3fc0a6cd0c4ef1bbc0235,specialized_facility:STEP6DB-RIGHT-SELECTED-000112:market_hx_55776_691,local_functional_facility,market,manor_hx_55776,lcu_rural_manor_hx_55776,Kestrelford,estate_surface_7fd53be64ddaa95fe77b,IE-010,active,,functional_custody,functional_custodian,,security-custody:uatfacility_6ca3fc0a6cd0c4ef1bbc0235,,STEP6DB-RIGHT-SELECTED-000112,market_fair_franchise,house:house_falvier_river_g9hz,house:house_falvier_river_g9hz,institution:royal_crown_falvier_apparatus,cri2_44269477cf70e02e85196b44,t0p_619aba59dffa33f69111090e,Gilbert Penn,candidate_exact_owner_not_admitted,,courtos.responsibility.franchise_operations:uatfacility_6ca3fc0a6cd0c4ef1bbc0235,t0p_999080f5f38087adf8e243f0,Aylwin the Elder of Hartedge,candidate_exact_owner_not_admitted,courtos.responsibility.revenue_right_administration_collection:uatfacility_6ca3fc0a6cd0c4ef1bbc0235,t0p_2eb3c06ed74725bd89ad4f32,Theobald Scribner,unknown_or_not_independently_admitted,unknown_or_not_independently_admitted,unknown_or_not_independently_admitted,unknown_or_not_independently_admitted,unknown_no_direct_current_condition_observation,1,false,false,true,admitted_security_facility_assignment_runtime_input,FOUNDER_APPROVED_PHASE_FIVE_SECURITY_MATERIALIZATION_2026_07_29
uatfacility_6d9f94ec62053b0d006ca17f,specialized_facility:STEP6DB-RIGHT-SELECTED-000068:market_hx_40661_527,local_functional_facility,market,manor_hx_40661,lcu_rural_manor_hx_40661,Crowmarsh,estate_surface_1c187a17381453856839,IE-010,active,,functional_custody,functional_custodian,,security-custody:uatfacility_6d9f94ec62053b0d006ca17f,,STEP6DB-RIGHT-SELECTED-000068,market_fair_franchise,house:house_xainval_court_s1qk,house:house_xainval_court_s1qk,institution:royal_crown_falvier_apparatus,cri2_623e5a9d01f58175e020a81c,t0p_5d316048c601ea3cb4ed0f9e,Edmund Scribner the Younger,candidate_exact_owner_not_admitted,,courtos.responsibility.franchise_operations:uatfacility_6d9f94ec62053b0d006ca17f,t0p_3f7494988bba435e42af5d04,Edwin of Shadewell,candidate_exact_owner_not_admitted,courtos.responsibility.revenue_right_administration_collection:uatfacility_6d9f94ec62053b0d006ca17f,t0p_cfb1afccc48289ee8d82e468,Renaud Small,unknown_or_not_independently_admitted,unknown_or_not_independently_admitted,unknown_or_not_independently_admitted,unknown_or_not_independently_admitted,unknown_no_direct_current_condition_observation,1,false,false,true,admitted_security_facility_assignment_runtime_input,FOUNDER_APPROVED_PHASE_FIVE_SECURITY_MATERIALIZATION_2026_07_29
uatfacility_6da0f7eb85a8721e2ab3b441,specialized_facility:STEP6DB-RIGHT-SELECTED-000178:fishery_candidate_hx_45979_707,local_functional_facility,fishery_candidate,manor_hx_45979,lcu_rural_manor_hx_45979,Glastonmere,estate_surface_54b29c0503e43b747e92,IE-011,active,,functional_custody,functional_custodian,,security-custody:uatfacility_6da0f7eb85a8721e2ab3b441,,STEP6DB-RIGHT-SELECTED-000178,fishery_storage_water_transport,institution:royal_crown_falvier_apparatus,institution:royal_crown_falvier_apparatus,institution:royal_crown_falvier_apparatus,cri2_95932973656232dc36de21b9,t0p_78384c8a8c677ea54b3a3b7a,Frederick Shield,candidate_exact_owner_not_admitted,,courtos.responsibility.franchise_operations:uatfacility_6da0f7eb85a8721e2ab3b441,t0p_1f9ab077e95092653d560763,Florent Falvier,candidate_exact_owner_not_admitted,courtos.responsibility.revenue_right_administration_collection:uatfacility_6da0f7eb85a8721e2ab3b441,t0p_1f9ab077e95092653d560763,Florent Falvier,unknown_or_not_independently_admitted,unknown_or_not_independently_admitted,unknown_or_not_independently_admitted,unknown_or_not_independently_admitted,unknown_no_direct_current_condition_observation,1,false,false,true,admitted_security_facility_assignment_runtime_input,FOUNDER_APPROVED_PHASE_FIVE_SECURITY_MATERIALIZATION_2026_07_29
uatfacility_6e132ee55493b794a15cacf0,specialized_facility:STEP6DB-RIGHT-SELECTED-000142:toll_point_hx_39442_53,controlled_crossing,toll_point,manor_hx_39442,lcu_registry_sett_hx_39442,Dunmere,estate_surface_7b8041360015d89a7bc9,IE-009,active,,named_post,named_post_covered,security-post:crossing:uatfacility_6e132ee55493b794a15cacf0,,,STEP6DB-RIGHT-SELECTED-000142,bridge_ferry_toll_route,house:house_serevin_east_h2sl,house:house_serevin_east_h2sl,institution:royal_crown_falvier_apparatus,cri2_553a33ceba7c7e1db96fcfce,t0p_27c854a409cff81cb799b9d6,Dunstan Cooper the Elder,candidate_exact_owner_not_admitted,,courtos.responsibility.franchise_operations:uatfacility_6e132ee55493b794a15cacf0,t0p_3fe22aa2e8a06ff54fc03f98,Alix of Merewatch,candidate_exact_owner_not_admitted,courtos.responsibility.revenue_right_administration_collection:uatfacility_6e132ee55493b794a15cacf0,t0p_44620a15c68ee5761f39967a,Simon FitzAethelred,unknown_or_not_independently_admitted,unknown_or_not_independently_admitted,unknown_or_not_independently_admitted,unknown_or_not_independently_admitted,unknown_no_direct_current_condition_observation,1,false,false,true,admitted_security_facility_assignment_runtime_input,FOUNDER_APPROVED_PHASE_FIVE_SECURITY_MATERIALIZATION_2026_07_29
uatfacility_6ff33b7501d3d1eeb3f44581,specialized_facility:STEP6DB-RIGHT-SELECTED-000168:mill_hx_30543_299,local_functional_facility,mill,manor_hx_30543,lcu_rural_manor_hx_30543,Bramholt,estate_surface_8097b4c053544fc99db1,IE-007,active,,functional_custody,functional_custodian,,security-custody:uatfacility_6ff33b7501d3d1eeb3f44581,,STEP6DB-RIGHT-SELECTED-000168,mill_facility,house:house_yvrande_high_xr3k,house:house_yvrande_high_xr3k,house:house_yvrande_high_xr3k,cri2_7c2f9cf8d18791a26e713e76,t0p_2ba1fe9ef95cf06a53038148,Warin Field,candidate_exact_owner_not_admitted,,courtos.responsibility.franchise_operations:uatfacility_6ff33b7501d3d1eeb3f44581,t0p_1fe7506bda0f1d4b7108b563,Cecilia of Acrefold,candidate_exact_owner_not_admitted,courtos.responsibility.revenue_right_administration_collection:uatfacility_6ff33b7501d3d1eeb3f44581,t0p_1fe7506bda0f1d4b7108b563,Cecilia of Acrefold,unknown_or_not_independently_admitted,unknown_or_not_independently_admitted,unknown_or_not_independently_admitted,unknown_or_not_independently_admitted,unknown_no_direct_current_condition_observation,1,false,false,true,admitted_security_facility_assignment_runtime_input,FOUNDER_APPROVED_PHASE_FIVE_SECURITY_MATERIALIZATION_2026_07_29
uatfacility_70509ab2a26bffe1fe6ab37f,specialized_facility:STEP6DB-RIGHT-SELECTED-000010:market_hx_32484_330,local_functional_facility,market,manor_hx_32484,lcu_rural_manor_hx_32484,Larkspire,estate_surface_68b3586c8c365031e681,IE-010,active,,functional_custody,functional_custodian,,security-custody:uatfacility_70509ab2a26bffe1fe6ab37f,,STEP6DB-RIGHT-SELECTED-000010,market_fair_franchise,house:house_serevin_south_x1ub,house:house_serevin_south_x1ub,institution:royal_crown_falvier_apparatus,cri2_a28ecfebea6fc695e85e45ea,t0p_7fad257caaf5248e6fb5444a,Gerard Black the Red,candidate_exact_owner_not_admitted,,courtos.responsibility.franchise_operations:uatfacility_70509ab2a26bffe1fe6ab37f,t0p_0ea3406eb9e26599d5229617,Fulke of Larkspire,candidate_exact_owner_not_admitted,courtos.responsibility.revenue_right_administration_collection:uatfacility_70509ab2a26bffe1fe6ab37f,t0p_0ea3406eb9e26599d5229617,Fulke of Larkspire,unknown_or_not_independently_admitted,unknown_or_not_independently_admitted,unknown_or_not_independently_admitted,unknown_or_not_independently_admitted,unknown_no_direct_current_condition_observation,1,false,false,true,admitted_security_facility_assignment_runtime_input,FOUNDER_APPROVED_PHASE_FIVE_SECURITY_MATERIALIZATION_2026_07_29
uatfacility_70ce561c46bd90f555b313f9,specialized_facility:STEP6DB-RIGHT-SELECTED-000040:market_hx_37816_148,local_functional_facility,market,manor_hx_37816,lcu_registry_sett_hx_37816,Falkenford,estate_surface_cbaf8b095d4ef04af227,IE-010,active,,functional_custody,functional_custodian,,security-custody:uatfacility_70ce561c46bd90f555b313f9,,STEP6DB-RIGHT-SELECTED-000040,market_fair_franchise,house:house_orbray_lower_6n3g,house:house_orbray_lower_6n3g,institution:royal_crown_falvier_apparatus,cri2_59682fad379c7d87b11f5283,t0p_1dfab47b817dbe877d4bbf8e,Reginald Rolls the Younger,candidate_exact_owner_not_admitted,,courtos.responsibility.franchise_operations:uatfacility_70ce561c46bd90f555b313f9,t0p_89687db296f65127f51715bc,Alwin the Elder of Waterfield,candidate_exact_owner_not_admitted,courtos.responsibility.revenue_right_administration_collection:uatfacility_70ce561c46bd90f555b313f9,t0p_ee167aeeb90ce8c6fd94934a,Thibaut Scribner,unknown_or_not_independently_admitted,unknown_or_not_independently_admitted,unknown_or_not_independently_admitted,unknown_or_not_independently_admitted,unknown_no_direct_current_condition_observation,1,false,false,true,admitted_security_facility_assignment_runtime_input,FOUNDER_APPROVED_PHASE_FIVE_SECURITY_MATERIALIZATION_2026_07_29
uatfacility_713405eb55d177d6247ae7f8,specialized_facility:STEP6DB-RIGHT-SELECTED-000111:market_hx_55495_226,local_functional_facility,market,manor_hx_55495,lcu_registry_sett_hx_55495,Kestrelford,estate_surface_fb7cbf0dfb5687d1736f,IE-010,active,,functional_custody,functional_custodian,,security-custody:uatfacility_713405eb55d177d6247ae7f8,,STEP6DB-RIGHT-SELECTED-000111,market_fair_franchise,institution:bishopric_of_kestrelford,institution:bishopric_of_kestrelford,institution:royal_crown_falvier_apparatus,cri2_06852ea9bbf1294d29cac9f3,t0p_cd561fa4b4c4b843861e0771,Godwin Brewer,candidate_exact_owner_not_admitted,,courtos.responsibility.franchise_operations:uatfacility_713405eb55d177d6247ae7f8,t0p_9d5c48a65c7c3366d70f63a1,Hakon of Ashbridge,candidate_exact_owner_not_admitted,courtos.responsibility.revenue_right_administration_collection:uatfacility_713405eb55d177d6247ae7f8,t0p_9d5c48a65c7c3366d70f63a1,Hakon of Ashbridge,unknown_or_not_independently_admitted,unknown_or_not_independently_admitted,unknown_or_not_independently_admitted,unknown_or_not_independently_admitted,unknown_no_direct_current_condition_observation,1,false,false,true,admitted_security_facility_assignment_runtime_input,FOUNDER_APPROVED_PHASE_FIVE_SECURITY_MATERIALIZATION_2026_07_29
uatfacility_75be9c9a6958c31ce09e7801,specialized_facility:STEP6DB-RIGHT-SELECTED-000124:fair_hx_45974_187,local_functional_facility,fair,manor_hx_45974,lcu_registry_sett_hx_45974,Glastonmere,estate_surface_6ae8a7550ce8ccda0a86,IE-010,active,,functional_custody,functional_custodian,,security-custody:uatfacility_75be9c9a6958c31ce09e7801,,STEP6DB-RIGHT-SELECTED-000124,market_fair_franchise,house:house_keldran_elder_cs6p,house:house_keldran_elder_cs6p,institution:royal_crown_falvier_apparatus,cri2_1afc28f9d57b66d054608471,t0p_9d984104447fbcfeac1d3fa7,Nigel Scrivener the Elder,candidate_exact_owner_not_admitted,,courtos.responsibility.franchise_operations:uatfacility_75be9c9a6958c31ce09e7801,t0p_8023ebdf3efc84a5f6f3e74b,Gilbert of Glastonmere,candidate_exact_owner_not_admitted,courtos.responsibility.revenue_right_administration_collection:uatfacility_75be9c9a6958c31ce09e7801,t0p_8023ebdf3efc84a5f6f3e74b,Gilbert of Glastonmere,unknown_or_not_independently_admitted,unknown_or_not_independently_admitted,unknown_or_not_independently_admitted,unknown_or_not_independently_admitted,unknown_no_direct_current_condition_observation,1,false,false,true,admitted_security_facility_assignment_runtime_input,FOUNDER_APPROVED_PHASE_FIVE_SECURITY_MATERIALIZATION_2026_07_29
uatfacility_764b9b6b5fb252746bb50d11,specialized_facility:STEP6DB-RIGHT-SELECTED-000103:market_hx_51580_212,local_functional_facility,market,manor_hx_51580,lcu_registry_sett_hx_51580,Alderwick,estate_surface_96c53c57e58d0c214a0f,IE-010,active,,functional_custody,functional_custodian,,security-custody:uatfacility_764b9b6b5fb252746bb50d11,,STEP6DB-RIGHT-SELECTED-000103,market_fair_franchise,institution:archbishopric_of_eldham,institution:archbishopric_of_eldham,institution:royal_crown_falvier_apparatus,cri2_d6acc0e4b213ec89b699cb80,t0p_5de3357b914f42470b4a9032,John Tanner,candidate_exact_owner_not_admitted,,courtos.responsibility.franchise_operations:uatfacility_764b9b6b5fb252746bb50d11,t0p_88d57d06b225ec41a0d64823,John the Elder of Eldham,candidate_exact_owner_not_admitted,courtos.responsibility.revenue_right_administration_collection:uatfacility_764b9b6b5fb252746bb50d11,t0p_88d57d06b225ec41a0d64823,John the Elder of Eldham,unknown_or_not_independently_admitted,unknown_or_not_independently_admitted,unknown_or_not_independently_admitted,unknown_or_not_independently_admitted,unknown_no_direct_current_condition_observation,1,false,false,true,admitted_security_facility_assignment_runtime_input,FOUNDER_APPROVED_PHASE_FIVE_SECURITY_MATERIALIZATION_2026_07_29
uatfacility_77d777640cd2f0e18be3e520,specialized_facility:STEP6DB-RIGHT-SELECTED-000171:mill_hx_37497_452,local_functional_facility,mill,manor_hx_37497,lcu_rural_manor_hx_37497,Dunmere,estate_surface_7ea76d39e762a9962380,IE-007,active,,functional_custody,functional_custodian,,security-custody:uatfacility_77d777640cd2f0e18be3e520,,STEP6DB-RIGHT-SELECTED-000171,mill_facility,house:house_grisard_north_80yf,house:house_grisard_north_80yf,house:house_grisard_north_80yf,cri2_c7da845e19250f61debcfd3a,t0p_227bf8575ec86880a0a02b2c,Edwin Penn the Elder,candidate_exact_owner_not_admitted,,courtos.responsibility.franchise_operations:uatfacility_77d777640cd2f0e18be3e520,t0p_cf07510ab909652697e88981,Jan the Elder of Hartwick,candidate_exact_owner_not_admitted,courtos.responsibility.revenue_right_administration_collection:uatfacility_77d777640cd2f0e18be3e520,t0p_cf07510ab909652697e88981,Jan the Elder of Hartwick,unknown_or_not_independently_admitted,unknown_or_not_independently_admitted,unknown_or_not_independently_admitted,unknown_or_not_independently_admitted,unknown_no_direct_current_condition_observation,1,false,false,true,admitted_security_facility_assignment_runtime_input,FOUNDER_APPROVED_PHASE_FIVE_SECURITY_MATERIALIZATION_2026_07_29
uatfacility_78544b926fbf6f4c28c36322,specialized_facility:STEP6DB-RIGHT-SELECTED-000130:fair_hx_52418_216,local_functional_facility,fair,manor_hx_52418,lcu_registry_sett_hx_52418,Alderwick,estate_surface_7e3af1ffa63936c4e72b,IE-010,active,,functional_custody,functional_custodian,,security-custody:uatfacility_78544b926fbf6f4c28c36322,,STEP6DB-RIGHT-SELECTED-000130,market_fair_franchise,house:house_xainval_east_fen5,house:house_xainval_east_fen5,institution:royal_crown_falvier_apparatus,cri2_f9f93355b05633c2921009dd,t0p_605e9dfd414a40c1986b095a,Robert Lister the Grey,candidate_exact_owner_not_admitted,,courtos.responsibility.franchise_operations:uatfacility_78544b926fbf6f4c28c36322,t0p_b807953ab8b47d5fc33c2cd0,Cuthbert of Greencote Hall,candidate_exact_owner_not_admitted,courtos.responsibility.revenue_right_administration_collection:uatfacility_78544b926fbf6f4c28c36322,t0p_165557abb24dda3ee341cabd,"Fulke Lister, clerk collector",unknown_or_not_independently_admitted,unknown_or_not_independently_admitted,unknown_or_not_independently_admitted,unknown_or_not_independently_admitted,unknown_no_direct_current_condition_observation,1,false,false,true,admitted_security_facility_assignment_runtime_input,FOUNDER_APPROVED_PHASE_FIVE_SECURITY_MATERIALIZATION_2026_07_29
uatfacility_79faeb34a75d5c2c546cf558,specialized_facility:STEP6DB-RIGHT-SELECTED-000187:storage_or_granary_candidate_hx_55495_228,local_functional_facility,storage_or_granary_candidate,manor_hx_55495,lcu_registry_sett_hx_55495,Kestrelford,estate_surface_87cc1d70faf39c103e10,IE-002,active,,functional_custody,functional_custodian,,security-custody:uatfacility_79faeb34a75d5c2c546cf558,,STEP6DB-RIGHT-SELECTED-000187,fishery_storage_water_transport,institution:bishopric_of_kestrelford,institution:bishopric_of_kestrelford,institution:bishopric_of_kestrelford,cri2_06852ea9bbf1294d29cac9f3,t0p_cd561fa4b4c4b843861e0771,Godwin Brewer,candidate_exact_owner_not_admitted,,courtos.responsibility.franchise_operations:uatfacility_79faeb34a75d5c2c546cf558,t0p_9d5c48a65c7c3366d70f63a1,Hakon of Ashbridge,candidate_exact_owner_not_admitted,courtos.responsibility.revenue_right_administration_collection:uatfacility_79faeb34a75d5c2c546cf558,t0p_9d5c48a65c7c3366d70f63a1,Hakon of Ashbridge,unknown_or_not_independently_admitted,unknown_or_not_independently_admitted,unknown_or_not_independently_admitted,unknown_or_not_independently_admitted,unknown_no_direct_current_condition_observation,1,false,false,true,admitted_security_facility_assignment_runtime_input,FOUNDER_APPROVED_PHASE_FIVE_SECURITY_MATERIALIZATION_2026_07_29
uatfacility_7a35cbbd06392622b6892211,specialized_facility:STEP6DB-RIGHT-SELECTED-000166:mill_hx_29407_278,local_functional_facility,mill,manor_hx_29407,lcu_rural_manor_hx_29407,Bramholt,estate_surface_e6ee8b115dd9e7ff8cef,IE-007,active,,functional_custody,functional_custodian,,security-custody:uatfacility_7a35cbbd06392622b6892211,,STEP6DB-RIGHT-SELECTED-000166,mill_facility,institution:royal_crown_falvier_apparatus,institution:royal_crown_falvier_apparatus,institution:royal_crown_falvier_apparatus,cri2_7037526d13a8739425c82a9a,t0p_33811ec48c638dd505a1eb0b,Savin Woolman,candidate_exact_owner_not_admitted,,courtos.responsibility.franchise_operations:uatfacility_7a35cbbd06392622b6892211,t0p_1f9ab077e95092653d560763,Florent Falvier,candidate_exact_owner_not_admitted,courtos.responsibility.revenue_right_administration_collection:uatfacility_7a35cbbd06392622b6892211,t0p_1f9ab077e95092653d560763,Florent Falvier,unknown_or_not_independently_admitted,unknown_or_not_independently_admitted,unknown_or_not_independently_admitted,unknown_or_not_independently_admitted,unknown_no_direct_current_condition_observation,1,false,false,true,admitted_security_facility_assignment_runtime_input,FOUNDER_APPROVED_PHASE_FIVE_SECURITY_MATERIALIZATION_2026_07_29
uatfacility_7c78b5000479de3025ccde2b,specialized_facility:STEP6DB-RIGHT-SELECTED-000079:market_hx_46542_603,local_functional_facility,market,manor_hx_46542,lcu_rural_manor_hx_46542,Glastonmere,estate_surface_37de1dde94f8b23b6fb4,IE-010,active,,functional_custody,functional_custodian,,security-custody:uatfacility_7c78b5000479de3025ccde2b,,STEP6DB-RIGHT-SELECTED-000079,market_fair_franchise,institution:royal_crown_falvier_apparatus,institution:royal_crown_falvier_apparatus,institution:royal_crown_falvier_apparatus,cri2_ee54fc552f37849ed4bb474e,t0p_9bc01d3b5fb22668e86f05da,Savin Marshbrook,candidate_exact_owner_not_admitted,,courtos.responsibility.franchise_operations:uatfacility_7c78b5000479de3025ccde2b,t0p_1f9ab077e95092653d560763,Florent Falvier,candidate_exact_owner_not_admitted,courtos.responsibility.revenue_right_administration_collection:uatfacility_7c78b5000479de3025ccde2b,t0p_1f9ab077e95092653d560763,Florent Falvier,unknown_or_not_independently_admitted,unknown_or_not_independently_admitted,unknown_or_not_independently_admitted,unknown_or_not_independently_admitted,unknown_no_direct_current_condition_observation,1,false,false,true,admitted_security_facility_assignment_runtime_input,FOUNDER_APPROVED_PHASE_FIVE_SECURITY_MATERIALIZATION_2026_07_29
uatfacility_7c7dc6f5ef10325871d7d028,specialized_facility:STEP6DB-RIGHT-SELECTED-000149:toll_point_hx_53261_77,controlled_crossing,toll_point,manor_hx_53261,lcu_registry_sett_hx_52418,Alderwick,estate_surface_6e4e48a0fb758d49a38a,IE-009,active,,named_post,named_post_covered,security-post:crossing:uatfacility_7c7dc6f5ef10325871d7d028,,,STEP6DB-RIGHT-SELECTED-000149,bridge_ferry_toll_route,institution:royal_crown_falvier_apparatus,institution:royal_crown_falvier_apparatus,institution:royal_crown_falvier_apparatus,cri2_785228a3123f232de5e15d6c,t0p_afd76148e0572730f00fbc79,Miles Scriven the Younger,candidate_exact_owner_not_admitted,,courtos.responsibility.franchise_operations:uatfacility_7c7dc6f5ef10325871d7d028,t0p_72d901c3708f7e4355e0b3d6,Hugh the Younger of Broadhallow Court,candidate_exact_owner_not_admitted,courtos.responsibility.revenue_right_administration_collection:uatfacility_7c7dc6f5ef10325871d7d028,t0p_e89757ad77a93ff8ca054152,Gillis of Broadhallow Court,unknown_or_not_independently_admitted,unknown_or_not_independently_admitted,unknown_or_not_independently_admitted,unknown_or_not_independently_admitted,unknown_no_direct_current_condition_observation,1,false,false,true,admitted_security_facility_assignment_runtime_input,FOUNDER_APPROVED_PHASE_FIVE_SECURITY_MATERIALIZATION_2026_07_29
uatfacility_7cab7f5cb133fc41fa2b906c,specialized_facility:STEP6DB-RIGHT-SELECTED-000093:market_hx_49617_648,local_functional_facility,market,manor_hx_49617,lcu_rural_manor_hx_49617,Alderwick,estate_surface_f74b77d22d3c540a3db3,IE-010,active,,functional_custody,functional_custodian,,security-custody:uatfacility_7cab7f5cb133fc41fa2b906c,,STEP6DB-RIGHT-SELECTED-000093,market_fair_franchise,institution:royal_crown_falvier_apparatus,institution:royal_crown_falvier_apparatus,institution:royal_crown_falvier_apparatus,cri2_74c1cc2aa29bea035d45681e,t0p_2558527d991bdea4d5547bb9,Noel Scribner,candidate_exact_owner_not_admitted,,courtos.responsibility.franchise_operations:uatfacility_7cab7f5cb133fc41fa2b906c,t0p_1f9ab077e95092653d560763,Florent Falvier,candidate_exact_owner_not_admitted,courtos.responsibility.revenue_right_administration_collection:uatfacility_7cab7f5cb133fc41fa2b906c,t0p_1f9ab077e95092653d560763,Florent Falvier,unknown_or_not_independently_admitted,unknown_or_not_independently_admitted,unknown_or_not_independently_admitted,unknown_or_not_independently_admitted,unknown_no_direct_current_condition_observation,1,false,false,true,admitted_security_facility_assignment_runtime_input,FOUNDER_APPROVED_PHASE_FIVE_SECURITY_MATERIALIZATION_2026_07_29
uatfacility_7e95d5b665acdf6dc9a372a8,specialized_facility:STEP6DB-RIGHT-SELECTED-000041:market_hx_37817_457,local_functional_facility,market,manor_hx_37817,lcu_rural_manor_hx_37817,Falkenford,estate_surface_2c48c6da32a5505a3754,IE-010,active,,functional_custody,functional_custodian,,security-custody:uatfacility_7e95d5b665acdf6dc9a372a8,,STEP6DB-RIGHT-SELECTED-000041,market_fair_franchise,house:house_orbray_lower_6n3g,house:house_orbray_lower_6n3g,institution:royal_crown_falvier_apparatus,cri2_7f51bc92123af2baf1df74c3,t0p_4640972ce72b8bd3399d1ea2,Alan Dyer the Younger,candidate_exact_owner_not_admitted,,courtos.responsibility.franchise_operations:uatfacility_7e95d5b665acdf6dc9a372a8,t0p_89687db296f65127f51715bc,Alwin the Elder of Waterfield,candidate_exact_owner_not_admitted,courtos.responsibility.revenue_right_administration_collection:uatfacility_7e95d5b665acdf6dc9a372a8,t0p_ee167aeeb90ce8c6fd94934a,Thibaut Scribner,unknown_or_not_independently_admitted,unknown_or_not_independently_admitted,unknown_or_not_independently_admitted,unknown_or_not_independently_admitted,unknown_no_direct_current_condition_observation,1,false,false,true,admitted_security_facility_assignment_runtime_input,FOUNDER_APPROVED_PHASE_FIVE_SECURITY_MATERIALIZATION_2026_07_29
uatfacility_7ec07ffff815782fcb3e9caa,specialized_facility:STEP6DB-RIGHT-SELECTED-000160:manor_hx_36363,port_harbor,ports_coastal_external_market_context,manor_hx_36363,,Dunmere,estate_surface_7b99d41b2d8460f4d238,IE-011,active,,named_post,named_post_covered,security-post:port:uatfacility_7ec07ffff815782fcb3e9caa,,,STEP6DB-RIGHT-SELECTED-000160,ports_coastal_external_market,institution:royal_crown_falvier_apparatus,institution:royal_crown_falvier_apparatus,institution:royal_crown_falvier_apparatus,cri2_dd1118f6e1d7210a1d983c87,t0p_28b9d1ffae84a9477323c82f,Reginald Reader,current_conditional_instance,cri2_17a190c99980b4ce67cb69b5,,,,candidate_exact_owner_not_admitted,courtos.responsibility.revenue_right_administration_collection:uatfacility_7ec07ffff815782fcb3e9caa,t0p_1f9ab077e95092653d560763,Florent Falvier,unknown_or_not_independently_admitted,unknown_or_not_independently_admitted,unknown_or_not_independently_admitted,unknown_or_not_independently_admitted,unknown_no_direct_current_condition_observation,1,false,false,true,admitted_security_facility_assignment_runtime_input,FOUNDER_APPROVED_PHASE_FIVE_SECURITY_MATERIALIZATION_2026_07_29
uatfacility_8079c3e126a8e8ad0902314d,specialized_facility:STEP6DB-RIGHT-SELECTED-000080:market_hx_47616_615,local_functional_facility,market,manor_hx_47616,lcu_rural_manor_hx_47616,Ivydale,estate_surface_14315b9a1a6f5cc27993,IE-010,active,,functional_custody,functional_custodian,,security-custody:uatfacility_8079c3e126a8e8ad0902314d,,STEP6DB-RIGHT-SELECTED-000080,market_fair_franchise,house:house_eremond_wood_younger_o3gl,house:house_eremond_wood_younger_o3gl,institution:royal_crown_falvier_apparatus,cri2_90a26e7aedfc7596e09a1858,t0p_93f00ace925b3523b5e6a11e,John Brook,candidate_exact_owner_not_admitted,,courtos.responsibility.franchise_operations:uatfacility_8079c3e126a8e8ad0902314d,t0p_b0fd90a1da01e4d2eaf40a02,Jocelyn of Fallowfield,candidate_exact_owner_not_admitted,courtos.responsibility.revenue_right_administration_collection:uatfacility_8079c3e126a8e8ad0902314d,t0p_b0fd90a1da01e4d2eaf40a02,Jocelyn of Fallowfield,unknown_or_not_independently_admitted,unknown_or_not_independently_admitted,unknown_or_not_independently_admitted,unknown_or_not_independently_admitted,unknown_no_direct_current_condition_observation,1,false,false,true,admitted_security_facility_assignment_runtime_input,FOUNDER_APPROVED_PHASE_FIVE_SECURITY_MATERIALIZATION_2026_07_29
uatfacility_81b008e119017eb8fe44e603,specialized_facility:STEP6DB-RIGHT-SELECTED-000181:storage_or_granary_candidate_hx_34157_119,local_functional_facility,storage_or_granary_candidate,manor_hx_34157,lcu_registry_sett_hx_34157,Larkspire,estate_surface_cd636b2554b424543c61,IE-002,active,,functional_custody,functional_custodian,,security-custody:uatfacility_81b008e119017eb8fe44e603,,STEP6DB-RIGHT-SELECTED-000181,fishery_storage_water_transport,institution:bishopric_of_larkspire,institution:bishopric_of_larkspire,institution:bishopric_of_larkspire,cri2_a93092691f3d5af8dd339da8,t0p_a6c51641c2b65642bedc8f6c,Leofric Booker,candidate_exact_owner_not_admitted,,courtos.responsibility.franchise_operations:uatfacility_81b008e119017eb8fe44e603,t0p_3f7e7a43630fbce1a5291ddd,Martin the Elder of Valebury Hall,candidate_exact_owner_not_admitted,courtos.responsibility.revenue_right_administration_collection:uatfacility_81b008e119017eb8fe44e603,t0p_3f7e7a43630fbce1a5291ddd,Martin the Elder of Valebury Hall,unknown_or_not_independently_admitted,unknown_or_not_independently_admitted,unknown_or_not_independently_admitted,unknown_or_not_independently_admitted,unknown_no_direct_current_condition_observation,1,false,false,true,admitted_security_facility_assignment_runtime_input,FOUNDER_APPROVED_PHASE_FIVE_SECURITY_MATERIALIZATION_2026_07_29
uatfacility_82a45fd66fcf7cf561d25e86,specialized_facility:STEP6DB-RIGHT-SELECTED-000037:market_hx_37256_447,local_functional_facility,market,manor_hx_37256,lcu_rural_manor_hx_37256,Falkenford,estate_surface_8a7655e2cf80737f2524,IE-010,active,,functional_custody,functional_custodian,,security-custody:uatfacility_82a45fd66fcf7cf561d25e86,,STEP6DB-RIGHT-SELECTED-000037,market_fair_franchise,house:house_orbray_lower_6n3g,house:house_orbray_lower_6n3g,institution:royal_crown_falvier_apparatus,cri2_6280055d63058081ebfde77b,t0p_bd40a39d6ea6fb66dcfa3cf5,Hugh White the Elder,candidate_exact_owner_not_admitted,,courtos.responsibility.franchise_operations:uatfacility_82a45fd66fcf7cf561d25e86,t0p_89687db296f65127f51715bc,Alwin the Elder of Waterfield,candidate_exact_owner_not_admitted,courtos.responsibility.revenue_right_administration_collection:uatfacility_82a45fd66fcf7cf561d25e86,t0p_ee167aeeb90ce8c6fd94934a,Thibaut Scribner,unknown_or_not_independently_admitted,unknown_or_not_independently_admitted,unknown_or_not_independently_admitted,unknown_or_not_independently_admitted,unknown_no_direct_current_condition_observation,1,false,false,true,admitted_security_facility_assignment_runtime_input,FOUNDER_APPROVED_PHASE_FIVE_SECURITY_MATERIALIZATION_2026_07_29
uatfacility_832e8754d2c2774629e09cb2,specialized_facility:STEP6DB-RIGHT-SELECTED-000056:market_hx_39755_169,local_functional_facility,market,manor_hx_39755,lcu_registry_sett_hx_39755,Eldham,estate_surface_6ad57e44a02f76e9e4e4,IE-010,active,,functional_custody,functional_custodian,,security-custody:uatfacility_832e8754d2c2774629e09cb2,,STEP6DB-RIGHT-SELECTED-000056,market_fair_franchise,institution:archbishopric_of_eldham,institution:archbishopric_of_eldham,institution:royal_crown_falvier_apparatus,cri2_929f03c6c44e0ddfd0b6d9a2,t0p_4c2e7967eba93ccb52e9a41d,Hugh Small the Younger,candidate_exact_owner_not_admitted,,courtos.responsibility.franchise_operations:uatfacility_832e8754d2c2774629e09cb2,t0p_88d57d06b225ec41a0d64823,John the Elder of Eldham,candidate_exact_owner_not_admitted,courtos.responsibility.revenue_right_administration_collection:uatfacility_832e8754d2c2774629e09cb2,t0p_88d57d06b225ec41a0d64823,John the Elder of Eldham,unknown_or_not_independently_admitted,unknown_or_not_independently_admitted,unknown_or_not_independently_admitted,unknown_or_not_independently_admitted,unknown_no_direct_current_condition_observation,1,false,false,true,admitted_security_facility_assignment_runtime_input,FOUNDER_APPROVED_PHASE_FIVE_SECURITY_MATERIALIZATION_2026_07_29
uatfacility_83418efd50343a4b679bf256,specialized_facility:STEP6DB-RIGHT-SELECTED-000164:mill_hx_29127_272,local_functional_facility,mill,manor_hx_29127,lcu_rural_manor_hx_29127,Bramholt,estate_surface_d413ccd8c06d65ffc1be,IE-007,active,,functional_custody,functional_custodian,,security-custody:uatfacility_83418efd50343a4b679bf256,,STEP6DB-RIGHT-SELECTED-000164,mill_facility,minor_holding_fund:actor_minor_lordly_holding_candidate_0121,minor_holding_fund:actor_minor_lordly_holding_candidate_0121,minor_holding_fund:actor_minor_lordly_holding_candidate_0121,cri2_1ef210f684bda3423c033d0f,t0p_4c42bccc415fe8a1d1f4f6c1,Fulke Spicer the Elder,candidate_exact_owner_not_admitted,,courtos.responsibility.franchise_operations:uatfacility_83418efd50343a4b679bf256,t0p_4c42bccc415fe8a1d1f4f6c1,Fulke Spicer the Elder,candidate_exact_owner_not_admitted,courtos.responsibility.revenue_right_administration_collection:uatfacility_83418efd50343a4b679bf256,t0p_4c42bccc415fe8a1d1f4f6c1,Fulke Spicer the Elder,unknown_or_not_independently_admitted,unknown_or_not_independently_admitted,unknown_or_not_independently_admitted,unknown_or_not_independently_admitted,unknown_no_direct_current_condition_observation,1,false,false,true,admitted_security_facility_assignment_runtime_input,FOUNDER_APPROVED_PHASE_FIVE_SECURITY_MATERIALIZATION_2026_07_29
uatfacility_86cf08ad8a9f423d270b854b,specialized_facility:STEP6DB-RIGHT-SELECTED-000029:market_hx_35807_135,local_functional_facility,market,manor_hx_35807,lcu_registry_sett_hx_35807,Dunmere,estate_surface_f1b2153eac12630c4391,IE-010,active,,functional_custody,functional_custodian,,security-custody:uatfacility_86cf08ad8a9f423d270b854b,,STEP6DB-RIGHT-SELECTED-000029,market_fair_franchise,institution:bishopric_of_dunmere,institution:bishopric_of_dunmere,institution:royal_crown_falvier_apparatus,cri2_1227868e4b060725b70d51e6,t0p_b73d04676de88e2aa251dd55,Benoit Moorfield,candidate_exact_owner_not_admitted,,courtos.responsibility.franchise_operations:uatfacility_86cf08ad8a9f423d270b854b,t0p_f923b27f5d0201454ff85eac,William of Broadhallow Court,candidate_exact_owner_not_admitted,courtos.responsibility.revenue_right_administration_collection:uatfacility_86cf08ad8a9f423d270b854b,t0p_f923b27f5d0201454ff85eac,William of Broadhallow Court,unknown_or_not_independently_admitted,unknown_or_not_independently_admitted,unknown_or_not_independently_admitted,unknown_or_not_independently_admitted,unknown_no_direct_current_condition_observation,1,false,false,true,admitted_security_facility_assignment_runtime_input,FOUNDER_APPROVED_PHASE_FIVE_SECURITY_MATERIALIZATION_2026_07_29
uatfacility_8993dafaed7effd27cbf6f97,specialized_facility:STEP6DB-RIGHT-SELECTED-000127:fair_hx_49063_203,local_functional_facility,fair,manor_hx_49063,lcu_registry_sett_hx_49063,Glastonmere,estate_surface_33ddb2680418b501ad05,IE-010,active,,functional_custody,functional_custodian,,security-custody:uatfacility_8993dafaed7effd27cbf6f97,,STEP6DB-RIGHT-SELECTED-000127,market_fair_franchise,institution:royal_crown_falvier_apparatus,institution:royal_crown_falvier_apparatus,institution:royal_crown_falvier_apparatus,cri2_be4177de9c952bb9d5fbe441,t0p_f1da7252fafad7997a61775a,Thierry Packer the Elder,candidate_exact_owner_not_admitted,,courtos.responsibility.franchise_operations:uatfacility_8993dafaed7effd27cbf6f97,t0p_1f9ab077e95092653d560763,Florent Falvier,candidate_exact_owner_not_admitted,courtos.responsibility.revenue_right_administration_collection:uatfacility_8993dafaed7effd27cbf6f97,t0p_1f9ab077e95092653d560763,Florent Falvier,unknown_or_not_independently_admitted,unknown_or_not_independently_admitted,unknown_or_not_independently_admitted,unknown_or_not_independently_admitted,unknown_no_direct_current_condition_observation,1,false,false,true,admitted_security_facility_assignment_runtime_input,FOUNDER_APPROVED_PHASE_FIVE_SECURITY_MATERIALIZATION_2026_07_29
uatfacility_89b441e8c041126504e519e1,specialized_facility:STEP6DB-RIGHT-SELECTED-000140:toll_point_hx_34491_33,controlled_crossing,toll_point,manor_hx_34491,lcu_rural_manor_hx_34491,Merewatch,estate_surface_43c672650386d70a1d4f,IE-009,active,,named_post,named_post_covered,security-post:crossing:uatfacility_89b441e8c041126504e519e1,,,STEP6DB-RIGHT-SELECTED-000140,bridge_ferry_toll_route,house:house_keldran_v4vl,house:house_keldran_v4vl,institution:royal_crown_falvier_apparatus,cri2_14a315310d194088c02105e4,t0p_782931ed569dcd1bfa2f41d3,Eustace Brookham,candidate_exact_owner_not_admitted,,courtos.responsibility.franchise_operations:uatfacility_89b441e8c041126504e519e1,t0p_6fdcbb0d6e62670924c53fed,Noel of Merewatch,candidate_exact_owner_not_admitted,courtos.responsibility.revenue_right_administration_collection:uatfacility_89b441e8c041126504e519e1,t0p_6fdcbb0d6e62670924c53fed,Noel of Merewatch,unknown_or_not_independently_admitted,unknown_or_not_independently_admitted,unknown_or_not_independently_admitted,unknown_or_not_independently_admitted,unknown_no_direct_current_condition_observation,1,false,false,true,admitted_security_facility_assignment_runtime_input,FOUNDER_APPROVED_PHASE_FIVE_SECURITY_MATERIALIZATION_2026_07_29
uatfacility_8a4509b8be9b9ec9f97db1db,specialized_facility:STEP6DB-RIGHT-SELECTED-000183:storage_or_granary_candidate_hx_37816_149,local_functional_facility,storage_or_granary_candidate,manor_hx_37816,lcu_registry_sett_hx_37816,Falkenford,estate_surface_bd95688d882e09d9ce2c,IE-002,active,,functional_custody,functional_custodian,,security-custody:uatfacility_8a4509b8be9b9ec9f97db1db,,STEP6DB-RIGHT-SELECTED-000183,fishery_storage_water_transport,house:house_orbray_lower_6n3g,house:house_orbray_lower_6n3g,house:house_orbray_lower_6n3g,cri2_59682fad379c7d87b11f5283,t0p_1dfab47b817dbe877d4bbf8e,Reginald Rolls the Younger,candidate_exact_owner_not_admitted,,courtos.responsibility.franchise_operations:uatfacility_8a4509b8be9b9ec9f97db1db,t0p_89687db296f65127f51715bc,Alwin the Elder of Waterfield,candidate_exact_owner_not_admitted,courtos.responsibility.revenue_right_administration_collection:uatfacility_8a4509b8be9b9ec9f97db1db,t0p_ee167aeeb90ce8c6fd94934a,Thibaut Scribner,unknown_or_not_independently_admitted,unknown_or_not_independently_admitted,unknown_or_not_independently_admitted,unknown_or_not_independently_admitted,unknown_no_direct_current_condition_observation,1,false,false,true,admitted_security_facility_assignment_runtime_input,FOUNDER_APPROVED_PHASE_FIVE_SECURITY_MATERIALIZATION_2026_07_29
uatfacility_8dd696d2c608bf1d3b6d9de9,specialized_facility:STEP6DB-RIGHT-SELECTED-000113:market_hx_56057_695,local_functional_facility,market,manor_hx_56057,lcu_rural_manor_hx_56057,Alderwick,estate_surface_163fe3eb72edce89c8b3,IE-010,active,,functional_custody,functional_custodian,,security-custody:uatfacility_8dd696d2c608bf1d3b6d9de9,,STEP6DB-RIGHT-SELECTED-000113,market_fair_franchise,institution:royal_crown_falvier_apparatus,institution:royal_crown_falvier_apparatus,institution:royal_crown_falvier_apparatus,cri2_185d65226553b981f1991839,t0p_33497807df6d822ce1332121,Dunstan Brewer the Elder,candidate_exact_owner_not_admitted,,courtos.responsibility.franchise_operations:uatfacility_8dd696d2c608bf1d3b6d9de9,t0p_1f9ab077e95092653d560763,Florent Falvier,candidate_exact_owner_not_admitted,courtos.responsibility.revenue_right_administration_collection:uatfacility_8dd696d2c608bf1d3b6d9de9,t0p_1f9ab077e95092653d560763,Florent Falvier,unknown_or_not_independently_admitted,unknown_or_not_independently_admitted,unknown_or_not_independently_admitted,unknown_or_not_independently_admitted,unknown_no_direct_current_condition_observation,1,false,false,true,admitted_security_facility_assignment_runtime_input,FOUNDER_APPROVED_PHASE_FIVE_SECURITY_MATERIALIZATION_2026_07_29
uatfacility_8fa22d783f23db4a6e6ddac0,specialized_facility:STEP6DB-RIGHT-SELECTED-000167:mill_hx_30262_291,local_functional_facility,mill,manor_hx_30262,lcu_rural_manor_hx_30262,Bramholt,estate_surface_900480dad79e2fee9972,IE-007,active,,functional_custody,functional_custodian,,security-custody:uatfacility_8fa22d783f23db4a6e6ddac0,,STEP6DB-RIGHT-SELECTED-000167,mill_facility,house:house_arcemont_lower_oy6l,house:house_arcemont_lower_oy6l,house:house_arcemont_lower_oy6l,cri2_b5228350152a0ae4e830a8e9,t0p_86578f12d2e41aac3ebd3ebc,Wulfstan Nott,candidate_exact_owner_not_admitted,,courtos.responsibility.franchise_operations:uatfacility_8fa22d783f23db4a6e6ddac0,t0p_22c9cf8ae832fb131eb7dce6,Gautier of Bramholt,candidate_exact_owner_not_admitted,courtos.responsibility.revenue_right_administration_collection:uatfacility_8fa22d783f23db4a6e6ddac0,t0p_22c9cf8ae832fb131eb7dce6,Gautier of Bramholt,unknown_or_not_independently_admitted,unknown_or_not_independently_admitted,unknown_or_not_independently_admitted,unknown_or_not_independently_admitted,unknown_no_direct_current_condition_observation,1,false,false,true,admitted_security_facility_assignment_runtime_input,FOUNDER_APPROVED_PHASE_FIVE_SECURITY_MATERIALIZATION_2026_07_29
uatfacility_91aaf60911747d8303595565,specialized_facility:STEP6DB-RIGHT-SELECTED-000129:fair_hx_51580_213,local_functional_facility,fair,manor_hx_51580,lcu_registry_sett_hx_51580,Alderwick,estate_surface_96c53c57e58d0c214a0f,IE-010,active,,functional_custody,functional_custodian,,security-custody:uatfacility_91aaf60911747d8303595565,,STEP6DB-RIGHT-SELECTED-000129,market_fair_franchise,institution:archbishopric_of_eldham,institution:archbishopric_of_eldham,institution:royal_crown_falvier_apparatus,cri2_d6acc0e4b213ec89b699cb80,t0p_5de3357b914f42470b4a9032,John Tanner,candidate_exact_owner_not_admitted,,courtos.responsibility.franchise_operations:uatfacility_91aaf60911747d8303595565,t0p_88d57d06b225ec41a0d64823,John the Elder of Eldham,candidate_exact_owner_not_admitted,courtos.responsibility.revenue_right_administration_collection:uatfacility_91aaf60911747d8303595565,t0p_88d57d06b225ec41a0d64823,John the Elder of Eldham,unknown_or_not_independently_admitted,unknown_or_not_independently_admitted,unknown_or_not_independently_admitted,unknown_or_not_independently_admitted,unknown_no_direct_current_condition_observation,1,false,false,true,admitted_security_facility_assignment_runtime_input,FOUNDER_APPROVED_PHASE_FIVE_SECURITY_MATERIALIZATION_2026_07_29
uatfacility_92636346ebd92a29029d967b,specialized_facility:STEP6DB-RIGHT-SELECTED-000152:bridge_or_ford_hx_23203_2,controlled_crossing,bridge_or_ford,manor_hx_23483,lcu_rural_manor_hx_23483,Wyrmford,estate_surface_1bb7935d3b8795865a11,IE-009,active,,named_post,named_post_covered,security-post:crossing:uatfacility_92636346ebd92a29029d967b,,,STEP6DB-RIGHT-SELECTED-000152,bridge_ferry_toll_route,institution:bishopric_of_wyrmford,institution:bishopric_of_wyrmford,institution:royal_crown_falvier_apparatus,cri2_5f9e18efbb4b2db3a28fe0af,t0p_d1bb77820ea68e305fc93fb1,Valeran Booker the Elder,candidate_exact_owner_not_admitted,,courtos.responsibility.franchise_operations:uatfacility_92636346ebd92a29029d967b,t0p_d8832568a2d7a28d69d679e3,Hereward of Wyrmford,candidate_exact_owner_not_admitted,courtos.responsibility.revenue_right_administration_collection:uatfacility_92636346ebd92a29029d967b,t0p_d8832568a2d7a28d69d679e3,Hereward of Wyrmford,unknown_or_not_independently_admitted,unknown_or_not_independently_admitted,unknown_or_not_independently_admitted,unknown_or_not_independently_admitted,unknown_no_direct_current_condition_observation,1,false,false,true,admitted_security_facility_assignment_runtime_input,FOUNDER_APPROVED_PHASE_FIVE_SECURITY_MATERIALIZATION_2026_07_29
uatfacility_92c3532485748266cc95d33d,specialized_facility:STEP6DB-RIGHT-SELECTED-000116:fair_hx_33886_114,local_functional_facility,fair,manor_hx_33886,lcu_registry_sett_hx_33886,Larkspire,estate_surface_59d90d3074768d30c4dc,IE-010,active,,functional_custody,functional_custodian,,security-custody:uatfacility_92c3532485748266cc95d33d,,STEP6DB-RIGHT-SELECTED-000116,market_fair_franchise,house:house_serevin_south_x1ub,house:house_serevin_south_x1ub,institution:royal_crown_falvier_apparatus,cri2_4977e31f701d385f0301d765,t0p_74e10a5a19ff954839647117,Florent Fenfield,candidate_exact_owner_not_admitted,,courtos.responsibility.franchise_operations:uatfacility_92c3532485748266cc95d33d,t0p_0ea3406eb9e26599d5229617,Fulke of Larkspire,candidate_exact_owner_not_admitted,courtos.responsibility.revenue_right_administration_collection:uatfacility_92c3532485748266cc95d33d,t0p_0ea3406eb9e26599d5229617,Fulke of Larkspire,unknown_or_not_independently_admitted,unknown_or_not_independently_admitted,unknown_or_not_independently_admitted,unknown_or_not_independently_admitted,unknown_no_direct_current_condition_observation,1,false,false,true,admitted_security_facility_assignment_runtime_input,FOUNDER_APPROVED_PHASE_FIVE_SECURITY_MATERIALIZATION_2026_07_29
uatfacility_948b48505edb2358f0c186ad,specialized_facility:STEP6DB-RIGHT-SELECTED-000131:fair_hx_54094_221,local_functional_facility,fair,manor_hx_54094,lcu_registry_sett_hx_54094,Kestrelford,estate_surface_366237401afc5d411d79,IE-010,active,,functional_custody,functional_custodian,,security-custody:uatfacility_948b48505edb2358f0c186ad,,STEP6DB-RIGHT-SELECTED-000131,market_fair_franchise,house:house_serevin_tb2a,house:house_serevin_tb2a,institution:royal_crown_falvier_apparatus,cri2_3818b43956fe1dcefff8f4ef,t0p_477cf9fcdd3478bdb7dcbfef,Aethelred Wright the Elder,candidate_exact_owner_not_admitted,,courtos.responsibility.franchise_operations:uatfacility_948b48505edb2358f0c186ad,t0p_80e7ddd892e0f24910972073,Baldwin the Elder of Alderwick,candidate_exact_owner_not_admitted,courtos.responsibility.revenue_right_administration_collection:uatfacility_948b48505edb2358f0c186ad,t0p_80e7ddd892e0f24910972073,Baldwin the Elder of Alderwick,unknown_or_not_independently_admitted,unknown_or_not_independently_admitted,unknown_or_not_independently_admitted,unknown_or_not_independently_admitted,unknown_no_direct_current_condition_observation,1,false,false,true,admitted_security_facility_assignment_runtime_input,FOUNDER_APPROVED_PHASE_FIVE_SECURITY_MATERIALIZATION_2026_07_29
uatfacility_969403bc02f070d088ea8c56,specialized_facility:STEP6DB-RIGHT-SELECTED-000173:mill_hx_38619_474,local_functional_facility,mill,manor_hx_38619,lcu_rural_manor_hx_38619,Dunmere,estate_surface_4a78af618affe3dcff1b,IE-007,active,,functional_custody,functional_custodian,,security-custody:uatfacility_969403bc02f070d088ea8c56,,STEP6DB-RIGHT-SELECTED-000173,mill_facility,house:house_grisard_north_80yf,house:house_grisard_north_80yf,house:house_grisard_north_80yf,cri2_fbc95cc676db9ff6f2c5a5f8,t0p_5b0a9ddd6f73a887afa0affe,Alan Toller the Black,candidate_exact_owner_not_admitted,,courtos.responsibility.franchise_operations:uatfacility_969403bc02f070d088ea8c56,t0p_cf07510ab909652697e88981,Jan the Elder of Hartwick,candidate_exact_owner_not_admitted,courtos.responsibility.revenue_right_administration_collection:uatfacility_969403bc02f070d088ea8c56,t0p_cf07510ab909652697e88981,Jan the Elder of Hartwick,unknown_or_not_independently_admitted,unknown_or_not_independently_admitted,unknown_or_not_independently_admitted,unknown_or_not_independently_admitted,unknown_no_direct_current_condition_observation,1,false,false,true,admitted_security_facility_assignment_runtime_input,FOUNDER_APPROVED_PHASE_FIVE_SECURITY_MATERIALIZATION_2026_07_29
uatfacility_9859b6c6e6b436c8be134b42,specialized_facility:STEP6DB-RIGHT-SELECTED-000162:manor_hx_46542,port_harbor,ports_coastal_external_market_context,manor_hx_46542,,Glastonmere,estate_surface_890c8f392f55c74a5e13,IE-011,active,,named_post,named_post_covered,security-post:port:uatfacility_9859b6c6e6b436c8be134b42,,,STEP6DB-RIGHT-SELECTED-000162,ports_coastal_external_market,institution:royal_crown_falvier_apparatus,institution:royal_crown_falvier_apparatus,institution:royal_crown_falvier_apparatus,cri2_5c76c2b1f691ce3e9d4fa3d4,t0p_243f433228e17d907d24555c,Harold Lister the Elder,current_conditional_instance,cri2_1cfc605bb6f88f422468fd05,,,,candidate_exact_owner_not_admitted,courtos.responsibility.revenue_right_administration_collection:uatfacility_9859b6c6e6b436c8be134b42,t0p_1f9ab077e95092653d560763,Florent Falvier,unknown_or_not_independently_admitted,unknown_or_not_independently_admitted,unknown_or_not_independently_admitted,unknown_or_not_independently_admitted,unknown_no_direct_current_condition_observation,1,false,false,true,admitted_security_facility_assignment_runtime_input,FOUNDER_APPROVED_PHASE_FIVE_SECURITY_MATERIALIZATION_2026_07_29
uatfacility_9b62e6f739b5f2d68eb522be,specialized_facility:STEP6DB-RIGHT-SELECTED-000031:market_hx_35882_419,local_functional_facility,market,manor_hx_35882,lcu_rural_manor_hx_35882,Merewatch,estate_surface_c8501f11bf77f33e2cc4,IE-010,active,,functional_custody,functional_custodian,,security-custody:uatfacility_9b62e6f739b5f2d68eb522be,,STEP6DB-RIGHT-SELECTED-000031,market_fair_franchise,house:house_rocelin_gate_u3sn,house:house_rocelin_gate_u3sn,institution:royal_crown_falvier_apparatus,cri2_f399e0fc9ac69547262b2e4b,t0p_6f3be1d5812c0fc6f377d36f,Richard Reader the White,candidate_exact_owner_not_admitted,,courtos.responsibility.franchise_operations:uatfacility_9b62e6f739b5f2d68eb522be,t0p_a04c9005e3f1274efaf29353,Godgifu the Elder of Larkspire,candidate_exact_owner_not_admitted,courtos.responsibility.revenue_right_administration_collection:uatfacility_9b62e6f739b5f2d68eb522be,t0p_a04c9005e3f1274efaf29353,Godgifu the Elder of Larkspire,unknown_or_not_independently_admitted,unknown_or_not_independently_admitted,unknown_or_not_independently_admitted,unknown_or_not_independently_admitted,unknown_no_direct_current_condition_observation,1,false,false,true,admitted_security_facility_assignment_runtime_input,FOUNDER_APPROVED_PHASE_FIVE_SECURITY_MATERIALIZATION_2026_07_29
uatfacility_9c7bb6c18e52e75be02de158,specialized_facility:STEP6DB-RIGHT-SELECTED-000048:market_hx_38606_471,local_functional_facility,market,manor_hx_38606,lcu_rural_manor_hx_38606,Dunmere,estate_surface_dd9237b03d9ec287703b,IE-010,active,,functional_custody,functional_custodian,,security-custody:uatfacility_9c7bb6c18e52e75be02de158,,STEP6DB-RIGHT-SELECTED-000048,market_fair_franchise,institution:royal_crown_falvier_apparatus,institution:royal_crown_falvier_apparatus,institution:royal_crown_falvier_apparatus,cri2_eec2778a99f916e018ed4afe,t0p_f83ee9160b772721379f9738,Hereward Cooper,candidate_exact_owner_not_admitted,,courtos.responsibility.franchise_operations:uatfacility_9c7bb6c18e52e75be02de158,t0p_1f9ab077e95092653d560763,Florent Falvier,candidate_exact_owner_not_admitted,courtos.responsibility.revenue_right_administration_collection:uatfacility_9c7bb6c18e52e75be02de158,t0p_1f9ab077e95092653d560763,Florent Falvier,unknown_or_not_independently_admitted,unknown_or_not_independently_admitted,unknown_or_not_independently_admitted,unknown_or_not_independently_admitted,unknown_no_direct_current_condition_observation,1,false,false,true,admitted_security_facility_assignment_runtime_input,FOUNDER_APPROVED_PHASE_FIVE_SECURITY_MATERIALIZATION_2026_07_29
uatfacility_9e4cab13e786e509e83350bb,specialized_facility:STEP6DB-RIGHT-SELECTED-000147:toll_point_hx_50466_71,controlled_crossing,toll_point,manor_hx_50466,lcu_rural_manor_hx_50466,Glastonmere,estate_surface_75787fb5f84748421990,IE-009,active,,named_post,named_post_covered,security-post:crossing:uatfacility_9e4cab13e786e509e83350bb,,,STEP6DB-RIGHT-SELECTED-000147,bridge_ferry_toll_route,institution:royal_crown_falvier_apparatus,institution:royal_crown_falvier_apparatus,institution:royal_crown_falvier_apparatus,cri2_1fdcb7c53d0e3f2aad1a77ed,t0p_926543b3a39a7fb6424804f3,Warin Lister the Long,candidate_exact_owner_not_admitted,,courtos.responsibility.franchise_operations:uatfacility_9e4cab13e786e509e83350bb,t0p_694c6b2169c7f925221c95b7,Benoit of Crownfold Court,candidate_exact_owner_not_admitted,courtos.responsibility.revenue_right_administration_collection:uatfacility_9e4cab13e786e509e83350bb,t0p_252d1651dd06c63d105814e4,Guy of Pilgrimwick Court,unknown_or_not_independently_admitted,unknown_or_not_independently_admitted,unknown_or_not_independently_admitted,unknown_or_not_independently_admitted,unknown_no_direct_current_condition_observation,1,false,false,true,admitted_security_facility_assignment_runtime_input,FOUNDER_APPROVED_PHASE_FIVE_SECURITY_MATERIALIZATION_2026_07_29
uatfacility_9e9950ef3f1100d44b1afde3,specialized_facility:STEP6DB-RIGHT-SELECTED-000019:market_hx_34196_120,local_functional_facility,market,manor_hx_34196,lcu_registry_sett_hx_34196,Merewatch,estate_surface_ad01c55c6a562278f8a6,IE-010,active,,functional_custody,functional_custodian,,security-custody:uatfacility_9e9950ef3f1100d44b1afde3,,STEP6DB-RIGHT-SELECTED-000019,market_fair_franchise,institution:royal_crown_falvier_apparatus,baronial_demesne_fund:actor_baronial_demesne_candidate_09,institution:royal_crown_falvier_apparatus,cri2_80b89f8d8692349801de0fe3,t0p_e297082710ca9e73ac859254,Herbert Chapman the Younger,candidate_exact_owner_not_admitted,,courtos.responsibility.franchise_operations:uatfacility_9e9950ef3f1100d44b1afde3,t0p_1f9ab077e95092653d560763,Florent Falvier,candidate_exact_owner_not_admitted,courtos.responsibility.revenue_right_administration_collection:uatfacility_9e9950ef3f1100d44b1afde3,t0p_1f9ab077e95092653d560763,Florent Falvier,unknown_or_not_independently_admitted,unknown_or_not_independently_admitted,unknown_or_not_independently_admitted,unknown_or_not_independently_admitted,unknown_no_direct_current_condition_observation,1,false,false,true,admitted_security_facility_assignment_runtime_input,FOUNDER_APPROVED_PHASE_FIVE_SECURITY_MATERIALIZATION_2026_07_29
uatfacility_9fa8d18c1fdfc563238ee413,specialized_facility:STEP6DB-RIGHT-SELECTED-000021:market_hx_34404_124,local_functional_facility,market,manor_hx_34404,lcu_registry_sett_hx_34404,Dunmere,estate_surface_0ec93b3b1455760278e2,IE-010,active,,functional_custody,functional_custodian,,security-custody:uatfacility_9fa8d18c1fdfc563238ee413,,STEP6DB-RIGHT-SELECTED-000021,market_fair_franchise,institution:royal_crown_falvier_apparatus,institution:royal_crown_falvier_apparatus,institution:royal_crown_falvier_apparatus,cri2_099858b7e77f967c2d4bfc3f,t0p_8f43eee3f6ff94c213963955,Gilbert Black the White,candidate_exact_owner_not_admitted,,courtos.responsibility.franchise_operations:uatfacility_9fa8d18c1fdfc563238ee413,t0p_1f9ab077e95092653d560763,Florent Falvier,candidate_exact_owner_not_admitted,courtos.responsibility.revenue_right_administration_collection:uatfacility_9fa8d18c1fdfc563238ee413,t0p_1f9ab077e95092653d560763,Florent Falvier,unknown_or_not_independently_admitted,unknown_or_not_independently_admitted,unknown_or_not_independently_admitted,unknown_or_not_independently_admitted,unknown_no_direct_current_condition_observation,1,false,false,true,admitted_security_facility_assignment_runtime_input,FOUNDER_APPROVED_PHASE_FIVE_SECURITY_MATERIALIZATION_2026_07_29
uatfacility_a03cc41ca80042c17dfc8e0e,specialized_facility:STEP6DB-RIGHT-SELECTED-000075:market_hx_44855_579,local_functional_facility,market,manor_hx_44855,lcu_rural_manor_hx_44855,Glastonmere,estate_surface_923593e89c164060778b,IE-010,active,,functional_custody,functional_custodian,,security-custody:uatfacility_a03cc41ca80042c17dfc8e0e,,STEP6DB-RIGHT-SELECTED-000075,market_fair_franchise,house:house_keldran_elder_cs6p,house:house_keldran_elder_cs6p,institution:royal_crown_falvier_apparatus,cri2_e8d79041bb2fc6488bacf1e8,t0p_3481368a494adecb394cabfb,Osmund Lister the Elder,candidate_exact_owner_not_admitted,,courtos.responsibility.franchise_operations:uatfacility_a03cc41ca80042c17dfc8e0e,t0p_8023ebdf3efc84a5f6f3e74b,Gilbert of Glastonmere,candidate_exact_owner_not_admitted,courtos.responsibility.revenue_right_administration_collection:uatfacility_a03cc41ca80042c17dfc8e0e,t0p_8023ebdf3efc84a5f6f3e74b,Gilbert of Glastonmere,unknown_or_not_independently_admitted,unknown_or_not_independently_admitted,unknown_or_not_independently_admitted,unknown_or_not_independently_admitted,unknown_no_direct_current_condition_observation,1,false,false,true,admitted_security_facility_assignment_runtime_input,FOUNDER_APPROVED_PHASE_FIVE_SECURITY_MATERIALIZATION_2026_07_29
uatfacility_a05443c724c7427df38a9cc8,specialized_facility:STEP6DB-RIGHT-SELECTED-000172:mill_hx_38336_462,local_functional_facility,mill,manor_hx_38336,lcu_rural_manor_hx_38336,Dunmere,estate_surface_0ccf803b03e161c6eee9,IE-007,active,,functional_custody,functional_custodian,,security-custody:uatfacility_a05443c724c7427df38a9cc8,,STEP6DB-RIGHT-SELECTED-000172,mill_facility,house:house_grisard_north_80yf,house:house_grisard_north_80yf,house:house_grisard_north_80yf,cri2_db900364573c4ab0ed14c1d2,t0p_579cca1e165d56a174a8e00c,Henry Fuller,candidate_exact_owner_not_admitted,,courtos.responsibility.franchise_operations:uatfacility_a05443c724c7427df38a9cc8,t0p_cf07510ab909652697e88981,Jan the Elder of Hartwick,candidate_exact_owner_not_admitted,courtos.responsibility.revenue_right_administration_collection:uatfacility_a05443c724c7427df38a9cc8,t0p_cf07510ab909652697e88981,Jan the Elder of Hartwick,unknown_or_not_independently_admitted,unknown_or_not_independently_admitted,unknown_or_not_independently_admitted,unknown_or_not_independently_admitted,unknown_no_direct_current_condition_observation,1,false,false,true,admitted_security_facility_assignment_runtime_input,FOUNDER_APPROVED_PHASE_FIVE_SECURITY_MATERIALIZATION_2026_07_29
uatfacility_a1fdb9f5fba912680be531ac,specialized_facility:STEP6DB-RIGHT-SELECTED-000146:toll_point_hx_47666_67,controlled_crossing,toll_point,manor_hx_47666,lcu_rural_manor_hx_47666,Glastonmere,estate_surface_6aef3a98ad30bcebc3b4,IE-009,active,,named_post,named_post_covered,security-post:crossing:uatfacility_a1fdb9f5fba912680be531ac,,,STEP6DB-RIGHT-SELECTED-000146,bridge_ferry_toll_route,institution:royal_crown_falvier_apparatus,institution:royal_crown_falvier_apparatus,institution:royal_crown_falvier_apparatus,cri2_15456ae8be3cd5463d2b4d84,t0p_c470f9fccd93e95a067b03d3,Milo Green the Elder,candidate_exact_owner_not_admitted,,courtos.responsibility.franchise_operations:uatfacility_a1fdb9f5fba912680be531ac,t0p_694c6b2169c7f925221c95b7,Benoit of Crownfold Court,candidate_exact_owner_not_admitted,courtos.responsibility.revenue_right_administration_collection:uatfacility_a1fdb9f5fba912680be531ac,t0p_252d1651dd06c63d105814e4,Guy of Pilgrimwick Court,unknown_or_not_independently_admitted,unknown_or_not_independently_admitted,unknown_or_not_independently_admitted,unknown_or_not_independently_admitted,unknown_no_direct_current_condition_observation,1,false,false,true,admitted_security_facility_assignment_runtime_input,FOUNDER_APPROVED_PHASE_FIVE_SECURITY_MATERIALIZATION_2026_07_29
uatfacility_a34185e3788bfc2992c5d594,specialized_facility:STEP6DB-RIGHT-SELECTED-000002:market_hx_28841_90,local_functional_facility,market,manor_hx_28841,lcu_registry_sett_hx_28841,Bramholt,estate_surface_a6fb0a70f0bee50c044c,IE-010,active,,functional_custody,functional_custodian,,security-custody:uatfacility_a34185e3788bfc2992c5d594,,STEP6DB-RIGHT-SELECTED-000002,market_fair_franchise,institution:bishopric_of_kestrelford,institution:bishopric_of_kestrelford,institution:royal_crown_falvier_apparatus,cri2_2236fe1eae89007549cba850,t0p_aba601e40751f791f5756d72,Martin Nott,candidate_exact_owner_not_admitted,,courtos.responsibility.franchise_operations:uatfacility_a34185e3788bfc2992c5d594,t0p_9d5c48a65c7c3366d70f63a1,Hakon of Ashbridge,candidate_exact_owner_not_admitted,courtos.responsibility.revenue_right_administration_collection:uatfacility_a34185e3788bfc2992c5d594,t0p_9d5c48a65c7c3366d70f63a1,Hakon of Ashbridge,unknown_or_not_independently_admitted,unknown_or_not_independently_admitted,unknown_or_not_independently_admitted,unknown_or_not_independently_admitted,unknown_no_direct_current_condition_observation,1,false,false,true,admitted_security_facility_assignment_runtime_input,FOUNDER_APPROVED_PHASE_FIVE_SECURITY_MATERIALIZATION_2026_07_29
uatfacility_a59da3b951a958f02115d35b,specialized_facility:STEP6DB-RIGHT-SELECTED-000184:storage_or_granary_candidate_hx_39755_171,local_functional_facility,storage_or_granary_candidate,manor_hx_39755,lcu_registry_sett_hx_39755,Eldham,estate_surface_9469e629dd1c4fef6c4a,IE-002,active,,functional_custody,functional_custodian,,security-custody:uatfacility_a59da3b951a958f02115d35b,,STEP6DB-RIGHT-SELECTED-000184,fishery_storage_water_transport,institution:archbishopric_of_eldham,institution:archbishopric_of_eldham,institution:archbishopric_of_eldham,cri2_929f03c6c44e0ddfd0b6d9a2,t0p_4c2e7967eba93ccb52e9a41d,Hugh Small the Younger,candidate_exact_owner_not_admitted,,courtos.responsibility.franchise_operations:uatfacility_a59da3b951a958f02115d35b,t0p_88d57d06b225ec41a0d64823,John the Elder of Eldham,candidate_exact_owner_not_admitted,courtos.responsibility.revenue_right_administration_collection:uatfacility_a59da3b951a958f02115d35b,t0p_88d57d06b225ec41a0d64823,John the Elder of Eldham,unknown_or_not_independently_admitted,unknown_or_not_independently_admitted,unknown_or_not_independently_admitted,unknown_or_not_independently_admitted,unknown_no_direct_current_condition_observation,1,false,false,true,admitted_security_facility_assignment_runtime_input,FOUNDER_APPROVED_PHASE_FIVE_SECURITY_MATERIALIZATION_2026_07_29
uatfacility_a7268561ab18c50bda4a970c,specialized_facility:STEP6DB-RIGHT-SELECTED-000035:market_hx_36998_141,local_functional_facility,market,manor_hx_36998,lcu_registry_sett_hx_36998,Orchardmere,estate_surface_def880aa00a80ab5a843,IE-010,active,,functional_custody,functional_custodian,,security-custody:uatfacility_a7268561ab18c50bda4a970c,,STEP6DB-RIGHT-SELECTED-000035,market_fair_franchise,institution:bishopric_of_merewatch,institution:bishopric_of_merewatch,institution:royal_crown_falvier_apparatus,cri2_d1538ab732e09a6b6dd8a25d,t0p_c06441c4a23c59d4dfd24d1b,Walter Booker the Younger,candidate_exact_owner_not_admitted,,courtos.responsibility.franchise_operations:uatfacility_a7268561ab18c50bda4a970c,t0p_8c4963d1fe1829e440910c74,Ulric of Grimwold Court,candidate_exact_owner_not_admitted,courtos.responsibility.revenue_right_administration_collection:uatfacility_a7268561ab18c50bda4a970c,t0p_8c4963d1fe1829e440910c74,Ulric of Grimwold Court,unknown_or_not_independently_admitted,unknown_or_not_independently_admitted,unknown_or_not_independently_admitted,unknown_or_not_independently_admitted,unknown_no_direct_current_condition_observation,1,false,false,true,admitted_security_facility_assignment_runtime_input,FOUNDER_APPROVED_PHASE_FIVE_SECURITY_MATERIALIZATION_2026_07_29
uatfacility_a8288b71720038f8f0062f67,specialized_facility:STEP6DB-RIGHT-SELECTED-000169:mill_hx_34491_385,local_functional_facility,mill,manor_hx_34491,lcu_rural_manor_hx_34491,Merewatch,estate_surface_53839d0bd3cb02510009,IE-007,active,,functional_custody,functional_custodian,,security-custody:uatfacility_a8288b71720038f8f0062f67,,STEP6DB-RIGHT-SELECTED-000169,mill_facility,house:house_keldran_v4vl,house:house_keldran_v4vl,house:house_keldran_v4vl,cri2_5f3fa3f877baa511989d8c88,t0p_4a9256893aef537ace69bdb3,Ulric Oakhill,candidate_exact_owner_not_admitted,,courtos.responsibility.franchise_operations:uatfacility_a8288b71720038f8f0062f67,t0p_6fdcbb0d6e62670924c53fed,Noel of Merewatch,candidate_exact_owner_not_admitted,courtos.responsibility.revenue_right_administration_collection:uatfacility_a8288b71720038f8f0062f67,t0p_6fdcbb0d6e62670924c53fed,Noel of Merewatch,unknown_or_not_independently_admitted,unknown_or_not_independently_admitted,unknown_or_not_independently_admitted,unknown_or_not_independently_admitted,unknown_no_direct_current_condition_observation,1,false,false,true,admitted_security_facility_assignment_runtime_input,FOUNDER_APPROVED_PHASE_FIVE_SECURITY_MATERIALIZATION_2026_07_29
uatfacility_a945188396a5459709d9386e,specialized_facility:STEP6DB-RIGHT-SELECTED-000007:market_hx_30535_298,local_functional_facility,market,manor_hx_30535,lcu_rural_manor_hx_30535,Bramholt,estate_surface_3a55536bbc9a324edb67,IE-010,active,,functional_custody,functional_custodian,,security-custody:uatfacility_a945188396a5459709d9386e,,STEP6DB-RIGHT-SELECTED-000007,market_fair_franchise,house:house_arcemont_lower_oy6l,house:house_arcemont_lower_oy6l,institution:royal_crown_falvier_apparatus,cri2_52a752ad80319ea99f869029,t0p_b585dc08fc3a5ebf7811e5a4,Simon Redman the Younger,candidate_exact_owner_not_admitted,,courtos.responsibility.franchise_operations:uatfacility_a945188396a5459709d9386e,t0p_22c9cf8ae832fb131eb7dce6,Gautier of Bramholt,candidate_exact_owner_not_admitted,courtos.responsibility.revenue_right_administration_collection:uatfacility_a945188396a5459709d9386e,t0p_22c9cf8ae832fb131eb7dce6,Gautier of Bramholt,unknown_or_not_independently_admitted,unknown_or_not_independently_admitted,unknown_or_not_independently_admitted,unknown_or_not_independently_admitted,unknown_no_direct_current_condition_observation,1,false,false,true,admitted_security_facility_assignment_runtime_input,FOUNDER_APPROVED_PHASE_FIVE_SECURITY_MATERIALIZATION_2026_07_29
uatfacility_a9ac19e5b0d6b244e144b68b,specialized_facility:STEP6DB-RIGHT-SELECTED-000081:market_hx_47652_189,local_functional_facility,market,manor_hx_47652,lcu_registry_sett_hx_47652,Glastonmere,estate_surface_ed6cf6d9068e73b968db,IE-010,active,,functional_custody,functional_custodian,,security-custody:uatfacility_a9ac19e5b0d6b244e144b68b,,STEP6DB-RIGHT-SELECTED-000081,market_fair_franchise,institution:archbishopric_of_eldham,institution:archbishopric_of_eldham,institution:royal_crown_falvier_apparatus,cri2_a50e637e62b51fbf2afa74e9,t0p_f9a71fc016013084864b268f,Geoffrey Small the Elder,candidate_exact_owner_not_admitted,,courtos.responsibility.franchise_operations:uatfacility_a9ac19e5b0d6b244e144b68b,t0p_88d57d06b225ec41a0d64823,John the Elder of Eldham,candidate_exact_owner_not_admitted,courtos.responsibility.revenue_right_administration_collection:uatfacility_a9ac19e5b0d6b244e144b68b,t0p_88d57d06b225ec41a0d64823,John the Elder of Eldham,unknown_or_not_independently_admitted,unknown_or_not_independently_admitted,unknown_or_not_independently_admitted,unknown_or_not_independently_admitted,unknown_no_direct_current_condition_observation,1,false,false,true,admitted_security_facility_assignment_runtime_input,FOUNDER_APPROVED_PHASE_FIVE_SECURITY_MATERIALIZATION_2026_07_29
uatfacility_ab4efae689ea829d2dd067b6,specialized_facility:STEP6DB-RIGHT-SELECTED-000085:market_hx_47942_624,local_functional_facility,market,manor_hx_47942,lcu_rural_manor_hx_47942,Glastonmere,estate_surface_2bf76da313ec183257a0,IE-010,active,,functional_custody,functional_custodian,,security-custody:uatfacility_ab4efae689ea829d2dd067b6,,STEP6DB-RIGHT-SELECTED-000085,market_fair_franchise,institution:royal_crown_falvier_apparatus,institution:royal_crown_falvier_apparatus,institution:royal_crown_falvier_apparatus,cri2_8af67ba7547d496d637d4b8c,t0p_c470f9fccd93e95a067b03d3,Milo Green the Elder,candidate_exact_owner_not_admitted,,courtos.responsibility.franchise_operations:uatfacility_ab4efae689ea829d2dd067b6,t0p_1f9ab077e95092653d560763,Florent Falvier,candidate_exact_owner_not_admitted,courtos.responsibility.revenue_right_administration_collection:uatfacility_ab4efae689ea829d2dd067b6,t0p_1f9ab077e95092653d560763,Florent Falvier,unknown_or_not_independently_admitted,unknown_or_not_independently_admitted,unknown_or_not_independently_admitted,unknown_or_not_independently_admitted,unknown_no_direct_current_condition_observation,1,false,false,true,admitted_security_facility_assignment_runtime_input,FOUNDER_APPROVED_PHASE_FIVE_SECURITY_MATERIALIZATION_2026_07_29
uatfacility_ad0ed2ab5ac96b3516784a58,specialized_facility:STEP6DB-RIGHT-SELECTED-000101:market_hx_51298_663,local_functional_facility,market,manor_hx_51298,lcu_rural_manor_hx_51298,Alderwick,estate_surface_5ebeda845a874547ab26,IE-010,active,,functional_custody,functional_custodian,,security-custody:uatfacility_ad0ed2ab5ac96b3516784a58,,STEP6DB-RIGHT-SELECTED-000101,market_fair_franchise,institution:royal_crown_falvier_apparatus,institution:royal_crown_falvier_apparatus,institution:royal_crown_falvier_apparatus,cri2_10befeb90861a41590329006,t0p_f8db0cc7a4a9544e1be01ac4,Alan Clerk the Red,candidate_exact_owner_not_admitted,,courtos.responsibility.franchise_operations:uatfacility_ad0ed2ab5ac96b3516784a58,t0p_1f9ab077e95092653d560763,Florent Falvier,candidate_exact_owner_not_admitted,courtos.responsibility.revenue_right_administration_collection:uatfacility_ad0ed2ab5ac96b3516784a58,t0p_1f9ab077e95092653d560763,Florent Falvier,unknown_or_not_independently_admitted,unknown_or_not_independently_admitted,unknown_or_not_independently_admitted,unknown_or_not_independently_admitted,unknown_no_direct_current_condition_observation,1,false,false,true,admitted_security_facility_assignment_runtime_input,FOUNDER_APPROVED_PHASE_FIVE_SECURITY_MATERIALIZATION_2026_07_29
uatfacility_afe19a286f774041ea0e854b,specialized_facility:STEP6DB-RIGHT-SELECTED-000126:fair_hx_47662_192,local_functional_facility,fair,manor_hx_47662,lcu_registry_sett_hx_47662,Glastonmere,estate_surface_7197930e0107e60034cb,IE-010,active,,functional_custody,functional_custodian,,security-custody:uatfacility_afe19a286f774041ea0e854b,,STEP6DB-RIGHT-SELECTED-000126,market_fair_franchise,institution:archbishopric_of_eldham,institution:archbishopric_of_eldham,institution:royal_crown_falvier_apparatus,cri2_056448e5b573f010f0d78e13,t0p_144c3854308934f28dd24d31,Simon Penn the Elder,candidate_exact_owner_not_admitted,,courtos.responsibility.franchise_operations:uatfacility_afe19a286f774041ea0e854b,t0p_88d57d06b225ec41a0d64823,John the Elder of Eldham,candidate_exact_owner_not_admitted,courtos.responsibility.revenue_right_administration_collection:uatfacility_afe19a286f774041ea0e854b,t0p_88d57d06b225ec41a0d64823,John the Elder of Eldham,unknown_or_not_independently_admitted,unknown_or_not_independently_admitted,unknown_or_not_independently_admitted,unknown_or_not_independently_admitted,unknown_no_direct_current_condition_observation,1,false,false,true,admitted_security_facility_assignment_runtime_input,FOUNDER_APPROVED_PHASE_FIVE_SECURITY_MATERIALIZATION_2026_07_29
uatfacility_b18e0a61b303c4ad2d16e68b,specialized_facility:STEP6DB-RIGHT-SELECTED-000097:market_hx_50454_654,local_functional_facility,market,manor_hx_50454,lcu_rural_manor_hx_50454,Alderwick,estate_surface_5536a252f5c5199fea1d,IE-010,active,,functional_custody,functional_custodian,,security-custody:uatfacility_b18e0a61b303c4ad2d16e68b,,STEP6DB-RIGHT-SELECTED-000097,market_fair_franchise,house:house_grisard_younger_yjc5,house:house_grisard_younger_yjc5,institution:royal_crown_falvier_apparatus,cri2_22cffdd3310d24f0a6dd4fe2,t0p_8d47ace8cd434aeb73ef25b5,William Lister the Younger,candidate_exact_owner_not_admitted,,courtos.responsibility.franchise_operations:uatfacility_b18e0a61b303c4ad2d16e68b,t0p_56b8b84166053a778acef28e,Thomas the Younger of Wickton,candidate_exact_owner_not_admitted,courtos.responsibility.revenue_right_administration_collection:uatfacility_b18e0a61b303c4ad2d16e68b,t0p_56b8b84166053a778acef28e,Thomas the Younger of Wickton,unknown_or_not_independently_admitted,unknown_or_not_independently_admitted,unknown_or_not_independently_admitted,unknown_or_not_independently_admitted,unknown_no_direct_current_condition_observation,1,false,false,true,admitted_security_facility_assignment_runtime_input,FOUNDER_APPROVED_PHASE_FIVE_SECURITY_MATERIALIZATION_2026_07_29
uatfacility_b33f02212aee84ca0f926eb9,specialized_facility:STEP6DB-RIGHT-SELECTED-000070:market_hx_42899_177,local_functional_facility,market,manor_hx_42899,lcu_registry_sett_hx_42899,Glastonmere,estate_surface_8dc17af51e9aa0f6302d,IE-010,active,,functional_custody,functional_custodian,,security-custody:uatfacility_b33f02212aee84ca0f926eb9,,STEP6DB-RIGHT-SELECTED-000070,market_fair_franchise,house:house_serevin_hill_march_movn,house:house_serevin_hill_march_movn,institution:royal_crown_falvier_apparatus,cri2_a03ed3ebc7e08c0b81b986b6,t0p_fec68115ea2a424b9646f15a,Godfrey Lister the Elder,candidate_exact_owner_not_admitted,,courtos.responsibility.franchise_operations:uatfacility_b33f02212aee84ca0f926eb9,t0p_5626f34a5dacbaf203c874a3,Gamel of Carrbrook Hall,candidate_exact_owner_not_admitted,courtos.responsibility.revenue_right_administration_collection:uatfacility_b33f02212aee84ca0f926eb9,t0p_5626f34a5dacbaf203c874a3,Gamel of Carrbrook Hall,unknown_or_not_independently_admitted,unknown_or_not_independently_admitted,unknown_or_not_independently_admitted,unknown_or_not_independently_admitted,unknown_no_direct_current_condition_observation,1,false,false,true,admitted_security_facility_assignment_runtime_input,FOUNDER_APPROVED_PHASE_FIVE_SECURITY_MATERIALIZATION_2026_07_29
uatfacility_b35d704943ac672ec894fb46,specialized_facility:STEP6DB-RIGHT-SELECTED-000058:market_hx_40029_507,local_functional_facility,market,manor_hx_40029,lcu_rural_manor_hx_40029,Eldham,estate_surface_0721f98bff1b65fde2ef,IE-010,active,,functional_custody,functional_custodian,,security-custody:uatfacility_b35d704943ac672ec894fb46,,STEP6DB-RIGHT-SELECTED-000058,market_fair_franchise,house:house_carvayne_high_lower_frsp,house:house_carvayne_high_lower_frsp,institution:royal_crown_falvier_apparatus,cri2_9d9064769b988ac11454fdbe,t0p_e11e194c69595e6e3d5b3ac8,Fulk Booker,candidate_exact_owner_not_admitted,,courtos.responsibility.franchise_operations:uatfacility_b35d704943ac672ec894fb46,t0p_ec8411527cfed3d8b0adfa37,Gilbert of Oatenfold,candidate_exact_owner_not_admitted,courtos.responsibility.revenue_right_administration_collection:uatfacility_b35d704943ac672ec894fb46,t0p_ec8411527cfed3d8b0adfa37,Gilbert of Oatenfold,unknown_or_not_independently_admitted,unknown_or_not_independently_admitted,unknown_or_not_independently_admitted,unknown_or_not_independently_admitted,unknown_no_direct_current_condition_observation,1,false,false,true,admitted_security_facility_assignment_runtime_input,FOUNDER_APPROVED_PHASE_FIVE_SECURITY_MATERIALIZATION_2026_07_29
uatfacility_b362abd54345e877257af917,specialized_facility:STEP6DB-RIGHT-SELECTED-000110:market_hx_55221_689,local_functional_facility,market,manor_hx_55221,lcu_rural_manor_hx_55221,Alderwick,estate_surface_e649545fc69d0aaf6592,IE-010,active,,functional_custody,functional_custodian,,security-custody:uatfacility_b362abd54345e877257af917,,STEP6DB-RIGHT-SELECTED-000110,market_fair_franchise,institution:royal_crown_falvier_apparatus,institution:royal_crown_falvier_apparatus,institution:royal_crown_falvier_apparatus,cri2_ce5209301113ad4529bb3c7a,t0p_0b20b596a31f4be03b9bfbdb,Peter Woolman,candidate_exact_owner_not_admitted,,courtos.responsibility.franchise_operations:uatfacility_b362abd54345e877257af917,t0p_1f9ab077e95092653d560763,Florent Falvier,candidate_exact_owner_not_admitted,courtos.responsibility.revenue_right_administration_collection:uatfacility_b362abd54345e877257af917,t0p_1f9ab077e95092653d560763,Florent Falvier,unknown_or_not_independently_admitted,unknown_or_not_independently_admitted,unknown_or_not_independently_admitted,unknown_or_not_independently_admitted,unknown_no_direct_current_condition_observation,1,false,false,true,admitted_security_facility_assignment_runtime_input,FOUNDER_APPROVED_PHASE_FIVE_SECURITY_MATERIALIZATION_2026_07_29
uatfacility_b389e44d41a284a48ce6ab1e,specialized_facility:STEP6DB-RIGHT-SELECTED-000036:market_hx_37001_444,local_functional_facility,market,manor_hx_37001,lcu_rural_manor_hx_37001,Merewatch,estate_surface_eb0cc0d95328a7a627e3,IE-010,active,,functional_custody,functional_custodian,,security-custody:uatfacility_b389e44d41a284a48ce6ab1e,,STEP6DB-RIGHT-SELECTED-000036,market_fair_franchise,house:house_rocelin_gate_u3sn,house:house_rocelin_gate_u3sn,institution:royal_crown_falvier_apparatus,cri2_e73177138465a06e8286c252,t0p_22da16b5191cda6ed63bc7fe,Richard Fletcher,candidate_exact_owner_not_admitted,,courtos.responsibility.franchise_operations:uatfacility_b389e44d41a284a48ce6ab1e,t0p_a04c9005e3f1274efaf29353,Godgifu the Elder of Larkspire,candidate_exact_owner_not_admitted,courtos.responsibility.revenue_right_administration_collection:uatfacility_b389e44d41a284a48ce6ab1e,t0p_a04c9005e3f1274efaf29353,Godgifu the Elder of Larkspire,unknown_or_not_independently_admitted,unknown_or_not_independently_admitted,unknown_or_not_independently_admitted,unknown_or_not_independently_admitted,unknown_no_direct_current_condition_observation,1,false,false,true,admitted_security_facility_assignment_runtime_input,FOUNDER_APPROVED_PHASE_FIVE_SECURITY_MATERIALIZATION_2026_07_29
uatfacility_b5c790264741a89b375da256,specialized_facility:STEP6DB-RIGHT-SELECTED-000061:market_hx_40103_511,local_functional_facility,market,manor_hx_40103,lcu_rural_manor_hx_40103,Crowmarsh,estate_surface_100fcb042556f3f7122c,IE-010,active,,functional_custody,functional_custodian,,security-custody:uatfacility_b5c790264741a89b375da256,,STEP6DB-RIGHT-SELECTED-000061,market_fair_franchise,institution:royal_crown_falvier_apparatus,institution:royal_crown_falvier_apparatus,institution:royal_crown_falvier_apparatus,cri2_5ff9f73de27564b9e880d3fe,t0p_9b0cd371bb2b10fa32c72bc6,Thibaut Archer,candidate_exact_owner_not_admitted,,courtos.responsibility.franchise_operations:uatfacility_b5c790264741a89b375da256,t0p_1f9ab077e95092653d560763,Florent Falvier,candidate_exact_owner_not_admitted,courtos.responsibility.revenue_right_administration_collection:uatfacility_b5c790264741a89b375da256,t0p_1f9ab077e95092653d560763,Florent Falvier,unknown_or_not_independently_admitted,unknown_or_not_independently_admitted,unknown_or_not_independently_admitted,unknown_or_not_independently_admitted,unknown_no_direct_current_condition_observation,1,false,false,true,admitted_security_facility_assignment_runtime_input,FOUNDER_APPROVED_PHASE_FIVE_SECURITY_MATERIALIZATION_2026_07_29
uatfacility_b82fa900aadecfba443c660f,specialized_facility:STEP6DB-RIGHT-SELECTED-000170:mill_hx_34771_392,local_functional_facility,mill,manor_hx_34771,lcu_rural_manor_hx_34771,Crowmarsh,estate_surface_3b2b350d2f483c13f51c,IE-007,active,,functional_custody,functional_custodian,,security-custody:uatfacility_b82fa900aadecfba443c660f,,STEP6DB-RIGHT-SELECTED-000170,mill_facility,house:house_grisard_march_oy5e,house:house_grisard_march_oy5e,house:house_grisard_march_oy5e,cri2_4e561456d2fcac62f3d2f8f2,t0p_b4662caf297ad880e022d866,Gilbert Small the Black,candidate_exact_owner_not_admitted,,courtos.responsibility.franchise_operations:uatfacility_b82fa900aadecfba443c660f,t0p_ed950b5149e2caa78a848eff,Robert of Heronfen Hall,candidate_exact_owner_not_admitted,courtos.responsibility.revenue_right_administration_collection:uatfacility_b82fa900aadecfba443c660f,t0p_4556e9fa38c4d37fe0d3d365,Benedict the Elder of Blackwater,unknown_or_not_independently_admitted,unknown_or_not_independently_admitted,unknown_or_not_independently_admitted,unknown_or_not_independently_admitted,unknown_no_direct_current_condition_observation,1,false,false,true,admitted_security_facility_assignment_runtime_input,FOUNDER_APPROVED_PHASE_FIVE_SECURITY_MATERIALIZATION_2026_07_29
uatfacility_b943f4078fa096cba1801473,specialized_facility:STEP6DB-RIGHT-SELECTED-000139:toll_point_hx_32475_23,controlled_crossing,toll_point,manor_hx_32475,lcu_registry_sett_hx_32475,Larkspire,estate_surface_aed683f40fe7b99b48b4,IE-009,active,,named_post,named_post_covered,security-post:crossing:uatfacility_b943f4078fa096cba1801473,,,STEP6DB-RIGHT-SELECTED-000139,bridge_ferry_toll_route,house:house_serevin_south_x1ub,house:house_serevin_south_x1ub,institution:royal_crown_falvier_apparatus,cri2_a19085bd6155d8b166e6e121,t0p_0ff66b34661fc39c8642d8bc,Hugh Rolls the Black,candidate_exact_owner_not_admitted,,courtos.responsibility.franchise_operations:uatfacility_b943f4078fa096cba1801473,t0p_0ea3406eb9e26599d5229617,Fulke of Larkspire,candidate_exact_owner_not_admitted,courtos.responsibility.revenue_right_administration_collection:uatfacility_b943f4078fa096cba1801473,t0p_0ea3406eb9e26599d5229617,Fulke of Larkspire,unknown_or_not_independently_admitted,unknown_or_not_independently_admitted,unknown_or_not_independently_admitted,unknown_or_not_independently_admitted,unknown_no_direct_current_condition_observation,1,false,false,true,admitted_security_facility_assignment_runtime_input,FOUNDER_APPROVED_PHASE_FIVE_SECURITY_MATERIALIZATION_2026_07_29
uatfacility_ba47c2f7c9390baa0fb5df2a,specialized_facility:STEP6DB-RIGHT-SELECTED-000028:market_hx_35602_132,local_functional_facility,market,manor_hx_35602,lcu_registry_sett_hx_35602,Merewatch,estate_surface_07de3cc86821cee0fa6d,IE-010,active,,functional_custody,functional_custodian,,security-custody:uatfacility_ba47c2f7c9390baa0fb5df2a,,STEP6DB-RIGHT-SELECTED-000028,market_fair_franchise,institution:bishopric_of_merewatch,institution:bishopric_of_merewatch,institution:royal_crown_falvier_apparatus,cri2_72f6d5b4aa9c6c8e26eee384,t0p_d1316860d21193c4e8e83c82,Guy Nott,candidate_exact_owner_not_admitted,,courtos.responsibility.franchise_operations:uatfacility_ba47c2f7c9390baa0fb5df2a,t0p_8c4963d1fe1829e440910c74,Ulric of Grimwold Court,candidate_exact_owner_not_admitted,courtos.responsibility.revenue_right_administration_collection:uatfacility_ba47c2f7c9390baa0fb5df2a,t0p_8c4963d1fe1829e440910c74,Ulric of Grimwold Court,unknown_or_not_independently_admitted,unknown_or_not_independently_admitted,unknown_or_not_independently_admitted,unknown_or_not_independently_admitted,unknown_no_direct_current_condition_observation,1,false,false,true,admitted_security_facility_assignment_runtime_input,FOUNDER_APPROVED_PHASE_FIVE_SECURITY_MATERIALIZATION_2026_07_29
uatfacility_ba6d1245b1d55f758736de5d,specialized_facility:STEP6DB-RIGHT-SELECTED-000082:market_hx_47662_191,local_functional_facility,market,manor_hx_47662,lcu_registry_sett_hx_47662,Glastonmere,estate_surface_7197930e0107e60034cb,IE-010,active,,functional_custody,functional_custodian,,security-custody:uatfacility_ba6d1245b1d55f758736de5d,,STEP6DB-RIGHT-SELECTED-000082,market_fair_franchise,institution:archbishopric_of_eldham,institution:archbishopric_of_eldham,institution:royal_crown_falvier_apparatus,cri2_056448e5b573f010f0d78e13,t0p_144c3854308934f28dd24d31,Simon Penn the Elder,candidate_exact_owner_not_admitted,,courtos.responsibility.franchise_operations:uatfacility_ba6d1245b1d55f758736de5d,t0p_88d57d06b225ec41a0d64823,John the Elder of Eldham,candidate_exact_owner_not_admitted,courtos.responsibility.revenue_right_administration_collection:uatfacility_ba6d1245b1d55f758736de5d,t0p_88d57d06b225ec41a0d64823,John the Elder of Eldham,unknown_or_not_independently_admitted,unknown_or_not_independently_admitted,unknown_or_not_independently_admitted,unknown_or_not_independently_admitted,unknown_no_direct_current_condition_observation,1,false,false,true,admitted_security_facility_assignment_runtime_input,FOUNDER_APPROVED_PHASE_FIVE_SECURITY_MATERIALIZATION_2026_07_29
uatfacility_bb04160638f555c8490562df,specialized_facility:STEP6DB-RIGHT-SELECTED-000133:fair_hx_55495_227,local_functional_facility,fair,manor_hx_55495,lcu_registry_sett_hx_55495,Kestrelford,estate_surface_fb7cbf0dfb5687d1736f,IE-010,active,,functional_custody,functional_custodian,,security-custody:uatfacility_bb04160638f555c8490562df,,STEP6DB-RIGHT-SELECTED-000133,market_fair_franchise,institution:bishopric_of_kestrelford,institution:bishopric_of_kestrelford,institution:royal_crown_falvier_apparatus,cri2_06852ea9bbf1294d29cac9f3,t0p_cd561fa4b4c4b843861e0771,Godwin Brewer,candidate_exact_owner_not_admitted,,courtos.responsibility.franchise_operations:uatfacility_bb04160638f555c8490562df,t0p_9d5c48a65c7c3366d70f63a1,Hakon of Ashbridge,candidate_exact_owner_not_admitted,courtos.responsibility.revenue_right_administration_collection:uatfacility_bb04160638f555c8490562df,t0p_9d5c48a65c7c3366d70f63a1,Hakon of Ashbridge,unknown_or_not_independently_admitted,unknown_or_not_independently_admitted,unknown_or_not_independently_admitted,unknown_or_not_independently_admitted,unknown_no_direct_current_condition_observation,1,false,false,true,admitted_security_facility_assignment_runtime_input,FOUNDER_APPROVED_PHASE_FIVE_SECURITY_MATERIALIZATION_2026_07_29
uatfacility_bb6fb5a4043f4f0b9aadc13f,specialized_facility:STEP6DB-RIGHT-SELECTED-000027:market_hx_35564_412,local_functional_facility,market,manor_hx_35564,lcu_rural_manor_hx_35564,Northwych,estate_surface_1676830da17e28db4238,IE-010,active,,functional_custody,functional_custodian,,security-custody:uatfacility_bb6fb5a4043f4f0b9aadc13f,,STEP6DB-RIGHT-SELECTED-000027,market_fair_franchise,house:house_serevin_south_x1ub,house:house_serevin_south_x1ub,institution:royal_crown_falvier_apparatus,cri2_08f7a1ec12b9a0b90d71d6c4,t0p_a059f640a5e5f6c29a97cc7f,Robert Toller,candidate_exact_owner_not_admitted,,courtos.responsibility.franchise_operations:uatfacility_bb6fb5a4043f4f0b9aadc13f,t0p_0ea3406eb9e26599d5229617,Fulke of Larkspire,candidate_exact_owner_not_admitted,courtos.responsibility.revenue_right_administration_collection:uatfacility_bb6fb5a4043f4f0b9aadc13f,t0p_0ea3406eb9e26599d5229617,Fulke of Larkspire,unknown_or_not_independently_admitted,unknown_or_not_independently_admitted,unknown_or_not_independently_admitted,unknown_or_not_independently_admitted,unknown_no_direct_current_condition_observation,1,false,false,true,admitted_security_facility_assignment_runtime_input,FOUNDER_APPROVED_PHASE_FIVE_SECURITY_MATERIALIZATION_2026_07_29
uatfacility_bd2d85d21171404b99a87976,specialized_facility:STEP6DB-RIGHT-SELECTED-000165:mill_hx_29403_277,local_functional_facility,mill,manor_hx_29403,lcu_rural_manor_hx_29403,Bramholt,estate_surface_e2b1f578c591adb1dfe5,IE-007,active,,functional_custody,functional_custodian,,security-custody:uatfacility_bd2d85d21171404b99a87976,,STEP6DB-RIGHT-SELECTED-000165,mill_facility,institution:royal_crown_falvier_apparatus,institution:royal_crown_falvier_apparatus,institution:royal_crown_falvier_apparatus,cri2_4edfbcb7f9682648a3a7f619,t0p_e5eb285b11e4ccd24f96f9f2,Roger Woolman the White,candidate_exact_owner_not_admitted,,courtos.responsibility.franchise_operations:uatfacility_bd2d85d21171404b99a87976,t0p_1f9ab077e95092653d560763,Florent Falvier,candidate_exact_owner_not_admitted,courtos.responsibility.revenue_right_administration_collection:uatfacility_bd2d85d21171404b99a87976,t0p_1f9ab077e95092653d560763,Florent Falvier,unknown_or_not_independently_admitted,unknown_or_not_independently_admitted,unknown_or_not_independently_admitted,unknown_or_not_independently_admitted,unknown_no_direct_current_condition_observation,1,false,false,true,admitted_security_facility_assignment_runtime_input,FOUNDER_APPROVED_PHASE_FIVE_SECURITY_MATERIALIZATION_2026_07_29
uatfacility_bd7c6d229cd7cd7a4e8233c0,specialized_facility:STEP6DB-RIGHT-SELECTED-000011:market_hx_32485_103,local_functional_facility,market,manor_hx_32485,lcu_registry_sett_hx_32485,Larkspire,estate_surface_4a331eadb665ffdeef88,IE-010,active,,functional_custody,functional_custodian,,security-custody:uatfacility_bd7c6d229cd7cd7a4e8233c0,,STEP6DB-RIGHT-SELECTED-000011,market_fair_franchise,institution:bishopric_of_larkspire,institution:bishopric_of_larkspire,institution:royal_crown_falvier_apparatus,cri2_b5c3c51b88cfd5eca8187aae,t0p_cf626f56e3fd0d4d6e3189d6,Martin Penman the Elder,candidate_exact_owner_not_admitted,,courtos.responsibility.franchise_operations:uatfacility_bd7c6d229cd7cd7a4e8233c0,t0p_3f7e7a43630fbce1a5291ddd,Martin the Elder of Valebury Hall,candidate_exact_owner_not_admitted,courtos.responsibility.revenue_right_administration_collection:uatfacility_bd7c6d229cd7cd7a4e8233c0,t0p_3f7e7a43630fbce1a5291ddd,Martin the Elder of Valebury Hall,unknown_or_not_independently_admitted,unknown_or_not_independently_admitted,unknown_or_not_independently_admitted,unknown_or_not_independently_admitted,unknown_no_direct_current_condition_observation,1,false,false,true,admitted_security_facility_assignment_runtime_input,FOUNDER_APPROVED_PHASE_FIVE_SECURITY_MATERIALIZATION_2026_07_29
uatfacility_bea47b2c29fd2797e948178b,specialized_facility:STEP6DB-RIGHT-SELECTED-000063:market_hx_40312_172,local_functional_facility,market,manor_hx_40312,lcu_registry_sett_hx_40312,Eldham,estate_surface_be2b2684d01789006b19,IE-010,active,,functional_custody,functional_custodian,,security-custody:uatfacility_bea47b2c29fd2797e948178b,,STEP6DB-RIGHT-SELECTED-000063,market_fair_franchise,institution:archbishopric_of_eldham,institution:archbishopric_of_eldham,institution:royal_crown_falvier_apparatus,cri2_de58f3dcd57b9efcfd4a4d6c,t0p_96beae428856f3dab8659323,Thomas Broadfield,candidate_exact_owner_not_admitted,,courtos.responsibility.franchise_operations:uatfacility_bea47b2c29fd2797e948178b,t0p_88d57d06b225ec41a0d64823,John the Elder of Eldham,candidate_exact_owner_not_admitted,courtos.responsibility.revenue_right_administration_collection:uatfacility_bea47b2c29fd2797e948178b,t0p_88d57d06b225ec41a0d64823,John the Elder of Eldham,unknown_or_not_independently_admitted,unknown_or_not_independently_admitted,unknown_or_not_independently_admitted,unknown_or_not_independently_admitted,unknown_no_direct_current_condition_observation,1,false,false,true,admitted_security_facility_assignment_runtime_input,FOUNDER_APPROVED_PHASE_FIVE_SECURITY_MATERIALIZATION_2026_07_29
uatfacility_bfd18c26b958908fc0b5e7ea,specialized_facility:STEP6DB-RIGHT-SELECTED-000174:mill_hx_38620_475,local_functional_facility,mill,manor_hx_38620,lcu_rural_manor_hx_38620,Dunmere,estate_surface_eec1eedd26199f71058f,IE-007,active,,functional_custody,functional_custodian,,security-custody:uatfacility_bfd18c26b958908fc0b5e7ea,,STEP6DB-RIGHT-SELECTED-000174,mill_facility,house:house_serevin_east_h2sl,house:house_serevin_east_h2sl,house:house_serevin_east_h2sl,cri2_4d8282b80defae7a0152f884,t0p_7ebd985ab6512fd6e7f5adf2,Milo Shield the Elder,candidate_exact_owner_not_admitted,,courtos.responsibility.franchise_operations:uatfacility_bfd18c26b958908fc0b5e7ea,t0p_3fe22aa2e8a06ff54fc03f98,Alix of Merewatch,candidate_exact_owner_not_admitted,courtos.responsibility.revenue_right_administration_collection:uatfacility_bfd18c26b958908fc0b5e7ea,t0p_3fe22aa2e8a06ff54fc03f98,Alix of Merewatch,unknown_or_not_independently_admitted,unknown_or_not_independently_admitted,unknown_or_not_independently_admitted,unknown_or_not_independently_admitted,unknown_no_direct_current_condition_observation,1,false,false,true,admitted_security_facility_assignment_runtime_input,FOUNDER_APPROVED_PHASE_FIVE_SECURITY_MATERIALIZATION_2026_07_29
uatfacility_c185c6d6824627e8272b19a3,specialized_facility:STEP6DB-RIGHT-SELECTED-000059:market_hx_40033_508,local_functional_facility,market,manor_hx_40033,lcu_rural_manor_hx_40033,Eldham,estate_surface_47f27f8aa5f13503abe9,IE-010,active,,functional_custody,functional_custodian,,security-custody:uatfacility_c185c6d6824627e8272b19a3,,STEP6DB-RIGHT-SELECTED-000059,market_fair_franchise,house:house_dornelle_wood_river_j6wq,house:house_dornelle_wood_river_j6wq,institution:royal_crown_falvier_apparatus,cri2_c9d7388177a21768dc801bfc,t0p_be7f0ad85f8706cd784154f5,"Gerard Cooper, manor bailiff reeve",candidate_exact_owner_not_admitted,,courtos.responsibility.franchise_operations:uatfacility_c185c6d6824627e8272b19a3,t0p_773d7bc36c53d58647525990,Wulfgifu Hedger,candidate_exact_owner_not_admitted,courtos.responsibility.revenue_right_administration_collection:uatfacility_c185c6d6824627e8272b19a3,t0p_773d7bc36c53d58647525990,Wulfgifu Hedger,unknown_or_not_independently_admitted,unknown_or_not_independently_admitted,unknown_or_not_independently_admitted,unknown_or_not_independently_admitted,unknown_no_direct_current_condition_observation,1,false,false,true,admitted_security_facility_assignment_runtime_input,FOUNDER_APPROVED_PHASE_FIVE_SECURITY_MATERIALIZATION_2026_07_29
uatfacility_c1c4ca1500f52af489c5b284,specialized_facility:STEP6DB-RIGHT-SELECTED-000051:market_hx_39221_161,local_functional_facility,market,manor_hx_39221,lcu_registry_sett_hx_39221,Falkenford,estate_surface_3e94f1cbf90ef89c12ff,IE-010,active,,functional_custody,functional_custodian,,security-custody:uatfacility_c1c4ca1500f52af489c5b284,,STEP6DB-RIGHT-SELECTED-000051,market_fair_franchise,institution:bishopric_of_falkenford,institution:bishopric_of_falkenford,institution:royal_crown_falvier_apparatus,cri2_a4cc47340e4e4fd549e9db30,t0p_6a6f6827cd6b853a17e5fa22,Dunstan White,candidate_exact_owner_not_admitted,,courtos.responsibility.franchise_operations:uatfacility_c1c4ca1500f52af489c5b284,t0p_796e916af56a8900f842eb27,Edwin the Elder of Falkenford,candidate_exact_owner_not_admitted,courtos.responsibility.revenue_right_administration_collection:uatfacility_c1c4ca1500f52af489c5b284,t0p_796e916af56a8900f842eb27,Edwin the Elder of Falkenford,unknown_or_not_independently_admitted,unknown_or_not_independently_admitted,unknown_or_not_independently_admitted,unknown_or_not_independently_admitted,unknown_no_direct_current_condition_observation,1,false,false,true,admitted_security_facility_assignment_runtime_input,FOUNDER_APPROVED_PHASE_FIVE_SECURITY_MATERIALIZATION_2026_07_29
uatfacility_c30ae681be84fd6752526a5c,specialized_facility:STEP6DB-RIGHT-SELECTED-000003:market_hx_29372_92,local_functional_facility,market,manor_hx_29372,lcu_registry_sett_hx_29372,Wyrmford,estate_surface_840fe3dd382fe1c046e7,IE-010,active,,functional_custody,functional_custodian,,security-custody:uatfacility_c30ae681be84fd6752526a5c,,STEP6DB-RIGHT-SELECTED-000003,market_fair_franchise,institution:bishopric_of_wyrmford,institution:bishopric_of_wyrmford,institution:royal_crown_falvier_apparatus,cri2_38a99fb06dc0d2350963dd64,t0p_de1d6090c3023343ceed3bd3,Peter Rolls the Younger,candidate_exact_owner_not_admitted,,courtos.responsibility.franchise_operations:uatfacility_c30ae681be84fd6752526a5c,t0p_d8832568a2d7a28d69d679e3,Hereward of Wyrmford,candidate_exact_owner_not_admitted,courtos.responsibility.revenue_right_administration_collection:uatfacility_c30ae681be84fd6752526a5c,t0p_d8832568a2d7a28d69d679e3,Hereward of Wyrmford,unknown_or_not_independently_admitted,unknown_or_not_independently_admitted,unknown_or_not_independently_admitted,unknown_or_not_independently_admitted,unknown_no_direct_current_condition_observation,1,false,false,true,admitted_security_facility_assignment_runtime_input,FOUNDER_APPROVED_PHASE_FIVE_SECURITY_MATERIALIZATION_2026_07_29
uatfacility_c31a9594f888d05b119aa692,specialized_facility:STEP6DB-RIGHT-SELECTED-000044:market_hx_38141_461,local_functional_facility,market,manor_hx_38141,lcu_rural_manor_hx_38141,Crowmarsh,estate_surface_bad784765ce1fc7a4c05,IE-010,active,,functional_custody,functional_custodian,,security-custody:uatfacility_c31a9594f888d05b119aa692,,STEP6DB-RIGHT-SELECTED-000044,market_fair_franchise,house:house_haumont_gate_noo1,house:house_haumont_gate_noo1,institution:royal_crown_falvier_apparatus,cri2_aeb1f5fc68efb96499fc9b7c,t0p_e78585c2617415e563ca3a2c,Reginald Fletcher,candidate_exact_owner_not_admitted,,courtos.responsibility.franchise_operations:uatfacility_c31a9594f888d05b119aa692,t0p_4d8d67ca71153dd75c23658d,Guillaume of Crowmarsh,candidate_exact_owner_not_admitted,courtos.responsibility.revenue_right_administration_collection:uatfacility_c31a9594f888d05b119aa692,t0p_4d8d67ca71153dd75c23658d,Guillaume of Crowmarsh,unknown_or_not_independently_admitted,unknown_or_not_independently_admitted,unknown_or_not_independently_admitted,unknown_or_not_independently_admitted,unknown_no_direct_current_condition_observation,1,false,false,true,admitted_security_facility_assignment_runtime_input,FOUNDER_APPROVED_PHASE_FIVE_SECURITY_MATERIALIZATION_2026_07_29
uatfacility_c44e7720fcd8663686e4612a,specialized_facility:STEP6DB-RIGHT-SELECTED-000092:market_hx_49581_205,local_functional_facility,market,manor_hx_49581,lcu_registry_sett_hx_49581,Ivydale,estate_surface_9bc8d3cdf139a1c644eb,IE-010,active,,functional_custody,functional_custodian,,security-custody:uatfacility_c44e7720fcd8663686e4612a,,STEP6DB-RIGHT-SELECTED-000092,market_fair_franchise,institution:bishopric_of_harrowfield,institution:bishopric_of_harrowfield,institution:royal_crown_falvier_apparatus,cri2_d2e7a1c82e256cc105b2217a,t0p_499d722c6dfad56f0e930911,Aethelstan Draper,candidate_exact_owner_not_admitted,,courtos.responsibility.franchise_operations:uatfacility_c44e7720fcd8663686e4612a,t0p_e2e2034c29e9b248f6c28f01,Arnketil the Elder of Greenbrook,candidate_exact_owner_not_admitted,courtos.responsibility.revenue_right_administration_collection:uatfacility_c44e7720fcd8663686e4612a,t0p_e2e2034c29e9b248f6c28f01,Arnketil the Elder of Greenbrook,unknown_or_not_independently_admitted,unknown_or_not_independently_admitted,unknown_or_not_independently_admitted,unknown_or_not_independently_admitted,unknown_no_direct_current_condition_observation,1,false,false,true,admitted_security_facility_assignment_runtime_input,FOUNDER_APPROVED_PHASE_FIVE_SECURITY_MATERIALIZATION_2026_07_29
uatfacility_c5dad8bdb7f69572a706a772,specialized_facility:STEP6DB-RIGHT-SELECTED-000148:toll_point_hx_51585_73,controlled_crossing,toll_point,manor_hx_51585,lcu_rural_manor_hx_51585,Alderwick,estate_surface_5bb622ecbf0e0ffe052b,IE-009,active,,named_post,named_post_covered,security-post:crossing:uatfacility_c5dad8bdb7f69572a706a772,,,STEP6DB-RIGHT-SELECTED-000148,bridge_ferry_toll_route,institution:royal_crown_falvier_apparatus,institution:royal_crown_falvier_apparatus,institution:royal_crown_falvier_apparatus,cri2_dfc10749f9b7f0ccbfb00a75,t0p_4228ecd02ab51dc155ac2a87,Walter Scriven the Red,candidate_exact_owner_not_admitted,,courtos.responsibility.franchise_operations:uatfacility_c5dad8bdb7f69572a706a772,t0p_72d901c3708f7e4355e0b3d6,Hugh the Younger of Broadhallow Court,candidate_exact_owner_not_admitted,courtos.responsibility.revenue_right_administration_collection:uatfacility_c5dad8bdb7f69572a706a772,t0p_e89757ad77a93ff8ca054152,Gillis of Broadhallow Court,unknown_or_not_independently_admitted,unknown_or_not_independently_admitted,unknown_or_not_independently_admitted,unknown_or_not_independently_admitted,unknown_no_direct_current_condition_observation,1,false,false,true,admitted_security_facility_assignment_runtime_input,FOUNDER_APPROVED_PHASE_FIVE_SECURITY_MATERIALIZATION_2026_07_29
uatfacility_c62475ee6e6febf247b33257,specialized_facility:STEP6DB-RIGHT-SELECTED-000156:manor_hx_32747,port_harbor,ports_coastal_external_market_context,manor_hx_32747,,Wyrmford,estate_surface_8d340dca56274630eb2b,IE-011,active,,named_post,named_post_covered,security-post:port:uatfacility_c62475ee6e6febf247b33257,,,STEP6DB-RIGHT-SELECTED-000156,ports_coastal_external_market,institution:royal_crown_falvier_apparatus,institution:royal_crown_falvier_apparatus,institution:royal_crown_falvier_apparatus,cri2_061747d5204dee9774798169,t0p_4b46bce5fcb1c3f06436ac83,Harold Lister the Younger,current_conditional_instance,cri2_04455840d714b406ff064ba1,,,,candidate_exact_owner_not_admitted,courtos.responsibility.revenue_right_administration_collection:uatfacility_c62475ee6e6febf247b33257,t0p_1f9ab077e95092653d560763,Florent Falvier,unknown_or_not_independently_admitted,unknown_or_not_independently_admitted,unknown_or_not_independently_admitted,unknown_or_not_independently_admitted,unknown_no_direct_current_condition_observation,1,false,false,true,admitted_security_facility_assignment_runtime_input,FOUNDER_APPROVED_PHASE_FIVE_SECURITY_MATERIALIZATION_2026_07_29
uatfacility_c80a32570151f23a588cf47f,specialized_facility:STEP6DB-RIGHT-SELECTED-000076:market_hx_45973_593,local_functional_facility,market,manor_hx_45973,lcu_rural_manor_hx_45973,Glastonmere,estate_surface_180732603990f6559df8,IE-010,active,,functional_custody,functional_custodian,,security-custody:uatfacility_c80a32570151f23a588cf47f,,STEP6DB-RIGHT-SELECTED-000076,market_fair_franchise,house:house_tourenne_river_ccup,house:house_tourenne_river_ccup,institution:royal_crown_falvier_apparatus,cri2_1cda98f00af3d538173201ce,t0p_b364ec262f447caacb58968a,"Ralph Black, manor bailiff reeve",candidate_exact_owner_not_admitted,,courtos.responsibility.franchise_operations:uatfacility_c80a32570151f23a588cf47f,t0p_8abe9da1e23a0fbaa06dbfbc,Joan of Hallowham Court Paxwick,candidate_exact_owner_not_admitted,courtos.responsibility.revenue_right_administration_collection:uatfacility_c80a32570151f23a588cf47f,t0p_8abe9da1e23a0fbaa06dbfbc,Joan of Hallowham Court Paxwick,unknown_or_not_independently_admitted,unknown_or_not_independently_admitted,unknown_or_not_independently_admitted,unknown_or_not_independently_admitted,unknown_no_direct_current_condition_observation,1,false,false,true,admitted_security_facility_assignment_runtime_input,FOUNDER_APPROVED_PHASE_FIVE_SECURITY_MATERIALIZATION_2026_07_29
uatfacility_c8f3f78e6bdb434b99645f6d,specialized_facility:STEP6DB-RIGHT-SELECTED-000077:market_hx_45974_186,local_functional_facility,market,manor_hx_45974,lcu_registry_sett_hx_45974,Glastonmere,estate_surface_6ae8a7550ce8ccda0a86,IE-010,active,,functional_custody,functional_custodian,,security-custody:uatfacility_c8f3f78e6bdb434b99645f6d,,STEP6DB-RIGHT-SELECTED-000077,market_fair_franchise,house:house_keldran_elder_cs6p,house:house_keldran_elder_cs6p,institution:royal_crown_falvier_apparatus,cri2_1afc28f9d57b66d054608471,t0p_9d984104447fbcfeac1d3fa7,Nigel Scrivener the Elder,candidate_exact_owner_not_admitted,,courtos.responsibility.franchise_operations:uatfacility_c8f3f78e6bdb434b99645f6d,t0p_8023ebdf3efc84a5f6f3e74b,Gilbert of Glastonmere,candidate_exact_owner_not_admitted,courtos.responsibility.revenue_right_administration_collection:uatfacility_c8f3f78e6bdb434b99645f6d,t0p_8023ebdf3efc84a5f6f3e74b,Gilbert of Glastonmere,unknown_or_not_independently_admitted,unknown_or_not_independently_admitted,unknown_or_not_independently_admitted,unknown_or_not_independently_admitted,unknown_no_direct_current_condition_observation,1,false,false,true,admitted_security_facility_assignment_runtime_input,FOUNDER_APPROVED_PHASE_FIVE_SECURITY_MATERIALIZATION_2026_07_29
uatfacility_cc323a38847925797addee74,specialized_facility:STEP6DB-RIGHT-SELECTED-000043:market_hx_38085_152,local_functional_facility,market,manor_hx_38085,lcu_registry_sett_hx_38085,Northwych,estate_surface_051abc1fd3d8a8d6806f,IE-010,active,,functional_custody,functional_custodian,,security-custody:uatfacility_cc323a38847925797addee74,,STEP6DB-RIGHT-SELECTED-000043,market_fair_franchise,institution:bishopric_of_merewatch,institution:bishopric_of_merewatch,institution:royal_crown_falvier_apparatus,cri2_96c1ad4389132ba3ab68ebfc,t0p_dec5a92a37570ce9c0da99c0,Hugues Fuller the Elder,candidate_exact_owner_not_admitted,,courtos.responsibility.franchise_operations:uatfacility_cc323a38847925797addee74,t0p_8c4963d1fe1829e440910c74,Ulric of Grimwold Court,candidate_exact_owner_not_admitted,courtos.responsibility.revenue_right_administration_collection:uatfacility_cc323a38847925797addee74,t0p_8c4963d1fe1829e440910c74,Ulric of Grimwold Court,unknown_or_not_independently_admitted,unknown_or_not_independently_admitted,unknown_or_not_independently_admitted,unknown_or_not_independently_admitted,unknown_no_direct_current_condition_observation,1,false,false,true,admitted_security_facility_assignment_runtime_input,FOUNDER_APPROVED_PHASE_FIVE_SECURITY_MATERIALIZATION_2026_07_29
uatfacility_ce750e082ee59840157430a0,specialized_facility:STEP6DB-RIGHT-SELECTED-000083:market_hx_47880_194,local_functional_facility,market,manor_hx_47880,lcu_registry_sett_hx_47880,Harrowfield,estate_surface_e6db6be953ae7bcb5fa3,IE-010,active,,functional_custody,functional_custodian,,security-custody:uatfacility_ce750e082ee59840157430a0,,STEP6DB-RIGHT-SELECTED-000083,market_fair_franchise,institution:bishopric_of_harrowfield,institution:bishopric_of_harrowfield,institution:royal_crown_falvier_apparatus,cri2_fc317cc4a8a871e561132324,t0p_b597afbb8efeb85b2149b28e,Leofric Scriven,candidate_exact_owner_not_admitted,,courtos.responsibility.franchise_operations:uatfacility_ce750e082ee59840157430a0,t0p_e2e2034c29e9b248f6c28f01,Arnketil the Elder of Greenbrook,candidate_exact_owner_not_admitted,courtos.responsibility.revenue_right_administration_collection:uatfacility_ce750e082ee59840157430a0,t0p_e2e2034c29e9b248f6c28f01,Arnketil the Elder of Greenbrook,unknown_or_not_independently_admitted,unknown_or_not_independently_admitted,unknown_or_not_independently_admitted,unknown_or_not_independently_admitted,unknown_no_direct_current_condition_observation,1,false,false,true,admitted_security_facility_assignment_runtime_input,FOUNDER_APPROVED_PHASE_FIVE_SECURITY_MATERIALIZATION_2026_07_29
uatfacility_cfecc7d1be62a99193254789,specialized_facility:STEP6DB-RIGHT-SELECTED-000087:market_hx_48450_198,local_functional_facility,market,manor_hx_48450,lcu_registry_sett_hx_48450,Harrowfield,estate_surface_1fe5eefcc97e4230414f,IE-010,active,,functional_custody,functional_custodian,,security-custody:uatfacility_cfecc7d1be62a99193254789,,STEP6DB-RIGHT-SELECTED-000087,market_fair_franchise,institution:bishopric_of_harrowfield,institution:bishopric_of_harrowfield,institution:royal_crown_falvier_apparatus,cri2_f634966e725fd071c459e45a,t0p_166fa44bbb3d24e56223c33f,Osbert Carter,candidate_exact_owner_not_admitted,,courtos.responsibility.franchise_operations:uatfacility_cfecc7d1be62a99193254789,t0p_e2e2034c29e9b248f6c28f01,Arnketil the Elder of Greenbrook,candidate_exact_owner_not_admitted,courtos.responsibility.revenue_right_administration_collection:uatfacility_cfecc7d1be62a99193254789,t0p_e2e2034c29e9b248f6c28f01,Arnketil the Elder of Greenbrook,unknown_or_not_independently_admitted,unknown_or_not_independently_admitted,unknown_or_not_independently_admitted,unknown_or_not_independently_admitted,unknown_no_direct_current_condition_observation,1,false,false,true,admitted_security_facility_assignment_runtime_input,FOUNDER_APPROVED_PHASE_FIVE_SECURITY_MATERIALIZATION_2026_07_29
uatfacility_d4298a83ec8af1446bdf0a34,specialized_facility:STEP6DB-RIGHT-SELECTED-000141:toll_point_hx_36745_40,controlled_crossing,toll_point,manor_hx_36745,lcu_rural_manor_hx_36745,Crowmarsh,estate_surface_8fff0c3f867d84dd5f22,IE-009,active,,named_post,named_post_covered,security-post:crossing:uatfacility_d4298a83ec8af1446bdf0a34,,,STEP6DB-RIGHT-SELECTED-000141,bridge_ferry_toll_route,house:house_haumont_gate_noo1,house:house_haumont_gate_noo1,institution:royal_crown_falvier_apparatus,cri2_876a5655140d008c4fec0af0,t0p_e30a86f2f3e7929c780e95fc,Hereward Meadowfield,candidate_exact_owner_not_admitted,,courtos.responsibility.franchise_operations:uatfacility_d4298a83ec8af1446bdf0a34,t0p_4d8d67ca71153dd75c23658d,Guillaume of Crowmarsh,candidate_exact_owner_not_admitted,courtos.responsibility.revenue_right_administration_collection:uatfacility_d4298a83ec8af1446bdf0a34,t0p_3fcf0196fc6a49f0cfd944d8,Guillaume Archer,unknown_or_not_independently_admitted,unknown_or_not_independently_admitted,unknown_or_not_independently_admitted,unknown_or_not_independently_admitted,unknown_no_direct_current_condition_observation,1,false,false,true,admitted_security_facility_assignment_runtime_input,FOUNDER_APPROVED_PHASE_FIVE_SECURITY_MATERIALIZATION_2026_07_29
uatfacility_d42afd7623ffe14e7bd56fe3,specialized_facility:STEP6DB-RIGHT-SELECTED-000052:market_hx_39260_163,local_functional_facility,market,manor_hx_39260,lcu_registry_sett_hx_39260,Crowmarsh,estate_surface_108a4f1ff678b3417f7d,IE-010,active,,functional_custody,functional_custodian,,security-custody:uatfacility_d42afd7623ffe14e7bd56fe3,,STEP6DB-RIGHT-SELECTED-000052,market_fair_franchise,institution:bishopric_of_crowmarsh,institution:bishopric_of_crowmarsh,institution:royal_crown_falvier_apparatus,cri2_506d3718447f857a97e419a9,t0p_7c3fc0008e632b907cee8d6a,Wulfstan Spicer,candidate_exact_owner_not_admitted,,courtos.responsibility.franchise_operations:uatfacility_d42afd7623ffe14e7bd56fe3,t0p_a357c671eeb1722d504f1a92,Herman of Hazelwick,candidate_exact_owner_not_admitted,courtos.responsibility.revenue_right_administration_collection:uatfacility_d42afd7623ffe14e7bd56fe3,t0p_a357c671eeb1722d504f1a92,Herman of Hazelwick,unknown_or_not_independently_admitted,unknown_or_not_independently_admitted,unknown_or_not_independently_admitted,unknown_or_not_independently_admitted,unknown_no_direct_current_condition_observation,1,false,false,true,admitted_security_facility_assignment_runtime_input,FOUNDER_APPROVED_PHASE_FIVE_SECURITY_MATERIALIZATION_2026_07_29
uatfacility_d6a529f5fd9143e936a87e68,specialized_facility:STEP6DB-RIGHT-SELECTED-000001:market_hx_27972_88,local_functional_facility,market,manor_hx_27972,lcu_registry_sett_hx_27972,Wyrmford,estate_surface_a3b36552f08f2dd1019c,IE-010,active,,functional_custody,functional_custodian,,security-custody:uatfacility_d6a529f5fd9143e936a87e68,,STEP6DB-RIGHT-SELECTED-000001,market_fair_franchise,institution:royal_crown_falvier_apparatus,institution:royal_crown_falvier_apparatus,institution:royal_crown_falvier_apparatus,cri2_9cfb0982d28befa2a813c875,t0p_05132f0bf954927c50efebe8,Ranulf Penman the Elder,candidate_exact_owner_not_admitted,,courtos.responsibility.franchise_operations:uatfacility_d6a529f5fd9143e936a87e68,t0p_1f9ab077e95092653d560763,Florent Falvier,candidate_exact_owner_not_admitted,courtos.responsibility.revenue_right_administration_collection:uatfacility_d6a529f5fd9143e936a87e68,t0p_1f9ab077e95092653d560763,Florent Falvier,unknown_or_not_independently_admitted,unknown_or_not_independently_admitted,unknown_or_not_independently_admitted,unknown_or_not_independently_admitted,unknown_no_direct_current_condition_observation,1,false,false,true,admitted_security_facility_assignment_runtime_input,FOUNDER_APPROVED_PHASE_FIVE_SECURITY_MATERIALIZATION_2026_07_29
uatfacility_d8f44975fe6615049f2a6046,specialized_facility:STEP6DB-RIGHT-SELECTED-000069:market_hx_41158_534,local_functional_facility,market,manor_hx_41158,lcu_rural_manor_hx_41158,Eldham,estate_surface_01dfa4ec349989fd94c4,IE-010,active,,functional_custody,functional_custodian,,security-custody:uatfacility_d8f44975fe6615049f2a6046,,STEP6DB-RIGHT-SELECTED-000069,market_fair_franchise,house:house_carvayne_bridge_m4mn,house:house_carvayne_bridge_m4mn,institution:royal_crown_falvier_apparatus,cri2_f3144b00826c6e74262cca97,t0p_79fdea8c6d3f1d3df70c62e4,Benoit Dyer,candidate_exact_owner_not_admitted,,courtos.responsibility.franchise_operations:uatfacility_d8f44975fe6615049f2a6046,t0p_4b9842a6bf6c4ffddb5ebe87,Florent the Elder of Shadeworth,candidate_exact_owner_not_admitted,courtos.responsibility.revenue_right_administration_collection:uatfacility_d8f44975fe6615049f2a6046,t0p_9b68bc7c5e2b552491a0730c,Miles of Hallowford,unknown_or_not_independently_admitted,unknown_or_not_independently_admitted,unknown_or_not_independently_admitted,unknown_or_not_independently_admitted,unknown_no_direct_current_condition_observation,1,false,false,true,admitted_security_facility_assignment_runtime_input,FOUNDER_APPROVED_PHASE_FIVE_SECURITY_MATERIALIZATION_2026_07_29
uatfacility_dacfc7ec4db89ec36abeee4f,specialized_facility:STEP6DB-RIGHT-SELECTED-000108:market_hx_54937_683,local_functional_facility,market,manor_hx_54937,lcu_rural_manor_hx_54937,Kestrelford,estate_surface_abb02a26fc5cf6327b42,IE-010,active,,functional_custody,functional_custodian,,security-custody:uatfacility_dacfc7ec4db89ec36abeee4f,,STEP6DB-RIGHT-SELECTED-000108,market_fair_franchise,institution:royal_crown_falvier_apparatus,institution:royal_crown_falvier_apparatus,institution:royal_crown_falvier_apparatus,cri2_42cb9fb02abdcecf56b18481,t0p_6a80a927435058d3c7f4f9c9,Harold Stonefield,candidate_exact_owner_not_admitted,,courtos.responsibility.franchise_operations:uatfacility_dacfc7ec4db89ec36abeee4f,t0p_1f9ab077e95092653d560763,Florent Falvier,candidate_exact_owner_not_admitted,courtos.responsibility.revenue_right_administration_collection:uatfacility_dacfc7ec4db89ec36abeee4f,t0p_1f9ab077e95092653d560763,Florent Falvier,unknown_or_not_independently_admitted,unknown_or_not_independently_admitted,unknown_or_not_independently_admitted,unknown_or_not_independently_admitted,unknown_no_direct_current_condition_observation,1,false,false,true,admitted_security_facility_assignment_runtime_input,FOUNDER_APPROVED_PHASE_FIVE_SECURITY_MATERIALIZATION_2026_07_29
uatfacility_de7e5a65989c44c33122995b,specialized_facility:STEP6DB-RIGHT-SELECTED-000066:market_hx_40602_526,local_functional_facility,market,manor_hx_40602,lcu_rural_manor_hx_40602,Eldham,estate_surface_36de1bdef9c4e5b12b63,IE-010,active,,functional_custody,functional_custodian,,security-custody:uatfacility_de7e5a65989c44c33122995b,,STEP6DB-RIGHT-SELECTED-000066,market_fair_franchise,house:house_nerac_west_duup,house:house_nerac_west_duup,institution:royal_crown_falvier_apparatus,cri2_d64969957779cca7ff50b34c,t0p_2ef949300eb1498e6d04d010,Geoffrey the Elder of Priorcote,candidate_exact_owner_not_admitted,,courtos.responsibility.franchise_operations:uatfacility_de7e5a65989c44c33122995b,t0p_bfc2de1bd770ec9fb745f3ac,Geoffrey the Younger of Priorcote,candidate_exact_owner_not_admitted,courtos.responsibility.revenue_right_administration_collection:uatfacility_de7e5a65989c44c33122995b,t0p_bfc2de1bd770ec9fb745f3ac,Geoffrey the Younger of Priorcote,unknown_or_not_independently_admitted,unknown_or_not_independently_admitted,unknown_or_not_independently_admitted,unknown_or_not_independently_admitted,unknown_no_direct_current_condition_observation,1,false,false,true,admitted_security_facility_assignment_runtime_input,FOUNDER_APPROVED_PHASE_FIVE_SECURITY_MATERIALIZATION_2026_07_29
uatfacility_e1bad66951818d2ec005fbd0,specialized_facility:STEP6DB-RIGHT-SELECTED-000186:storage_or_granary_candidate_hx_48450_199,local_functional_facility,storage_or_granary_candidate,manor_hx_48450,lcu_registry_sett_hx_48450,Harrowfield,estate_surface_e767ce61dcd2543fc607,IE-002,active,,functional_custody,functional_custodian,,security-custody:uatfacility_e1bad66951818d2ec005fbd0,,STEP6DB-RIGHT-SELECTED-000186,fishery_storage_water_transport,institution:bishopric_of_harrowfield,institution:bishopric_of_harrowfield,institution:bishopric_of_harrowfield,cri2_f634966e725fd071c459e45a,t0p_166fa44bbb3d24e56223c33f,Osbert Carter,candidate_exact_owner_not_admitted,,courtos.responsibility.franchise_operations:uatfacility_e1bad66951818d2ec005fbd0,t0p_e2e2034c29e9b248f6c28f01,Arnketil the Elder of Greenbrook,candidate_exact_owner_not_admitted,courtos.responsibility.revenue_right_administration_collection:uatfacility_e1bad66951818d2ec005fbd0,t0p_e2e2034c29e9b248f6c28f01,Arnketil the Elder of Greenbrook,unknown_or_not_independently_admitted,unknown_or_not_independently_admitted,unknown_or_not_independently_admitted,unknown_or_not_independently_admitted,unknown_no_direct_current_condition_observation,1,false,false,true,admitted_security_facility_assignment_runtime_input,FOUNDER_APPROVED_PHASE_FIVE_SECURITY_MATERIALIZATION_2026_07_29
uatfacility_e4244cdd084424c61a99adb1,specialized_facility:STEP6DB-RIGHT-SELECTED-000185:storage_or_granary_candidate_hx_45974_188,local_functional_facility,storage_or_granary_candidate,manor_hx_45974,lcu_registry_sett_hx_45974,Glastonmere,estate_surface_f97aee40a7b55077e450,IE-002,active,,functional_custody,functional_custodian,,security-custody:uatfacility_e4244cdd084424c61a99adb1,,STEP6DB-RIGHT-SELECTED-000185,fishery_storage_water_transport,house:house_keldran_elder_cs6p,house:house_keldran_elder_cs6p,house:house_keldran_elder_cs6p,cri2_1afc28f9d57b66d054608471,t0p_9d984104447fbcfeac1d3fa7,Nigel Scrivener the Elder,candidate_exact_owner_not_admitted,,courtos.responsibility.franchise_operations:uatfacility_e4244cdd084424c61a99adb1,t0p_8023ebdf3efc84a5f6f3e74b,Gilbert of Glastonmere,candidate_exact_owner_not_admitted,courtos.responsibility.revenue_right_administration_collection:uatfacility_e4244cdd084424c61a99adb1,t0p_8023ebdf3efc84a5f6f3e74b,Gilbert of Glastonmere,unknown_or_not_independently_admitted,unknown_or_not_independently_admitted,unknown_or_not_independently_admitted,unknown_or_not_independently_admitted,unknown_no_direct_current_condition_observation,1,false,false,true,admitted_security_facility_assignment_runtime_input,FOUNDER_APPROVED_PHASE_FIVE_SECURITY_MATERIALIZATION_2026_07_29
uatfacility_e54fdf5ccd9e442bc4ba44e3,specialized_facility:STEP6DB-RIGHT-SELECTED-000138:toll_point_hx_30262_20,controlled_crossing,toll_point,manor_hx_30262,lcu_rural_manor_hx_30262,Bramholt,estate_surface_a1c814d13f8b6c5ba9f6,IE-009,active,,named_post,named_post_covered,security-post:crossing:uatfacility_e54fdf5ccd9e442bc4ba44e3,,,STEP6DB-RIGHT-SELECTED-000138,bridge_ferry_toll_route,house:house_arcemont_lower_oy6l,house:house_arcemont_lower_oy6l,institution:royal_crown_falvier_apparatus,cri2_ae208b3584ceec79582655cd,t0p_4f2547a273341d2135e830ef,Milo Ward,candidate_exact_owner_not_admitted,,courtos.responsibility.franchise_operations:uatfacility_e54fdf5ccd9e442bc4ba44e3,t0p_d1fb4e942216a71b49afe735,Adam Penny,candidate_exact_owner_not_admitted,courtos.responsibility.revenue_right_administration_collection:uatfacility_e54fdf5ccd9e442bc4ba44e3,t0p_269ec895192a4e3b54cbe8c5,Odo Waterfield the Elder,unknown_or_not_independently_admitted,unknown_or_not_independently_admitted,unknown_or_not_independently_admitted,unknown_or_not_independently_admitted,unknown_no_direct_current_condition_observation,1,false,false,true,admitted_security_facility_assignment_runtime_input,FOUNDER_APPROVED_PHASE_FIVE_SECURITY_MATERIALIZATION_2026_07_29
uatfacility_e5a1b01e45877ba3f57be496,specialized_facility:STEP6DB-RIGHT-SELECTED-000004:market_hx_29652_280,local_functional_facility,market,manor_hx_29652,lcu_rural_manor_hx_29652,Wyrmford,estate_surface_0a6889186634225fae01,IE-010,active,,functional_custody,functional_custodian,,security-custody:uatfacility_e5a1b01e45877ba3f57be496,,STEP6DB-RIGHT-SELECTED-000004,market_fair_franchise,house:house_xainval_river_7xyl,house:house_xainval_river_7xyl,institution:royal_crown_falvier_apparatus,cri2_30a23c97fdc50f231ac5d572,t0p_5b0bdac249d73b1d640fe63e,Gerard Scribner,candidate_exact_owner_not_admitted,,courtos.responsibility.franchise_operations:uatfacility_e5a1b01e45877ba3f57be496,t0p_f657fcf1acabe154d55d4ebe,Gillis of Hazelwick,candidate_exact_owner_not_admitted,courtos.responsibility.revenue_right_administration_collection:uatfacility_e5a1b01e45877ba3f57be496,t0p_a93125b5bd09daca0cb0ab68,Isarn White,unknown_or_not_independently_admitted,unknown_or_not_independently_admitted,unknown_or_not_independently_admitted,unknown_or_not_independently_admitted,unknown_no_direct_current_condition_observation,1,false,false,true,admitted_security_facility_assignment_runtime_input,FOUNDER_APPROVED_PHASE_FIVE_SECURITY_MATERIALIZATION_2026_07_29
uatfacility_e8a0c62bbd8fc829647d57f1,specialized_facility:STEP6DB-RIGHT-SELECTED-000067:market_hx_40658_175,local_functional_facility,market,manor_hx_40658,lcu_registry_sett_hx_40658,Crowmarsh,estate_surface_a364557b2cc8eac7e82f,IE-010,active,,functional_custody,functional_custodian,,security-custody:uatfacility_e8a0c62bbd8fc829647d57f1,,STEP6DB-RIGHT-SELECTED-000067,market_fair_franchise,institution:bishopric_of_crowmarsh,institution:bishopric_of_crowmarsh,institution:royal_crown_falvier_apparatus,cri2_3596cb5b27b519299fc60dc3,t0p_8b411568af4080e9fcc0b921,Isarn Scribner,candidate_exact_owner_not_admitted,,courtos.responsibility.franchise_operations:uatfacility_e8a0c62bbd8fc829647d57f1,t0p_a357c671eeb1722d504f1a92,Herman of Hazelwick,candidate_exact_owner_not_admitted,courtos.responsibility.revenue_right_administration_collection:uatfacility_e8a0c62bbd8fc829647d57f1,t0p_a357c671eeb1722d504f1a92,Herman of Hazelwick,unknown_or_not_independently_admitted,unknown_or_not_independently_admitted,unknown_or_not_independently_admitted,unknown_or_not_independently_admitted,unknown_no_direct_current_condition_observation,1,false,false,true,admitted_security_facility_assignment_runtime_input,FOUNDER_APPROVED_PHASE_FIVE_SECURITY_MATERIALIZATION_2026_07_29
uatfacility_eb2909849ed4253c4cb37936,specialized_facility:STEP6DB-RIGHT-SELECTED-000121:fair_hx_39755_170,local_functional_facility,fair,manor_hx_39755,lcu_registry_sett_hx_39755,Eldham,estate_surface_6ad57e44a02f76e9e4e4,IE-010,active,,functional_custody,functional_custodian,,security-custody:uatfacility_eb2909849ed4253c4cb37936,,STEP6DB-RIGHT-SELECTED-000121,market_fair_franchise,institution:archbishopric_of_eldham,institution:archbishopric_of_eldham,institution:royal_crown_falvier_apparatus,cri2_929f03c6c44e0ddfd0b6d9a2,t0p_4c2e7967eba93ccb52e9a41d,Hugh Small the Younger,candidate_exact_owner_not_admitted,,courtos.responsibility.franchise_operations:uatfacility_eb2909849ed4253c4cb37936,t0p_88d57d06b225ec41a0d64823,John the Elder of Eldham,candidate_exact_owner_not_admitted,courtos.responsibility.revenue_right_administration_collection:uatfacility_eb2909849ed4253c4cb37936,t0p_88d57d06b225ec41a0d64823,John the Elder of Eldham,unknown_or_not_independently_admitted,unknown_or_not_independently_admitted,unknown_or_not_independently_admitted,unknown_or_not_independently_admitted,unknown_no_direct_current_condition_observation,1,false,false,true,admitted_security_facility_assignment_runtime_input,FOUNDER_APPROVED_PHASE_FIVE_SECURITY_MATERIALIZATION_2026_07_29
uatfacility_eb52e4038fa7dcd18c9a9253,specialized_facility:STEP6DB-RIGHT-SELECTED-000078:market_hx_46255_595,local_functional_facility,market,manor_hx_46255,lcu_rural_manor_hx_46255,Glastonmere,estate_surface_004f970d159539f911a8,IE-010,active,,functional_custody,functional_custodian,,security-custody:uatfacility_eb52e4038fa7dcd18c9a9253,,STEP6DB-RIGHT-SELECTED-000078,market_fair_franchise,house:house_keldran_elder_cs6p,house:house_keldran_elder_cs6p,institution:royal_crown_falvier_apparatus,cri2_1e264b7248869805856dae79,t0p_029ff673b6a1906579c0ed3b,Edmund Lister the Red,candidate_exact_owner_not_admitted,,courtos.responsibility.franchise_operations:uatfacility_eb52e4038fa7dcd18c9a9253,t0p_8023ebdf3efc84a5f6f3e74b,Gilbert of Glastonmere,candidate_exact_owner_not_admitted,courtos.responsibility.revenue_right_administration_collection:uatfacility_eb52e4038fa7dcd18c9a9253,t0p_8023ebdf3efc84a5f6f3e74b,Gilbert of Glastonmere,unknown_or_not_independently_admitted,unknown_or_not_independently_admitted,unknown_or_not_independently_admitted,unknown_or_not_independently_admitted,unknown_no_direct_current_condition_observation,1,false,false,true,admitted_security_facility_assignment_runtime_input,FOUNDER_APPROVED_PHASE_FIVE_SECURITY_MATERIALIZATION_2026_07_29
uatfacility_ee1fdb619c1fc91e73575a39,specialized_facility:STEP6DB-RIGHT-SELECTED-000018:market_hx_34157_118,local_functional_facility,market,manor_hx_34157,lcu_registry_sett_hx_34157,Larkspire,estate_surface_80baba03478ff64dc78a,IE-010,active,,functional_custody,functional_custodian,,security-custody:uatfacility_ee1fdb619c1fc91e73575a39,,STEP6DB-RIGHT-SELECTED-000018,market_fair_franchise,institution:bishopric_of_larkspire,institution:bishopric_of_larkspire,institution:royal_crown_falvier_apparatus,cri2_a93092691f3d5af8dd339da8,t0p_a6c51641c2b65642bedc8f6c,Leofric Booker,candidate_exact_owner_not_admitted,,courtos.responsibility.franchise_operations:uatfacility_ee1fdb619c1fc91e73575a39,t0p_3f7e7a43630fbce1a5291ddd,Martin the Elder of Valebury Hall,candidate_exact_owner_not_admitted,courtos.responsibility.revenue_right_administration_collection:uatfacility_ee1fdb619c1fc91e73575a39,t0p_3f7e7a43630fbce1a5291ddd,Martin the Elder of Valebury Hall,unknown_or_not_independently_admitted,unknown_or_not_independently_admitted,unknown_or_not_independently_admitted,unknown_or_not_independently_admitted,unknown_no_direct_current_condition_observation,1,false,false,true,admitted_security_facility_assignment_runtime_input,FOUNDER_APPROVED_PHASE_FIVE_SECURITY_MATERIALIZATION_2026_07_29
uatfacility_eef364e4a04782e6f47f19f3,specialized_facility:STEP6DB-RIGHT-SELECTED-000065:market_hx_40595_525,local_functional_facility,market,manor_hx_40595,lcu_rural_manor_hx_40595,Eldham,estate_surface_509f471352befff2c7e2,IE-010,active,,functional_custody,functional_custodian,,security-custody:uatfacility_eef364e4a04782e6f47f19f3,,STEP6DB-RIGHT-SELECTED-000065,market_fair_franchise,house:house_cadet_ivrel_south_baronial_016,house:house_cadet_ivrel_south_baronial_016,institution:royal_crown_falvier_apparatus,cri2_0428baba2419738fa72979e8,t0p_e4558a8a205830865897935b,Godwin Webber the White,candidate_exact_owner_not_admitted,,courtos.responsibility.franchise_operations:uatfacility_eef364e4a04782e6f47f19f3,t0p_e4558a8a205830865897935b,Godwin Webber the White,candidate_exact_owner_not_admitted,courtos.responsibility.revenue_right_administration_collection:uatfacility_eef364e4a04782e6f47f19f3,t0p_e4558a8a205830865897935b,Godwin Webber the White,unknown_or_not_independently_admitted,unknown_or_not_independently_admitted,unknown_or_not_independently_admitted,unknown_or_not_independently_admitted,unknown_no_direct_current_condition_observation,1,false,false,true,admitted_security_facility_assignment_runtime_input,FOUNDER_APPROVED_PHASE_FIVE_SECURITY_MATERIALIZATION_2026_07_29
uatfacility_f3053efd3f8716db477ca083,specialized_facility:STEP6DB-RIGHT-SELECTED-000106:market_hx_54379_223,local_functional_facility,market,manor_hx_54379,lcu_registry_sett_hx_54379,Alderwick,estate_surface_8a43529a48bbfd4e5891,IE-010,active,,functional_custody,functional_custodian,,security-custody:uatfacility_f3053efd3f8716db477ca083,,STEP6DB-RIGHT-SELECTED-000106,market_fair_franchise,institution:royal_crown_falvier_apparatus,baronial_demesne_fund:actor_baronial_demesne_replacement_candidate_03,institution:royal_crown_falvier_apparatus,cri2_24dbf85fe7a05ab957062a09,t0p_802b313d47db128127956f3b,Paul Longman the Younger,candidate_exact_owner_not_admitted,,courtos.responsibility.franchise_operations:uatfacility_f3053efd3f8716db477ca083,t0p_1f9ab077e95092653d560763,Florent Falvier,candidate_exact_owner_not_admitted,courtos.responsibility.revenue_right_administration_collection:uatfacility_f3053efd3f8716db477ca083,t0p_1f9ab077e95092653d560763,Florent Falvier,unknown_or_not_independently_admitted,unknown_or_not_independently_admitted,unknown_or_not_independently_admitted,unknown_or_not_independently_admitted,unknown_no_direct_current_condition_observation,1,false,false,true,admitted_security_facility_assignment_runtime_input,FOUNDER_APPROVED_PHASE_FIVE_SECURITY_MATERIALIZATION_2026_07_29
uatfacility_f3c89bc01224e7ed948a3261,specialized_facility:STEP6DB-RIGHT-SELECTED-000118:fair_hx_37798_146,local_functional_facility,fair,manor_hx_37798,lcu_registry_sett_hx_37798,Northwych,estate_surface_d56de02b0039134ccde9,IE-010,active,,functional_custody,functional_custodian,,security-custody:uatfacility_f3c89bc01224e7ed948a3261,,STEP6DB-RIGHT-SELECTED-000118,market_fair_franchise,institution:bishopric_of_merewatch,institution:bishopric_of_merewatch,institution:royal_crown_falvier_apparatus,cri2_0b9863b95e83056785adde4a,t0p_4879ac0e82f09d28bc4637cc,Isarn Chapman the Elder,candidate_exact_owner_not_admitted,,courtos.responsibility.franchise_operations:uatfacility_f3c89bc01224e7ed948a3261,t0p_8c4963d1fe1829e440910c74,Ulric of Grimwold Court,candidate_exact_owner_not_admitted,courtos.responsibility.revenue_right_administration_collection:uatfacility_f3c89bc01224e7ed948a3261,t0p_8c4963d1fe1829e440910c74,Ulric of Grimwold Court,unknown_or_not_independently_admitted,unknown_or_not_independently_admitted,unknown_or_not_independently_admitted,unknown_or_not_independently_admitted,unknown_no_direct_current_condition_observation,1,false,false,true,admitted_security_facility_assignment_runtime_input,FOUNDER_APPROVED_PHASE_FIVE_SECURITY_MATERIALIZATION_2026_07_29
uatfacility_f400458fce1f2fa06b3d4a9e,specialized_facility:STEP6DB-RIGHT-SELECTED-000006:market_hx_30260_96,local_functional_facility,market,manor_hx_30260,lcu_registry_sett_hx_30260,Bramholt,estate_surface_ca3e7f49ff2cb980dd4b,IE-010,active,,functional_custody,functional_custodian,,security-custody:uatfacility_f400458fce1f2fa06b3d4a9e,,STEP6DB-RIGHT-SELECTED-000006,market_fair_franchise,institution:bishopric_of_kestrelford,institution:bishopric_of_kestrelford,institution:royal_crown_falvier_apparatus,cri2_caf326b0c5615712302beb71,t0p_40ce8d5cf0ed878b9fa4a745,Warin Small,candidate_exact_owner_not_admitted,,courtos.responsibility.franchise_operations:uatfacility_f400458fce1f2fa06b3d4a9e,t0p_9d5c48a65c7c3366d70f63a1,Hakon of Ashbridge,candidate_exact_owner_not_admitted,courtos.responsibility.revenue_right_administration_collection:uatfacility_f400458fce1f2fa06b3d4a9e,t0p_9d5c48a65c7c3366d70f63a1,Hakon of Ashbridge,unknown_or_not_independently_admitted,unknown_or_not_independently_admitted,unknown_or_not_independently_admitted,unknown_or_not_independently_admitted,unknown_no_direct_current_condition_observation,1,false,false,true,admitted_security_facility_assignment_runtime_input,FOUNDER_APPROVED_PHASE_FIVE_SECURITY_MATERIALIZATION_2026_07_29
uatfacility_f46eaa79c2cbb42db9540a19,specialized_facility:STEP6DB-RIGHT-SELECTED-000023:market_hx_34487_126,local_functional_facility,market,manor_hx_34487,lcu_registry_sett_hx_34487,Merewatch,estate_surface_7798294b283a0ff9c4ca,IE-010,active,,functional_custody,functional_custodian,,security-custody:uatfacility_f46eaa79c2cbb42db9540a19,,STEP6DB-RIGHT-SELECTED-000023,market_fair_franchise,institution:bishopric_of_merewatch,institution:bishopric_of_merewatch,institution:royal_crown_falvier_apparatus,cri2_7508edf74990bd24b20e648e,t0p_454540a212f4addc4d412829,Richard Reader the Younger,candidate_exact_owner_not_admitted,,courtos.responsibility.franchise_operations:uatfacility_f46eaa79c2cbb42db9540a19,t0p_8c4963d1fe1829e440910c74,Ulric of Grimwold Court,candidate_exact_owner_not_admitted,courtos.responsibility.revenue_right_administration_collection:uatfacility_f46eaa79c2cbb42db9540a19,t0p_8c4963d1fe1829e440910c74,Ulric of Grimwold Court,unknown_or_not_independently_admitted,unknown_or_not_independently_admitted,unknown_or_not_independently_admitted,unknown_or_not_independently_admitted,unknown_no_direct_current_condition_observation,1,false,false,true,admitted_security_facility_assignment_runtime_input,FOUNDER_APPROVED_PHASE_FIVE_SECURITY_MATERIALIZATION_2026_07_29
uatfacility_f5dba283aaa8da1eeb3e6959,specialized_facility:STEP6DB-RIGHT-SELECTED-000033:market_hx_36716_437,local_functional_facility,market,manor_hx_36716,lcu_rural_manor_hx_36716,Orchardmere,estate_surface_034f30fbacb9c10ec003,IE-010,active,,functional_custody,functional_custodian,,security-custody:uatfacility_f5dba283aaa8da1eeb3e6959,,STEP6DB-RIGHT-SELECTED-000033,market_fair_franchise,house:house_nerac_gate_u640,house:house_nerac_gate_u640,institution:royal_crown_falvier_apparatus,cri2_0fa6fd863e5999f4004a236b,t0p_e038a85c77f5d48228de2c92,Guy Mercer,candidate_exact_owner_not_admitted,,courtos.responsibility.franchise_operations:uatfacility_f5dba283aaa8da1eeb3e6959,t0p_9aacb0c7552db8b7dce60094,Walter the Elder of Greenwick Hall,candidate_exact_owner_not_admitted,courtos.responsibility.revenue_right_administration_collection:uatfacility_f5dba283aaa8da1eeb3e6959,t0p_b865ff7bbe13b19642d122f7,William White,unknown_or_not_independently_admitted,unknown_or_not_independently_admitted,unknown_or_not_independently_admitted,unknown_or_not_independently_admitted,unknown_no_direct_current_condition_observation,1,false,false,true,admitted_security_facility_assignment_runtime_input,FOUNDER_APPROVED_PHASE_FIVE_SECURITY_MATERIALIZATION_2026_07_29
uatfacility_f7698bc7432a5c5b986390f9,specialized_facility:STEP6DB-RIGHT-SELECTED-000137:toll_point_hx_29133_12,controlled_crossing,toll_point,manor_hx_29415,lcu_rural_manor_hx_28572,Bramholt,estate_surface_e8559566ef4a266c1bf9,IE-009,active,,named_post,named_post_covered,security-post:crossing:uatfacility_f7698bc7432a5c5b986390f9,,,STEP6DB-RIGHT-SELECTED-000137,bridge_ferry_toll_route,house:house_orbray_upper_8o5x,house:house_orbray_upper_8o5x,institution:royal_crown_falvier_apparatus,cri2_73689e157a30d82286e1a733,t0p_8d239a36485eda40e8a5d563,Laurence Wright the Younger,candidate_exact_owner_not_admitted,,courtos.responsibility.franchise_operations:uatfacility_f7698bc7432a5c5b986390f9,t0p_78bec4df64a0dfda4c702748,Noel of Woldthorpe Hall,candidate_exact_owner_not_admitted,courtos.responsibility.revenue_right_administration_collection:uatfacility_f7698bc7432a5c5b986390f9,t0p_78bce5f90c28ca70ea95a4cf,Godwin Sealer,unknown_or_not_independently_admitted,unknown_or_not_independently_admitted,unknown_or_not_independently_admitted,unknown_or_not_independently_admitted,unknown_no_direct_current_condition_observation,1,false,false,true,admitted_security_facility_assignment_runtime_input,FOUNDER_APPROVED_PHASE_FIVE_SECURITY_MATERIALIZATION_2026_07_29
uatfacility_f8cc58b5e947b70e1e211ee9,specialized_facility:STEP6DB-RIGHT-SELECTED-000123:fair_hx_45973_594,local_functional_facility,fair,manor_hx_45973,lcu_rural_manor_hx_45973,Glastonmere,estate_surface_180732603990f6559df8,IE-010,active,,functional_custody,functional_custodian,,security-custody:uatfacility_f8cc58b5e947b70e1e211ee9,,STEP6DB-RIGHT-SELECTED-000123,market_fair_franchise,house:house_tourenne_river_ccup,house:house_tourenne_river_ccup,institution:royal_crown_falvier_apparatus,cri2_1cda98f00af3d538173201ce,t0p_b364ec262f447caacb58968a,"Ralph Black, manor bailiff reeve",candidate_exact_owner_not_admitted,,courtos.responsibility.franchise_operations:uatfacility_f8cc58b5e947b70e1e211ee9,t0p_8abe9da1e23a0fbaa06dbfbc,Joan of Hallowham Court Paxwick,candidate_exact_owner_not_admitted,courtos.responsibility.revenue_right_administration_collection:uatfacility_f8cc58b5e947b70e1e211ee9,t0p_8abe9da1e23a0fbaa06dbfbc,Joan of Hallowham Court Paxwick,unknown_or_not_independently_admitted,unknown_or_not_independently_admitted,unknown_or_not_independently_admitted,unknown_or_not_independently_admitted,unknown_no_direct_current_condition_observation,1,false,false,true,admitted_security_facility_assignment_runtime_input,FOUNDER_APPROVED_PHASE_FIVE_SECURITY_MATERIALIZATION_2026_07_29
uatfacility_f91afe5f70e37c08193f4bab,specialized_facility:STEP6DB-RIGHT-SELECTED-000120:fair_hx_39744_167,local_functional_facility,fair,manor_hx_39744,lcu_registry_sett_hx_39744,Eldham,estate_surface_662ecd61fc914a4ddf8f,IE-010,active,,functional_custody,functional_custodian,,security-custody:uatfacility_f91afe5f70e37c08193f4bab,,STEP6DB-RIGHT-SELECTED-000120,market_fair_franchise,institution:bishopric_of_dunmere,institution:bishopric_of_dunmere,institution:royal_crown_falvier_apparatus,cri2_41dfec6992aafbffc4c2ef56,t0p_e046398b7798acf6ace3ca5c,Stephen Sealer the Elder,candidate_exact_owner_not_admitted,,courtos.responsibility.franchise_operations:uatfacility_f91afe5f70e37c08193f4bab,t0p_f923b27f5d0201454ff85eac,William of Broadhallow Court,candidate_exact_owner_not_admitted,courtos.responsibility.revenue_right_administration_collection:uatfacility_f91afe5f70e37c08193f4bab,t0p_f923b27f5d0201454ff85eac,William of Broadhallow Court,unknown_or_not_independently_admitted,unknown_or_not_independently_admitted,unknown_or_not_independently_admitted,unknown_or_not_independently_admitted,unknown_no_direct_current_condition_observation,1,false,false,true,admitted_security_facility_assignment_runtime_input,FOUNDER_APPROVED_PHASE_FIVE_SECURITY_MATERIALIZATION_2026_07_29
uatfacility_f9d3e397521956a96ce1423b,specialized_facility:STEP6DB-RIGHT-SELECTED-000053:market_hx_39470_498,local_functional_facility,market,manor_hx_39470,lcu_rural_manor_hx_39470,Eldham,estate_surface_03e718e87096d28ded96,IE-010,active,,functional_custody,functional_custodian,,security-custody:uatfacility_f9d3e397521956a96ce1423b,,STEP6DB-RIGHT-SELECTED-000053,market_fair_franchise,house:house_valcroix_hill_9308,house:house_valcroix_hill_9308,institution:royal_crown_falvier_apparatus,cri2_85b7a5faa551c0a680d196ae,t0p_2ec6e0b18cce28648e23a9e1,"Ulric Small, manor bailiff reeve",candidate_exact_owner_not_admitted,,courtos.responsibility.franchise_operations:uatfacility_f9d3e397521956a96ce1423b,t0p_354bb7eeda723b3262730196,Herbert of Greenstow,candidate_exact_owner_not_admitted,courtos.responsibility.revenue_right_administration_collection:uatfacility_f9d3e397521956a96ce1423b,t0p_354bb7eeda723b3262730196,Herbert of Greenstow,unknown_or_not_independently_admitted,unknown_or_not_independently_admitted,unknown_or_not_independently_admitted,unknown_or_not_independently_admitted,unknown_no_direct_current_condition_observation,1,false,false,true,admitted_security_facility_assignment_runtime_input,FOUNDER_APPROVED_PHASE_FIVE_SECURITY_MATERIALIZATION_2026_07_29
uatfacility_fd3623e4c807a842b904f30b,specialized_facility:STEP6DB-RIGHT-SELECTED-000046:market_hx_38364_465,local_functional_facility,market,manor_hx_38364,lcu_rural_manor_hx_38364,Northwych,estate_surface_eb4d148d5fec1bb09464,IE-010,active,,functional_custody,functional_custodian,,security-custody:uatfacility_fd3623e4c807a842b904f30b,,STEP6DB-RIGHT-SELECTED-000046,market_fair_franchise,house:house_yvrande_lower_a4t7,house:house_yvrande_lower_a4t7,institution:royal_crown_falvier_apparatus,cri2_e66408fe044d6df9f32e10c3,t0p_6d6c4476b296db463ffa467b,Nicholas Thornwood,candidate_exact_owner_not_admitted,,courtos.responsibility.franchise_operations:uatfacility_fd3623e4c807a842b904f30b,t0p_d39c5036aa07b0a64f002cbd,Hamel the Elder of Wyrmford,candidate_exact_owner_not_admitted,courtos.responsibility.revenue_right_administration_collection:uatfacility_fd3623e4c807a842b904f30b,t0p_d39c5036aa07b0a64f002cbd,Hamel the Elder of Wyrmford,unknown_or_not_independently_admitted,unknown_or_not_independently_admitted,unknown_or_not_independently_admitted,unknown_or_not_independently_admitted,unknown_no_direct_current_condition_observation,1,false,false,true,admitted_security_facility_assignment_runtime_input,FOUNDER_APPROVED_PHASE_FIVE_SECURITY_MATERIALIZATION_2026_07_29
uatfacility_fe636edd2fe6c088891c20bf,specialized_facility:STEP6DB-RIGHT-SELECTED-000096:market_hx_50143_653,local_functional_facility,market,manor_hx_50143,lcu_rural_manor_hx_50143,Ivydale,estate_surface_e0bf929d5e92ef059e91,IE-010,active,,functional_custody,functional_custodian,,security-custody:uatfacility_fe636edd2fe6c088891c20bf,,STEP6DB-RIGHT-SELECTED-000096,market_fair_franchise,house:house_ivrel_south_v3cz,house:house_ivrel_south_v3cz,institution:royal_crown_falvier_apparatus,cri2_5629ed499116f1fa1b92dfcf,t0p_7220852c37a834539b8ca53d,Godwin Nott,candidate_exact_owner_not_admitted,,courtos.responsibility.franchise_operations:uatfacility_fe636edd2fe6c088891c20bf,t0p_6b8688bfbca65d710207810b,Ranulf the Elder of Eldham,candidate_exact_owner_not_admitted,courtos.responsibility.revenue_right_administration_collection:uatfacility_fe636edd2fe6c088891c20bf,t0p_6b8688bfbca65d710207810b,Ranulf the Elder of Eldham,unknown_or_not_independently_admitted,unknown_or_not_independently_admitted,unknown_or_not_independently_admitted,unknown_or_not_independently_admitted,unknown_no_direct_current_condition_observation,1,false,false,true,admitted_security_facility_assignment_runtime_input,FOUNDER_APPROVED_PHASE_FIVE_SECURITY_MATERIALIZATION_2026_07_29
uatfacility_fea2150d11908d7f9310f29b,specialized_facility:STEP6DB-RIGHT-SELECTED-000125:fair_hx_46255_596,local_functional_facility,fair,manor_hx_46255,lcu_rural_manor_hx_46255,Glastonmere,estate_surface_004f970d159539f911a8,IE-010,active,,functional_custody,functional_custodian,,security-custody:uatfacility_fea2150d11908d7f9310f29b,,STEP6DB-RIGHT-SELECTED-000125,market_fair_franchise,house:house_keldran_elder_cs6p,house:house_keldran_elder_cs6p,institution:royal_crown_falvier_apparatus,cri2_1e264b7248869805856dae79,t0p_029ff673b6a1906579c0ed3b,Edmund Lister the Red,candidate_exact_owner_not_admitted,,courtos.responsibility.franchise_operations:uatfacility_fea2150d11908d7f9310f29b,t0p_8023ebdf3efc84a5f6f3e74b,Gilbert of Glastonmere,candidate_exact_owner_not_admitted,courtos.responsibility.revenue_right_administration_collection:uatfacility_fea2150d11908d7f9310f29b,t0p_8023ebdf3efc84a5f6f3e74b,Gilbert of Glastonmere,unknown_or_not_independently_admitted,unknown_or_not_independently_admitted,unknown_or_not_independently_admitted,unknown_or_not_independently_admitted,unknown_no_direct_current_condition_observation,1,false,false,true,admitted_security_facility_assignment_runtime_input,FOUNDER_APPROVED_PHASE_FIVE_SECURITY_MATERIALIZATION_2026_07_29
