combined_row_id,source_surface,entity_id,source_entity_kind,county_id,county_name,anchor_hex_id,tier_or_group,feature_or_form,public_name_before,locked_public_name,locked_root,public_name_state,lock_action,repair_id,approved_identity_id,validation_scope,source_map_mutation_authorized,live_source_mutation_authorized,display_mutation_authorized,graph_mutation_authorized,ui_fixture_golden_runtime_authorized,house_root_donation_authorized,tenure_created,authority_created,rights_or_obligations_created,church_institution_created,market_right_created
place_006a:seat_barony_hx_27972,place_006a_included,seat_barony_hx_27972,barony,c_6,Wyrmford,hx_27972,baronial_and_comital_seat,baronial_seat_or_castle,Ashcaster,Ashcaster,Ashcaster,included_in_source_candidate_lock_view,accepted_unchanged,,,visible_public_name,false,false,false,false,false,false,false,false,false,false,false
place_006a:seat_barony_hx_28840,place_006a_included,seat_barony_hx_28840,barony,c_1,Bramholt,hx_28840,baronial_and_comital_seat,baronial_seat_or_castle,Woldworth,Woldworth,Woldworth,included_in_source_candidate_lock_view,county_geometry_alignment_applied_2026_07_08,PNC-COUNTY-ALIGN-001,,visible_public_name,false,false,false,false,false,false,false,false,false,false,false
place_006a:seat_barony_hx_29126,place_006a_included,seat_barony_hx_29126,barony,c_1,Bramholt,hx_29126,baronial_and_comital_seat,baronial_seat_or_castle,Ashfield,Ashfield,Ashfield,included_in_source_candidate_lock_view,accepted_unchanged,,,visible_public_name,false,false,false,false,false,false,false,false,false,false,false
place_006a:seat_barony_hx_29371,place_006a_included,seat_barony_hx_29371,barony,c_6,Wyrmford,hx_29371,baronial_and_comital_seat,baronial_seat_or_castle,Broadford,Broadford,Broadford,included_in_source_candidate_lock_view,accepted_unchanged,,,visible_public_name,false,false,false,false,false,false,false,false,false,false,false
place_006a:seat_barony_hx_29412,place_006a_included,seat_barony_hx_29412,barony,c_1,Bramholt,hx_29412,baronial_and_comital_seat,baronial_seat_or_castle,Highworth,Highworth,Highworth,included_in_source_candidate_lock_view,accepted_unchanged,,,visible_public_name,false,false,false,false,false,false,false,false,false,false,false
place_006a:seat_barony_hx_30262,place_006a_included,seat_barony_hx_30262,barony,c_1,Bramholt,hx_30262,baronial_and_comital_seat,baronial_seat_or_castle,Uplandworth,Uplandworth,Uplandworth,included_in_source_candidate_lock_view,accepted_unchanged,,,visible_public_name,false,false,false,false,false,false,false,false,false,false,false
place_006a:seat_barony_hx_31093,place_006a_included,seat_barony_hx_31093,barony,c_1,Bramholt,hx_31093,baronial_and_comital_seat,baronial_seat_or_castle,Lowford,Lowford,Lowford,included_in_source_candidate_lock_view,accepted_unchanged,,,visible_public_name,false,false,false,false,false,false,false,false,false,false,false
place_006a:seat_barony_hx_32204,place_006a_included,seat_barony_hx_32204,barony,c_2,Larkspire,hx_32204,baronial_and_comital_seat,baronial_seat_or_castle,Cedarhall,Cedarhall,Cedarhall,included_in_source_candidate_lock_view,accepted_unchanged,,,visible_public_name,false,false,false,false,false,false,false,false,false,false,false
place_006a:seat_barony_hx_32219,place_006a_included,seat_barony_hx_32219,barony,c_1,Bramholt,hx_32219,baronial_and_comital_seat,baronial_seat_or_castle,Cressham,Cressham,Cressham,included_in_source_candidate_lock_view,accepted_unchanged,,,visible_public_name,false,false,false,false,false,false,false,false,false,false,false
place_006a:seat_barony_hx_32475,place_006a_included,seat_barony_hx_32475,barony,c_2,Larkspire,hx_32475,baronial_and_comital_seat,baronial_seat_or_castle,Goldford,Goldford,Goldford,included_in_source_candidate_lock_view,accepted_unchanged,,,visible_public_name,false,false,false,false,false,false,false,false,false,false,false
place_006a:seat_barony_hx_32770,place_006a_included,seat_barony_hx_32770,barony,c_2,Larkspire,hx_32770,baronial_and_comital_seat,baronial_seat_or_castle,Moorbridge,Moorbridge,Moorbridge,included_in_source_candidate_lock_view,accepted_unchanged,,,visible_public_name,false,false,false,false,false,false,false,false,false,false,false
place_006a:seat_barony_hx_32802,place_006a_included,seat_barony_hx_32802,barony,c_3,Merewatch,hx_32802,baronial_and_comital_seat,baronial_seat_or_castle,Mallowfield,Mallowfield,Mallowfield,included_in_source_candidate_lock_view,accepted_unchanged,,,visible_public_name,false,false,false,false,false,false,false,false,false,false,false
place_006a:seat_barony_hx_33886,place_006a_included,seat_barony_hx_33886,barony,c_2,Larkspire,hx_33886,baronial_and_comital_seat,baronial_seat_or_castle,Longmere,Longmere,Longmere,included_in_source_candidate_lock_view,accepted_unchanged,,,visible_public_name,false,false,false,false,false,false,false,false,false,false,false
place_006a:seat_barony_hx_34181,place_006a_included,seat_barony_hx_34181,barony,c_5,Orchardmere,hx_34181,baronial_and_comital_seat,baronial_seat_or_castle,Wheatford,Wheatford,Wheatford,included_in_source_candidate_lock_view,county_geometry_alignment_applied_2026_07_08,PNC-COUNTY-ALIGN-002,,visible_public_name,false,false,false,false,false,false,false,false,false,false,false
place_006a:seat_barony_hx_34201,place_006a_included,seat_barony_hx_34201,barony,c_3,Merewatch,hx_34201,baronial_and_comital_seat,baronial_seat_or_castle,Lowham,Lowham,Lowham,included_in_source_candidate_lock_view,accepted_unchanged,,,visible_public_name,false,false,false,false,false,false,false,false,false,false,false
place_006a:seat_barony_hx_34404,place_006a_included,seat_barony_hx_34404,barony,c_8,Dunmere,hx_34404,baronial_and_comital_seat,baronial_seat_or_castle,Hazelgate,Hazelgate,Hazelgate,included_in_source_candidate_lock_view,accepted_unchanged,,,visible_public_name,false,false,false,false,false,false,false,false,false,false,false
place_006a:seat_barony_hx_34437,place_006a_included,seat_barony_hx_34437,barony,c_4,Northwych,hx_34437,baronial_and_comital_seat,baronial_seat_or_castle,Fairton,Fairton,Fairton,included_in_source_candidate_lock_view,county_geometry_alignment_applied_2026_07_08,PNC-COUNTY-ALIGN-003,,visible_public_name,false,false,false,false,false,false,false,false,false,false,false
place_006a:seat_barony_hx_34476,place_006a_included,seat_barony_hx_34476,barony,c_3,Merewatch,hx_34476,baronial_and_comital_seat,baronial_seat_or_castle,Juniperwick,Juniperwick,Juniperwick,included_in_source_candidate_lock_view,county_geometry_alignment_applied_2026_07_08,PNC-COUNTY-ALIGN-004,,visible_public_name,false,false,false,false,false,false,false,false,false,false,false
place_006a:seat_barony_hx_34488,place_006a_included,seat_barony_hx_34488,barony,c_3,Merewatch,hx_34488,baronial_and_comital_seat,baronial_seat_or_castle,Myrtlegate,Myrtlegate,Myrtlegate,included_in_source_candidate_lock_view,accepted_unchanged,,,visible_public_name,false,false,false,false,false,false,false,false,false,false,false
place_006a:seat_barony_hx_35283,place_006a_included,seat_barony_hx_35283,barony,c_4,Northwych,hx_35283,baronial_and_comital_seat,baronial_seat_or_castle,Oldcross,Oldcross,Oldcross,included_in_source_candidate_lock_view,accepted_unchanged,,,visible_public_name,false,false,false,false,false,false,false,false,false,false,false
place_006a:seat_barony_hx_35883,place_006a_included,seat_barony_hx_35883,barony,c_3,Merewatch,hx_35883,baronial_and_comital_seat,baronial_seat_or_castle,Uplandcross,Uplandcross,Uplandcross,included_in_source_candidate_lock_view,county_geometry_alignment_applied_2026_07_08,PNC-COUNTY-ALIGN-005,,visible_public_name,false,false,false,false,false,false,false,false,false,false,false
place_006a:seat_barony_hx_36087,place_006a_included,seat_barony_hx_36087,barony,c_8,Dunmere,hx_36087,baronial_and_comital_seat,baronial_seat_or_castle,Candlegate,Candlegate,Candlegate,included_in_source_candidate_lock_view,accepted_unchanged,,,visible_public_name,false,false,false,false,false,false,false,false,false,false,false
place_006a:seat_barony_hx_36709,place_006a_included,seat_barony_hx_36709,barony,c_5,Orchardmere,hx_36709,baronial_and_comital_seat,baronial_seat_or_castle,Hazelbury,Hazelbury,Hazelbury,included_in_source_candidate_lock_view,accepted_unchanged,,,visible_public_name,false,false,false,false,false,false,false,false,false,false,false
place_006a:seat_barony_hx_36718,place_006a_included,seat_barony_hx_36718,barony,c_3,Merewatch,hx_36718,baronial_and_comital_seat,baronial_seat_or_castle,Rookworth,Rookworth,Rookworth,included_in_source_candidate_lock_view,county_geometry_alignment_applied_2026_07_08,PNC-COUNTY-ALIGN-006,,visible_public_name,false,false,false,false,false,false,false,false,false,false,false
place_006a:seat_barony_hx_37233,place_006a_included,seat_barony_hx_37233,barony,c_9,Eldham,hx_37233,baronial_and_comital_seat,baronial_seat_or_castle,Cairnstead,Cairnstead,Cairnstead,included_in_source_candidate_lock_view,county_geometry_alignment_applied_2026_07_08,PNC-COUNTY-ALIGN-007,,visible_public_name,false,false,false,false,false,false,false,false,false,false,false
place_006a:seat_barony_hx_37578,place_006a_included,seat_barony_hx_37578,barony,c_7,Crowmarsh,hx_37578,baronial_and_comital_seat,baronial_seat_or_castle,Cedarfield,Cedarfield,Cedarfield,included_in_source_candidate_lock_view,accepted_unchanged,,,visible_public_name,false,false,false,false,false,false,false,false,false,false,false
place_006a:seat_barony_hx_37779,place_006a_included,seat_barony_hx_37779,barony,c_8,Dunmere,hx_37779,baronial_and_comital_seat,baronial_seat_or_castle,Hartbridge,Hartbridge,Hartbridge,included_in_source_candidate_lock_view,accepted_unchanged,,,visible_public_name,false,false,false,false,false,false,false,false,false,false,false
place_006a:seat_barony_hx_37800,place_006a_included,seat_barony_hx_37800,barony,c_4,Northwych,hx_37800,baronial_and_comital_seat,baronial_seat_or_castle,Umberwell,Umberwell,Umberwell,included_in_source_candidate_lock_view,county_geometry_alignment_applied_2026_07_08,PNC-COUNTY-ALIGN-008,,visible_public_name,false,false,false,false,false,false,false,false,false,false,false
place_006a:seat_barony_hx_37816,place_006a_included,seat_barony_hx_37816,barony,c_10,Falkenford,hx_37816,baronial_and_comital_seat,baronial_seat_or_castle,Northbury,Northbury,Northbury,included_in_source_candidate_lock_view,county_geometry_alignment_applied_2026_07_08,PNC-COUNTY-ALIGN-009,,visible_public_name,false,false,false,false,false,false,false,false,false,false,false
place_006a:seat_barony_hx_38366,place_006a_included,seat_barony_hx_38366,barony,c_4,Northwych,hx_38366,baronial_and_comital_seat,baronial_seat_or_castle,Yewbury,Yewbury,Yewbury,included_in_source_candidate_lock_view,county_geometry_alignment_applied_2026_07_08,PNC-COUNTY-ALIGN-010,,visible_public_name,false,false,false,false,false,false,false,false,false,false,false
place_006a:seat_barony_hx_38910,place_006a_included,seat_barony_hx_38910,barony,c_9,Eldham,hx_38910,baronial_and_comital_seat,baronial_seat_or_castle,Little Moorbridge,Little Moorbridge,Little Moorbridge,included_in_source_candidate_lock_view,county_geometry_alignment_applied_2026_07_08,PNC-COUNTY-ALIGN-011,,visible_public_name,false,false,false,false,false,false,false,false,false,false,false
place_006a:seat_barony_hx_38918,place_006a_included,seat_barony_hx_38918,barony,c_9,Eldham,hx_38918,baronial_and_comital_seat,baronial_seat_or_castle,Silverwell,Silverwell,Silverwell,included_in_source_candidate_lock_view,county_geometry_alignment_applied_2026_07_08,PNC-COUNTY-ALIGN-012,,visible_public_name,false,false,false,false,false,false,false,false,false,false,false
place_006a:seat_barony_hx_39261,place_006a_included,seat_barony_hx_39261,barony,c_7,Crowmarsh,hx_39261,baronial_and_comital_seat,baronial_seat_or_castle,Pinecross,Pinecross,Pinecross,included_in_source_candidate_lock_view,accepted_unchanged,,,visible_public_name,false,false,false,false,false,false,false,false,false,false,false
place_006a:seat_barony_hx_39442,place_006a_included,seat_barony_hx_39442,barony,c_8,Dunmere,hx_39442,baronial_and_comital_seat,baronial_seat_or_castle,Thornham,Thornham,Thornham,included_in_source_candidate_lock_view,accepted_unchanged,,,visible_public_name,false,false,false,false,false,false,false,false,false,false,false
place_006a:seat_barony_hx_39463,place_006a_included,seat_barony_hx_39463,barony,c_9,Eldham,hx_39463,baronial_and_comital_seat,baronial_seat_or_castle,Rillham,Rillham,Rillham,included_in_source_candidate_lock_view,county_geometry_alignment_applied_2026_07_08,PNC-COUNTY-ALIGN-013,,visible_public_name,false,false,false,false,false,false,false,false,false,false,false
place_006a:seat_barony_hx_39502,place_006a_included,seat_barony_hx_39502,barony,c_10,Falkenford,hx_39502,baronial_and_comital_seat,baronial_seat_or_castle,Nettlegate,Nettlegate,Nettlegate,included_in_source_candidate_lock_view,county_geometry_alignment_applied_2026_07_08,PNC-COUNTY-ALIGN-014,,visible_public_name,false,false,false,false,false,false,false,false,false,false,false
place_006a:seat_barony_hx_40036,place_006a_included,seat_barony_hx_40036,barony,c_9,Eldham,hx_40036,baronial_and_comital_seat,baronial_seat_or_castle,Westcaster,Westcaster,Westcaster,included_in_source_candidate_lock_view,accepted_unchanged,,,visible_public_name,false,false,false,false,false,false,false,false,false,false,false
place_006a:seat_barony_hx_40592,place_006a_included,seat_barony_hx_40592,barony,c_9,Eldham,hx_40592,baronial_and_comital_seat,baronial_seat_or_castle,Little Silverwell,Little Silverwell,Little Silverwell,included_in_source_candidate_lock_view,accepted_unchanged,,,visible_public_name,false,false,false,false,false,false,false,false,false,false,false
place_006a:seat_barony_hx_40660,place_006a_included,seat_barony_hx_40660,barony,c_7,Crowmarsh,hx_40660,baronial_and_comital_seat,baronial_seat_or_castle,Rowanfield,Rowanfield,Rowanfield,included_in_source_candidate_lock_view,accepted_unchanged,,,visible_public_name,false,false,false,false,false,false,false,false,false,false,false
place_006a:seat_barony_hx_43168,place_006a_included,seat_barony_hx_43168,barony,c_11,Glastonmere,hx_43168,baronial_and_comital_seat,baronial_seat_or_castle,Hazelstead,Hazelstead,Hazelstead,included_in_source_candidate_lock_view,county_geometry_alignment_applied_2026_07_08,PNC-COUNTY-ALIGN-015,,visible_public_name,false,false,false,false,false,false,false,false,false,false,false
place_006a:seat_barony_hx_43180,place_006a_included,seat_barony_hx_43180,barony,c_11,Glastonmere,hx_43180,baronial_and_comital_seat,baronial_seat_or_castle,Falconham,Falconham,Falconham,included_in_source_candidate_lock_view,county_geometry_alignment_applied_2026_07_08,PNC-COUNTY-ALIGN-016,,visible_public_name,false,false,false,false,false,false,false,false,false,false,false
place_006a:seat_barony_hx_44294,place_006a_included,seat_barony_hx_44294,barony,c_11,Glastonmere,hx_44294,baronial_and_comital_seat,baronial_seat_or_castle,Redbridge,Redbridge,Redbridge,included_in_source_candidate_lock_view,accepted_unchanged,,,visible_public_name,false,false,false,false,false,false,false,false,false,false,false
place_006a:seat_barony_hx_44544,place_006a_included,seat_barony_hx_44544,barony,c_10,Falkenford,hx_44544,baronial_and_comital_seat,baronial_seat_or_castle,Gorseton,Gorseton,Gorseton,included_in_source_candidate_lock_view,county_geometry_alignment_applied_2026_07_08,PNC-COUNTY-ALIGN-017,,visible_public_name,false,false,false,false,false,false,false,false,false,false,false
place_006a:seat_barony_hx_45975,place_006a_included,seat_barony_hx_45975,barony,c_11,Glastonmere,hx_45975,baronial_and_comital_seat,baronial_seat_or_castle,Little Rowanfield,Little Rowanfield,Little Rowanfield,included_in_source_candidate_lock_view,accepted_unchanged,,,visible_public_name,false,false,false,false,false,false,false,false,false,false,false
place_006a:seat_barony_hx_47653,place_006a_included,seat_barony_hx_47653,barony,c_0,Alderwick,hx_47653,baronial_and_comital_seat,baronial_seat_or_castle,Rookcross,Rookcross,Rookcross,included_in_source_candidate_lock_view,accepted_unchanged,,,visible_public_name,false,false,false,false,false,false,false,false,false,false,false
place_006a:seat_barony_hx_47663,place_006a_included,seat_barony_hx_47663,barony,c_11,Glastonmere,hx_47663,baronial_and_comital_seat,baronial_seat_or_castle,Hartcastle,Hartcastle,Hartcastle,included_in_source_candidate_lock_view,county_geometry_alignment_applied_2026_07_08,PNC-COUNTY-ALIGN-018,,visible_public_name,false,false,false,false,false,false,false,false,false,false,false
place_006a:seat_barony_hx_47879,place_006a_included,seat_barony_hx_47879,barony,c_12,Harrowfield,hx_47879,baronial_and_comital_seat,baronial_seat_or_castle,Alderwick Gate,Harrowfield Gate,Harrowfield Gate,included_in_source_candidate_lock_view,county_geometry_alignment_applied_2026_07_08,PNC-COUNTY-ALIGN-019,,visible_public_name,false,false,false,false,false,false,false,false,false,false,false
place_006a:seat_barony_hx_48176,place_006a_included,seat_barony_hx_48176,barony,c_13,Ivydale,hx_48176,baronial_and_comital_seat,baronial_seat_or_castle,Cloverfield,Cloverfield,Cloverfield,included_in_source_candidate_lock_view,county_geometry_alignment_applied_2026_07_08,PNC-COUNTY-ALIGN-020,,visible_public_name,false,false,false,false,false,false,false,false,false,false,false
place_006a:seat_barony_hx_48725,place_006a_included,seat_barony_hx_48725,barony,c_12,Harrowfield,hx_48725,baronial_and_comital_seat,baronial_seat_or_castle,Rillwick,Rillwick,Rillwick,included_in_source_candidate_lock_view,county_geometry_alignment_applied_2026_07_08,PNC-COUNTY-ALIGN-021,,visible_public_name,false,false,false,false,false,false,false,false,false,false,false
place_006a:seat_barony_hx_48731,place_006a_included,seat_barony_hx_48731,barony,c_13,Ivydale,hx_48731,baronial_and_comital_seat,baronial_seat_or_castle,Reedwick,Reedwick,Reedwick,included_in_source_candidate_lock_view,county_geometry_alignment_applied_2026_07_08,PNC-COUNTY-ALIGN-022,,visible_public_name,false,false,false,false,false,false,false,false,false,false,false
place_006a:seat_barony_hx_49062,place_006a_included,seat_barony_hx_49062,barony,c_0,Alderwick,hx_49062,baronial_and_comital_seat,baronial_seat_or_castle,Wheatworth,Wheatworth,Wheatworth,included_in_source_candidate_lock_view,county_geometry_alignment_applied_2026_07_08,PNC-COUNTY-ALIGN-023,,visible_public_name,false,false,false,false,false,false,false,false,false,false,false
place_006a:seat_barony_hx_49862,place_006a_included,seat_barony_hx_49862,barony,c_13,Ivydale,hx_49862,baronial_and_comital_seat,baronial_seat_or_castle,Woldton,Woldton,Woldton,included_in_source_candidate_lock_view,county_geometry_alignment_applied_2026_07_08,PNC-COUNTY-ALIGN-024,,visible_public_name,false,false,false,false,false,false,false,false,false,false,false
place_006a:seat_barony_hx_50742,place_006a_included,seat_barony_hx_50742,barony,c_0,Alderwick,hx_50742,baronial_and_comital_seat,baronial_seat_or_castle,Alderton,Alderton,Alderton,included_in_source_candidate_lock_view,accepted_unchanged,,,visible_public_name,false,false,false,false,false,false,false,false,false,false,false
place_006a:seat_barony_hx_51273,place_006a_included,seat_barony_hx_51273,barony,c_13,Ivydale,hx_51273,baronial_and_comital_seat,baronial_seat_or_castle,Greyhall,Greyhall,Greyhall,included_in_source_candidate_lock_view,county_geometry_alignment_applied_2026_07_08,PNC-COUNTY-ALIGN-025,,visible_public_name,false,false,false,false,false,false,false,false,false,false,false
place_006a:seat_barony_hx_52408,place_006a_included,seat_barony_hx_52408,barony,c_14,Kestrelford,hx_52408,baronial_and_comital_seat,baronial_seat_or_castle,Thistlecaster,Thistlecaster,Thistlecaster,included_in_source_candidate_lock_view,county_geometry_alignment_applied_2026_07_08,PNC-COUNTY-ALIGN-026,,visible_public_name,false,false,false,false,false,false,false,false,false,false,false
place_006a:seat_barony_hx_52418,place_006a_included,seat_barony_hx_52418,barony,c_0,Alderwick,hx_52418,baronial_and_comital_seat,baronial_seat_or_castle,Stanstead,Stanstead,Stanstead,included_in_source_candidate_lock_view,accepted_unchanged,,,visible_public_name,false,false,false,false,false,false,false,false,false,false,false
place_006a:seat_barony_hx_54094,place_006a_included,seat_barony_hx_54094,barony,c_14,Kestrelford,hx_54094,baronial_and_comital_seat,baronial_seat_or_castle,Greenbridge,Greenbridge,Greenbridge,included_in_source_candidate_lock_view,county_geometry_alignment_applied_2026_07_08,PNC-COUNTY-ALIGN-027,,visible_public_name,false,false,false,false,false,false,false,false,false,false,false
place_006a:seat_barony_hx_54660,place_006a_included,seat_barony_hx_54660,barony,c_0,Alderwick,hx_54660,baronial_and_comital_seat,baronial_seat_or_castle,Aldenham,Aldenham,Aldenham,included_in_source_candidate_lock_view,accepted_unchanged,,,visible_public_name,false,false,false,false,false,false,false,false,false,false,false
place_006a:seat_barony_hx_55776,place_006a_included,seat_barony_hx_55776,barony,c_14,Kestrelford,hx_55776,baronial_and_comital_seat,baronial_seat_or_castle,Wickbury,Wickbury,Wickbury,included_in_source_candidate_lock_view,county_geometry_alignment_applied_2026_07_08,PNC-COUNTY-ALIGN-028,,visible_public_name,false,false,false,false,false,false,false,false,false,false,false
place_006a:seat_barony_hx_56613,place_006a_included,seat_barony_hx_56613,barony,c_14,Kestrelford,hx_56613,baronial_and_comital_seat,baronial_seat_or_castle,Violethall,Violethall,Violethall,included_in_source_candidate_lock_view,accepted_unchanged,,,visible_public_name,false,false,false,false,false,false,false,false,false,false,false
place_006a:church_stl_10,place_006a_included,church_stl_10,settlement,,,hx_72112,church_anchor,abbey_or_priory,Kenelm's Abbey,Kenelm's Abbey,Kenelm's Abbey,included_in_source_candidate_lock_view,accepted_unchanged,,,visible_public_name,false,false,false,false,false,false,false,false,false,false,false
place_006a:church_stl_11,place_006a_included,church_stl_11,settlement,,,hx_44672,church_anchor,abbey_or_priory,Mary's Priory,Mary's Priory,Mary's Priory,included_in_source_candidate_lock_view,accepted_unchanged,,,visible_public_name,false,false,false,false,false,false,false,false,false,false,false
place_006a:church_stl_12,place_006a_included,church_stl_12,settlement,,,hx_21580,church_anchor,abbey_or_priory,Benedict's House,Benedict's House,Benedict's House,included_in_source_candidate_lock_view,accepted_unchanged,,,visible_public_name,false,false,false,false,false,false,false,false,false,false,false
place_006a:church_stl_13,place_006a_included,church_stl_13,settlement,c_3,Merewatch,hx_34480,church_anchor,abbey_or_priory,Beornwald's House,Beornwald's House,Beornwald's House,included_in_source_candidate_lock_view,accepted_unchanged,,,visible_public_name,false,false,false,false,false,false,false,false,false,false,false
place_006a:church_stl_14,place_006a_included,church_stl_14,settlement,,,hx_51662,church_anchor,abbey_or_priory,Dunstan's Abbey,Dunstan's Abbey,Dunstan's Abbey,included_in_source_candidate_lock_view,accepted_unchanged,,,visible_public_name,false,false,false,false,false,false,false,false,false,false,false
place_006a:church_stl_15,place_006a_included,church_stl_15,settlement,,,hx_67892,church_anchor,abbey_or_priory,Radegund's Abbey,Radegund's Abbey,Radegund's Abbey,included_in_source_candidate_lock_view,accepted_unchanged,,,visible_public_name,false,false,false,false,false,false,false,false,false,false,false
place_006a:church_stl_16,place_006a_included,church_stl_16,settlement,,,hx_74064,church_anchor,abbey_or_priory,Guthlac's Priory,Guthlac's Priory,Guthlac's Priory,included_in_source_candidate_lock_view,accepted_unchanged,,,visible_public_name,false,false,false,false,false,false,false,false,false,false,false
place_006a:church_stl_17,place_006a_included,church_stl_17,settlement,,,hx_67032,church_anchor,abbey_or_priory,Winifred's Abbey,Winifred's Abbey,Winifred's Abbey,included_in_source_candidate_lock_view,accepted_unchanged,,,visible_public_name,false,false,false,false,false,false,false,false,false,false,false
place_006a:church_stl_18,place_006a_included,church_stl_18,settlement,c_2,Larkspire,hx_31928,church_anchor,abbey_or_priory,Oswald's House,Oswald's House,Oswald's House,included_in_source_candidate_lock_view,accepted_unchanged,,,visible_public_name,false,false,false,false,false,false,false,false,false,false,false
place_006a:church_stl_19,place_006a_included,church_stl_19,settlement,,,hx_24111,church_anchor,abbey_or_priory,Aldhelm's House,Aldhelm's House,Aldhelm's House,included_in_source_candidate_lock_view,accepted_unchanged,,,visible_public_name,false,false,false,false,false,false,false,false,false,false,false
place_006a:church_stl_20,place_006a_included,church_stl_20,settlement,c_11,Glastonmere,hx_42054,church_anchor,abbey_or_priory,Brigid's House,Brigid's House,Brigid's House,included_in_source_candidate_lock_view,county_geometry_alignment_applied_2026_07_08,PNC-COUNTY-ALIGN-029,,visible_public_name,false,false,false,false,false,false,false,false,false,false,false
place_006a:church_stl_21,place_006a_included,church_stl_21,settlement,,,hx_1942,church_anchor,abbey_or_priory,Mary's Abbey,Mary's Abbey,Mary's Abbey,included_in_source_candidate_lock_view,accepted_unchanged,,,visible_public_name,false,false,false,false,false,false,false,false,false,false,false
place_006a:church_stl_22,place_006a_included,church_stl_22,settlement,,,hx_56954,church_anchor,abbey_or_priory,Dunstan's Priory,Dunstan's Priory,Dunstan's Priory,included_in_source_candidate_lock_view,accepted_unchanged,,,visible_public_name,false,false,false,false,false,false,false,false,false,false,false
place_006a:church_stl_23,place_006a_included,church_stl_23,settlement,,,hx_46606,church_anchor,abbey_or_priory,Winifred's House,Winifred's House,Winifred's House,included_in_source_candidate_lock_view,accepted_unchanged,,,visible_public_name,false,false,false,false,false,false,false,false,false,false,false
place_006a:church_stl_24,place_006a_included,church_stl_24,settlement,,,hx_16198,church_anchor,abbey_or_priory,Little Kenelm's Abbey,Little Kenelm's Abbey,Little Kenelm's Abbey,included_in_source_candidate_lock_view,accepted_unchanged,,,visible_public_name,false,false,false,false,false,false,false,false,false,false,false
place_006a:church_stl_25,place_006a_included,church_stl_25,settlement,c_7,Crowmarsh,hx_36456,church_anchor,abbey_or_priory,Helena's Abbey,Helena's Abbey,Helena's Abbey,included_in_source_candidate_lock_view,accepted_unchanged,,,visible_public_name,false,false,false,false,false,false,false,false,false,false,false
place_006a:church_stl_26,place_006a_included,church_stl_26,settlement,,,hx_31749,church_anchor,abbey_or_priory,Cuthbert's Abbey,Cuthbert's Abbey,Cuthbert's Abbey,included_in_source_candidate_lock_view,accepted_unchanged,,,visible_public_name,false,false,false,false,false,false,false,false,false,false,false
place_006a:church_stl_9,place_006a_included,church_stl_9,settlement,,,hx_57834,church_anchor,abbey_or_priory,Helena's Priory,Helena's Priory,Helena's Priory,included_in_source_candidate_lock_view,accepted_unchanged,,,visible_public_name,false,false,false,false,false,false,false,false,false,false,false
place_006a:church_stl_1,place_006a_included,church_stl_1,settlement,c_4,Northwych,hx_38359,church_anchor,archbishopric_or_cathedral_seat,Cathedral of Saint Radegund at Wyrmford,Cathedral of Saint Radegund at Northwych,Cathedral of Saint Radegund at Northwych,included_in_source_candidate_lock_view,county_geometry_alignment_applied_2026_07_08,PNC-COUNTY-ALIGN-030,,visible_public_name,false,false,false,false,false,false,false,false,false,false,false
place_006a:church_archbishopric_01,place_006a_included,church_archbishopric_01,archbishopric,c_7,Crowmarsh,hx_39260,church_anchor,archbishopric_province,Province of Crowmarsh,Province of Crowmarsh,Province of Crowmarsh,included_in_source_candidate_lock_view,accepted_unchanged,,,visible_public_name,false,false,false,false,false,false,false,false,false,false,false
place_006a:church_archbishopric_02,place_006a_included,church_archbishopric_02,archbishopric,c_9,Eldham,hx_39744,church_anchor,archbishopric_province,Province of Dunmere,Province of Eldham,Province of Eldham,included_in_source_candidate_lock_view,county_geometry_alignment_applied_2026_07_08,PNC-COUNTY-ALIGN-031,,visible_public_name,false,false,false,false,false,false,false,false,false,false,false
place_006a:church_stl_2,place_006a_included,church_stl_2,settlement,c_7,Crowmarsh,hx_42621,church_anchor,bishopric_or_cathedral_seat,Cathedral of Saint Benedict at Falkenford,Cathedral of Saint Benedict at Crowmarsh,Cathedral of Saint Benedict at Crowmarsh,included_in_source_candidate_lock_view,county_geometry_alignment_applied_2026_07_08,PNC-COUNTY-ALIGN-032,,visible_public_name,false,false,false,false,false,false,false,false,false,false,false
place_006a:church_stl_3,place_006a_included,church_stl_3,settlement,c_6,Wyrmford,hx_22088,church_anchor,bishopric_or_cathedral_seat,Cathedral of Saint Guthlac at Wyrmford,Cathedral of Saint Guthlac at Wyrmford,Cathedral of Saint Guthlac at Wyrmford,included_in_source_candidate_lock_view,accepted_unchanged,,,visible_public_name,false,false,false,false,false,false,false,false,false,false,false
place_006a:church_stl_4,place_006a_included,church_stl_4,settlement,c_8,Dunmere,hx_40556,church_anchor,bishopric_or_cathedral_seat,Cathedral of Saint Winifred at Dunmere,Cathedral of Saint Winifred at Dunmere,Cathedral of Saint Winifred at Dunmere,included_in_source_candidate_lock_view,accepted_unchanged,,,visible_public_name,false,false,false,false,false,false,false,false,false,false,false
place_006a:church_stl_5,place_006a_included,church_stl_5,settlement,c_0,Alderwick,hx_50445,church_anchor,bishopric_or_cathedral_seat,Cathedral of Saint Frideswide at Alderwick,Cathedral of Saint Frideswide at Alderwick,Cathedral of Saint Frideswide at Alderwick,included_in_source_candidate_lock_view,accepted_unchanged,,,visible_public_name,false,false,false,false,false,false,false,false,false,false,false
place_006a:church_stl_6,place_006a_included,church_stl_6,settlement,c_1,Bramholt,hx_30253,church_anchor,bishopric_or_cathedral_seat,Cathedral of Saint Wilfrid at Bramholt,Cathedral of Saint Wilfrid at Bramholt,Cathedral of Saint Wilfrid at Bramholt,included_in_source_candidate_lock_view,accepted_unchanged,,,visible_public_name,false,false,false,false,false,false,false,false,false,false,false
place_006a:church_stl_7,place_006a_included,church_stl_7,settlement,c_8,Dunmere,hx_33564,church_anchor,bishopric_or_cathedral_seat,Cathedral of Saint Guthlac at Dunmere,Cathedral of Saint Guthlac at Dunmere,Cathedral of Saint Guthlac at Dunmere,included_in_source_candidate_lock_view,accepted_unchanged,,,visible_public_name,false,false,false,false,false,false,false,false,false,false,false
place_006a:church_stl_8,place_006a_included,church_stl_8,settlement,c_3,Merewatch,hx_34484,church_anchor,bishopric_or_cathedral_seat,Cathedral of Saint Helena at Merewatch,Cathedral of Saint Helena at Merewatch,Cathedral of Saint Helena at Merewatch,included_in_source_candidate_lock_view,accepted_unchanged,,,visible_public_name,false,false,false,false,false,false,false,false,false,false,false
place_006a:nat_border_river_001,place_006a_included,nat_border_river_001,terrain_or_hydrology_component,,,hx_30545,major_natural_feature,border_river,Bramwater,Bramwater,Bramwater,included_in_source_candidate_lock_view,accepted_unchanged,,,visible_public_name,false,false,false,false,false,false,false,false,false,false,false
place_006a:nat_border_river_002,place_006a_included,nat_border_river_002,terrain_or_hydrology_component,,,hx_22077,major_natural_feature,border_river,Little Wyre,Little Wyre,Little Wyre,included_in_source_candidate_lock_view,accepted_unchanged,,,visible_public_name,false,false,false,false,false,false,false,false,false,false,false
place_006a:nat_border_river_003,place_006a_included,nat_border_river_003,terrain_or_hydrology_component,,,hx_25757,major_natural_feature,border_river,Larkburn,Larkburn,Larkburn,included_in_source_candidate_lock_view,accepted_unchanged,,,visible_public_name,false,false,false,false,false,false,false,false,false,false,false
place_006a:nat_border_river_004,place_006a_included,nat_border_river_004,terrain_or_hydrology_component,,,hx_35616,major_natural_feature,border_river,Crowmere Water,Crowmere Water,Crowmere Water,included_in_source_candidate_lock_view,accepted_unchanged,,,visible_public_name,false,false,false,false,false,false,false,false,false,false,false
place_006a:nat_coast_001,place_006a_included,nat_coast_001,terrain_or_hydrology_component,,,hx_36355,major_natural_feature,coast,Dunstrand Coast,Dunstrand Coast,Dunstrand Coast,included_in_source_candidate_lock_view,accepted_unchanged,,,visible_public_name,false,false,false,false,false,false,false,false,false,false,false
place_006a:nat_coast_002,place_006a_included,nat_coast_002,terrain_or_hydrology_component,,,hx_11714,major_natural_feature,coast,Northmere Coast,Northmere Coast,Northmere Coast,included_in_source_candidate_lock_view,accepted_unchanged,,,visible_public_name,false,false,false,false,false,false,false,false,false,false,false
place_006a:nat_coast_003,place_006a_included,nat_coast_003,terrain_or_hydrology_component,,,hx_68095,major_natural_feature,coast,Southwold Coast,Southwold Coast,Southwold Coast,included_in_source_candidate_lock_view,accepted_unchanged,,,visible_public_name,false,false,false,false,false,false,false,false,false,false,false
place_006a:nat_estuary_or_bay_001,place_006a_included,nat_estuary_or_bay_001,terrain_or_hydrology_component,,,hx_39436,major_natural_feature,estuary_or_bay,Dunhithe Bay,Dunhithe Bay,Dunhithe Bay,included_in_source_candidate_lock_view,accepted_unchanged,,,visible_public_name,false,false,false,false,false,false,false,false,false,false,false
place_006a:nat_forest_001,place_006a_included,nat_forest_001,terrain_or_hydrology_component,,,hx_36674,major_natural_feature,forest,Great Wyrmholt Forest,Great Wyrmholt Forest,Great Wyrmholt Forest,included_in_source_candidate_lock_view,accepted_unchanged,,,visible_public_name,false,false,false,false,false,false,false,false,false,false,false
place_006a:nat_forest_002,place_006a_included,nat_forest_002,terrain_or_hydrology_component,,,hx_10600,major_natural_feature,forest,Northmere Forest,Northmere Forest,Northmere Forest,included_in_source_candidate_lock_view,accepted_unchanged,,,visible_public_name,false,false,false,false,false,false,false,false,false,false,false
place_006a:nat_forest_003,place_006a_included,nat_forest_003,terrain_or_hydrology_component,,,hx_17394,major_natural_feature,forest,Kestrelholt Forest,Kestrelholt Forest,Kestrelholt Forest,included_in_source_candidate_lock_view,accepted_unchanged,,,visible_public_name,false,false,false,false,false,false,false,false,false,false,false
place_006a:nat_forest_004,place_006a_included,nat_forest_004,terrain_or_hydrology_component,,,hx_1088,major_natural_feature,forest,Highwood Forest,Highwood Forest,Highwood Forest,included_in_source_candidate_lock_view,accepted_unchanged,,,visible_public_name,false,false,false,false,false,false,false,false,false,false,false
place_006a:nat_forest_005,place_006a_included,nat_forest_005,terrain_or_hydrology_component,,,hx_43802,major_natural_feature,forest,Farfield Chase,Farfield Chase,Farfield Chase,included_in_source_candidate_lock_view,accepted_unchanged,,,visible_public_name,false,false,false,false,false,false,false,false,false,false,false
place_006a:nat_hills_001,place_006a_included,nat_hills_001,terrain_or_hydrology_component,,,hx_46592,major_natural_feature,hill_country,Eastwold Hills,Eastwold Hills,Eastwold Hills,included_in_source_candidate_lock_view,accepted_unchanged,,,visible_public_name,false,false,false,false,false,false,false,false,false,false,false
place_006a:nat_hills_002,place_006a_included,nat_hills_002,terrain_or_hydrology_component,,,hx_71505,major_natural_feature,hill_country,Southbarrow Hills,Southbarrow Hills,Southbarrow Hills,included_in_source_candidate_lock_view,accepted_unchanged,,,visible_public_name,false,false,false,false,false,false,false,false,false,false,false
place_006a:nat_hills_003,place_006a_included,nat_hills_003,terrain_or_hydrology_component,,,hx_60297,major_natural_feature,hill_country,Midvale Downs,Midvale Downs,Midvale Downs,included_in_source_candidate_lock_view,accepted_unchanged,,,visible_public_name,false,false,false,false,false,false,false,false,false,false,false
place_006a:nat_hills_004,place_006a_included,nat_hills_004,terrain_or_hydrology_component,,,hx_67535,major_natural_feature,hill_country,Eldham Wolds,Eldham Wolds,Eldham Wolds,included_in_source_candidate_lock_view,accepted_unchanged,,,visible_public_name,false,false,false,false,false,false,false,false,false,false,false
place_006a:nat_hills_005,place_006a_included,nat_hills_005,terrain_or_hydrology_component,,,hx_49633,major_natural_feature,hill_country,Crowbarrow Hills,Crowbarrow Hills,Crowbarrow Hills,included_in_source_candidate_lock_view,accepted_unchanged,,,visible_public_name,false,false,false,false,false,false,false,false,false,false,false
place_006a:nat_hills_006,place_006a_included,nat_hills_006,terrain_or_hydrology_component,,,hx_28065,major_natural_feature,hill_country,Highmoor Hills,Highmoor Hills,Highmoor Hills,included_in_source_candidate_lock_view,accepted_unchanged,,,visible_public_name,false,false,false,false,false,false,false,false,false,false,false
place_006a:nat_hills_007,place_006a_included,nat_hills_007,terrain_or_hydrology_component,,,hx_58645,major_natural_feature,hill_country,Sevenfields Downs,Sevenfields Downs,Sevenfields Downs,included_in_source_candidate_lock_view,accepted_unchanged,,,visible_public_name,false,false,false,false,false,false,false,false,false,false,false
place_006a:nat_hills_008,place_006a_included,nat_hills_008,terrain_or_hydrology_component,,,hx_20729,major_natural_feature,hill_country,Northfold Hills,Northfold Hills,Northfold Hills,included_in_source_candidate_lock_view,accepted_unchanged,,,visible_public_name,false,false,false,false,false,false,false,false,false,false,false
place_006a:nat_hills_009,place_006a_included,nat_hills_009,terrain_or_hydrology_component,,,hx_24930,major_natural_feature,hill_country,Greywold Hills,Greywold Hills,Greywold Hills,included_in_source_candidate_lock_view,accepted_unchanged,,,visible_public_name,false,false,false,false,false,false,false,false,false,false,false
place_006a:nat_hills_010,place_006a_included,nat_hills_010,terrain_or_hydrology_component,,,hx_35659,major_natural_feature,hill_country,Greenbarrow Hills,Greenbarrow Hills,Greenbarrow Hills,included_in_source_candidate_lock_view,accepted_unchanged,,,visible_public_name,false,false,false,false,false,false,false,false,false,false,false
place_006a:nat_lake_001,place_006a_included,nat_lake_001,terrain_or_hydrology_component,,,hx_22939,major_natural_feature,lake,Wyrm Mere,Wyrm Mere,Wyrm Mere,included_in_source_candidate_lock_view,accepted_unchanged,,,visible_public_name,false,false,false,false,false,false,false,false,false,false,false
place_006a:nat_lake_002,place_006a_included,nat_lake_002,terrain_or_hydrology_component,,,hx_27694,major_natural_feature,lake,Little Wyrm Mere,Little Wyrm Mere,Little Wyrm Mere,included_in_source_candidate_lock_view,accepted_unchanged,,,visible_public_name,false,false,false,false,false,false,false,false,false,false,false
place_006a:nat_lake_003,place_006a_included,nat_lake_003,terrain_or_hydrology_component,,,hx_27965,major_natural_feature,lake,Westwyre Mere,Westwyre Mere,Westwyre Mere,included_in_source_candidate_lock_view,accepted_unchanged,,,visible_public_name,false,false,false,false,false,false,false,false,false,false,false
place_006a:nat_lake_004,place_006a_included,nat_lake_004,terrain_or_hydrology_component,,,hx_10349,major_natural_feature,lake,High Tarn,High Tarn,High Tarn,included_in_source_candidate_lock_view,accepted_unchanged,,,visible_public_name,false,false,false,false,false,false,false,false,false,false,false
place_006a:nat_lake_005,place_006a_included,nat_lake_005,terrain_or_hydrology_component,,,hx_14583,major_natural_feature,lake,Northmere Tarn,Northmere Tarn,Northmere Tarn,included_in_source_candidate_lock_view,accepted_unchanged,,,visible_public_name,false,false,false,false,false,false,false,false,false,false,false
place_006a:nat_lake_006,place_006a_included,nat_lake_006,terrain_or_hydrology_component,,,hx_15109,major_natural_feature,lake,Silvermere,Silvermere,Silvermere,included_in_source_candidate_lock_view,accepted_unchanged,,,visible_public_name,false,false,false,false,false,false,false,false,false,false,false
place_006a:nat_lake_007,place_006a_included,nat_lake_007,terrain_or_hydrology_component,,,hx_17343,major_natural_feature,lake,Sevenreed Mere,Sevenreed Mere,Sevenreed Mere,included_in_source_candidate_lock_view,accepted_unchanged,,,visible_public_name,false,false,false,false,false,false,false,false,false,false,false
place_006a:nat_lake_008,place_006a_included,nat_lake_008,terrain_or_hydrology_component,,,hx_17328,major_natural_feature,lake,Lark Mere,Lark Mere,Lark Mere,included_in_source_candidate_lock_view,accepted_unchanged,,,visible_public_name,false,false,false,false,false,false,false,false,false,false,false
place_006a:nat_lake_009,place_006a_included,nat_lake_009,terrain_or_hydrology_component,,,hx_20512,major_natural_feature,lake,Greywater Mere,Greywater Mere,Greywater Mere,included_in_source_candidate_lock_view,accepted_unchanged,,,visible_public_name,false,false,false,false,false,false,false,false,false,false,false
place_006a:nat_lake_010,place_006a_included,nat_lake_010,terrain_or_hydrology_component,,,hx_25281,major_natural_feature,lake,Ashmere,Ashmere,Ashmere,included_in_source_candidate_lock_view,accepted_unchanged,,,visible_public_name,false,false,false,false,false,false,false,false,false,false,false
place_006a:nat_lake_011,place_006a_included,nat_lake_011,terrain_or_hydrology_component,,,hx_25448,major_natural_feature,lake,Deepmere,Deepmere,Deepmere,included_in_source_candidate_lock_view,accepted_unchanged,,,visible_public_name,false,false,false,false,false,false,false,false,false,false,false
place_006a:nat_lake_012,place_006a_included,nat_lake_012,terrain_or_hydrology_component,,,hx_30564,major_natural_feature,lake,Little Reedmere,Little Reedmere,Little Reedmere,included_in_source_candidate_lock_view,accepted_unchanged,,,visible_public_name,false,false,false,false,false,false,false,false,false,false,false
place_006a:nat_lake_013,place_006a_included,nat_lake_013,terrain_or_hydrology_component,,,hx_30516,major_natural_feature,lake,White Tarn,White Tarn,White Tarn,included_in_source_candidate_lock_view,accepted_unchanged,,,visible_public_name,false,false,false,false,false,false,false,false,false,false,false
place_006a:nat_lake_014,place_006a_included,nat_lake_014,terrain_or_hydrology_component,,,hx_34705,major_natural_feature,lake,Little Oakmere,Little Oakmere,Little Oakmere,included_in_source_candidate_lock_view,accepted_unchanged,,,visible_public_name,false,false,false,false,false,false,false,false,false,false,false
place_006a:nat_lake_015,place_006a_included,nat_lake_015,terrain_or_hydrology_component,,,hx_35541,major_natural_feature,lake,Coldmere,Coldmere,Coldmere,included_in_source_candidate_lock_view,accepted_unchanged,,,visible_public_name,false,false,false,false,false,false,false,false,false,false,false
place_006a:nat_lake_016,place_006a_included,nat_lake_016,terrain_or_hydrology_component,,,hx_36658,major_natural_feature,lake,Greenmere,Greenmere,Greenmere,included_in_source_candidate_lock_view,accepted_unchanged,,,visible_public_name,false,false,false,false,false,false,false,false,false,false,false
place_006a:nat_lake_017,place_006a_included,nat_lake_017,terrain_or_hydrology_component,,,hx_5029,major_natural_feature,lake,Blackmere,Blackmere,Blackmere,included_in_source_candidate_lock_view,accepted_unchanged,,,visible_public_name,false,false,false,false,false,false,false,false,false,false,false
place_006a:nat_lake_018,place_006a_included,nat_lake_018,terrain_or_hydrology_component,,,hx_50551,major_natural_feature,lake,Swanmere,Swanmere,Swanmere,included_in_source_candidate_lock_view,accepted_unchanged,,,visible_public_name,false,false,false,false,false,false,false,false,false,false,false
place_006a:nat_lake_019,place_006a_included,nat_lake_019,terrain_or_hydrology_component,,,hx_55872,major_natural_feature,lake,Clearmere,Clearmere,Clearmere,included_in_source_candidate_lock_view,accepted_unchanged,,,visible_public_name,false,false,false,false,false,false,false,false,false,false,false
place_006a:nat_major_river_001,place_006a_included,nat_major_river_001,terrain_or_hydrology_component,,,hx_31358,major_natural_feature,major_river,River Wyre,River Wyre,River Wyre,included_in_source_candidate_lock_view,accepted_unchanged,,,visible_public_name,false,false,false,false,false,false,false,false,false,false,false
place_006a:nat_marsh_001,place_006a_included,nat_marsh_001,terrain_or_hydrology_component,,,hx_33930,major_natural_feature,marsh,Merewatch Fen,Merewatch Fen,Merewatch Fen,included_in_source_candidate_lock_view,accepted_unchanged,,,visible_public_name,false,false,false,false,false,false,false,false,false,false,false
place_006a:nat_marsh_002,place_006a_included,nat_marsh_002,terrain_or_hydrology_component,,,hx_39163,major_natural_feature,marsh,Dunmarsh,Dunmarsh,Dunmarsh,included_in_source_candidate_lock_view,accepted_unchanged,,,visible_public_name,false,false,false,false,false,false,false,false,false,false,false
place_006a:nat_marsh_003,place_006a_included,nat_marsh_003,terrain_or_hydrology_component,,,hx_22359,major_natural_feature,marsh,Wyrmfen,Wyrmfen,Wyrmfen,included_in_source_candidate_lock_view,accepted_unchanged,,,visible_public_name,false,false,false,false,false,false,false,false,false,false,false
place_006a:nat_marsh_004,place_006a_included,nat_marsh_004,terrain_or_hydrology_component,,,hx_28858,major_natural_feature,marsh,Bram Fen,Bram Fen,Bram Fen,included_in_source_candidate_lock_view,accepted_unchanged,,,visible_public_name,false,false,false,false,false,false,false,false,false,false,false
place_006a:nat_marsh_005,place_006a_included,nat_marsh_005,terrain_or_hydrology_component,,,hx_15075,major_natural_feature,marsh,North Fen,North Fen,North Fen,included_in_source_candidate_lock_view,accepted_unchanged,,,visible_public_name,false,false,false,false,false,false,false,false,false,false,false
place_006a:nat_marsh_006,place_006a_included,nat_marsh_006,terrain_or_hydrology_component,,,hx_26039,major_natural_feature,marsh,Larkmarsh,Larkmarsh,Larkmarsh,included_in_source_candidate_lock_view,accepted_unchanged,,,visible_public_name,false,false,false,false,false,false,false,false,false,false,false
place_006a:nat_marsh_007,place_006a_included,nat_marsh_007,terrain_or_hydrology_component,,,hx_25450,major_natural_feature,marsh,Reedwyre Marsh,Reedwyre Marsh,Reedwyre Marsh,included_in_source_candidate_lock_view,accepted_unchanged,,,visible_public_name,false,false,false,false,false,false,false,false,false,false,false
place_006a:nat_mountains_001,place_006a_included,nat_mountains_001,terrain_or_hydrology_component,,,hx_51878,major_natural_feature,mountain_or_ridge_belt,Alderwick Ridge,Alderwick Ridge,Alderwick Ridge,included_in_source_candidate_lock_view,accepted_unchanged,,,visible_public_name,false,false,false,false,false,false,false,false,false,false,false
place_006a:nat_mountains_002,place_006a_included,nat_mountains_002,terrain_or_hydrology_component,,,hx_75435,major_natural_feature,mountain_or_ridge_belt,Southfell Ridge,Southfell Ridge,Southfell Ridge,included_in_source_candidate_lock_view,accepted_unchanged,,,visible_public_name,false,false,false,false,false,false,false,false,false,false,false
place_006a:nat_mountains_003,place_006a_included,nat_mountains_003,terrain_or_hydrology_component,,,hx_50795,major_natural_feature,mountain_or_ridge_belt,Kestrel Edge,Kestrel Edge,Kestrel Edge,included_in_source_candidate_lock_view,accepted_unchanged,,,visible_public_name,false,false,false,false,false,false,false,false,false,false,false
place_006a:nat_mountains_004,place_006a_included,nat_mountains_004,terrain_or_hydrology_component,,,hx_65355,major_natural_feature,mountain_or_ridge_belt,Ivyfell Ridge,Ivyfell Ridge,Ivyfell Ridge,included_in_source_candidate_lock_view,accepted_unchanged,,,visible_public_name,false,false,false,false,false,false,false,false,false,false,false
place_006a:nat_mountains_005,place_006a_included,nat_mountains_005,terrain_or_hydrology_component,,,hx_55273,major_natural_feature,mountain_or_ridge_belt,Harrow Edge,Harrow Edge,Harrow Edge,included_in_source_candidate_lock_view,accepted_unchanged,,,visible_public_name,false,false,false,false,false,false,false,false,false,false,false
place_006a:nat_mountains_006,place_006a_included,nat_mountains_006,terrain_or_hydrology_component,,,hx_70953,major_natural_feature,mountain_or_ridge_belt,Blackstone Ridge,Blackstone Ridge,Blackstone Ridge,included_in_source_candidate_lock_view,accepted_unchanged,,,visible_public_name,false,false,false,false,false,false,false,false,false,false,false
place_006a:nat_mountains_007,place_006a_included,nat_mountains_007,terrain_or_hydrology_component,,,hx_45473,major_natural_feature,mountain_or_ridge_belt,Windfell Ridge,Windfell Ridge,Windfell Ridge,included_in_source_candidate_lock_view,accepted_unchanged,,,visible_public_name,false,false,false,false,false,false,false,false,false,false,false
place_006a:nat_sea_001,place_006a_included,nat_sea_001,terrain_or_hydrology_component,,,hx_39422,major_natural_feature,sea,Westmere Sea,Westmere Sea,Westmere Sea,included_in_source_candidate_lock_view,accepted_unchanged,,,visible_public_name,false,false,false,false,false,false,false,false,false,false,false
place_006a:place_fortified_hx_34487,place_006a_included,place_fortified_hx_34487,elite_seat_complex,c_3,Merewatch,hx_34487,primary_settlement,county_castle_or_fortified_town,Waterbailey,Waterbailey,Waterbailey,included_in_source_candidate_lock_view,accepted_unchanged,,,visible_public_name,false,false,false,false,false,false,false,false,false,false,false
place_006a:place_fortified_hx_39260,place_006a_included,place_fortified_hx_39260,elite_seat_complex,c_7,Crowmarsh,hx_39260,primary_settlement,county_castle_or_fortified_town,Fenbailey,Fenbailey,Fenbailey,included_in_source_candidate_lock_view,accepted_unchanged,,,visible_public_name,false,false,false,false,false,false,false,false,false,false,false
place_006a:place_fortified_hx_42899,place_006a_included,place_fortified_hx_42899,elite_seat_complex,c_11,Glastonmere,hx_42899,primary_settlement,county_castle_or_fortified_town,Stonekeep,Stonekeep,Stonekeep,included_in_source_candidate_lock_view,county_geometry_alignment_applied_2026_07_08,PNC-COUNTY-ALIGN-033,,visible_public_name,false,false,false,false,false,false,false,false,false,false,false
place_006a:place_fortified_hx_49063,place_006a_included,place_fortified_hx_49063,elite_seat_complex,c_11,Glastonmere,hx_49063,primary_settlement,county_castle_or_fortified_town,Downbailey,Downbailey,Downbailey,included_in_source_candidate_lock_view,county_geometry_alignment_applied_2026_07_08,PNC-COUNTY-ALIGN-034,,visible_public_name,false,false,false,false,false,false,false,false,false,false,false
place_006a:place_fortified_hx_54379,place_006a_included,place_fortified_hx_54379,elite_seat_complex,c_0,Alderwick,hx_54379,primary_settlement,county_castle_or_fortified_town,Vinebury,Vinebury,Vinebury,included_in_source_candidate_lock_view,county_geometry_alignment_applied_2026_07_08,PNC-COUNTY-ALIGN-035,,visible_public_name,false,false,false,false,false,false,false,false,false,false,false
place_006a:place_fortified_hx_56332,place_006a_included,place_fortified_hx_56332,elite_seat_complex,c_14,Kestrelford,hx_56332,primary_settlement,county_castle_or_fortified_town,Ridge Castle,Ridge Castle,Ridge Castle,included_in_source_candidate_lock_view,accepted_unchanged,,,visible_public_name,false,false,false,false,false,false,false,false,false,false,false
place_006a:place_county_seat_c_1,place_006a_included,place_county_seat_c_1,county_seat,c_1,Bramholt,hx_31094,primary_settlement,county_seat,Bramchester,Bramchester,Bramchester,included_in_source_candidate_lock_view,approved_multi_anchor_identity,,place_identity_county_seat_complex_bramchester,visible_public_name,false,false,false,false,false,false,false,false,false,false,false
place_006a:place_county_seat_c_10,place_006a_included,place_county_seat_c_10,county_seat,c_11,Glastonmere,hx_42899,primary_settlement,county_seat,Falkenbridge,Falkenbridge,Falkenbridge,included_in_source_candidate_lock_view,county_geometry_alignment_applied_2026_07_08,PNC-COUNTY-ALIGN-036,place_identity_county_seat_complex_falkenbridge,visible_public_name,false,false,false,false,false,false,false,false,false,false,false
place_006a:place_county_seat_c_11,place_006a_included,place_county_seat_c_11,county_seat,c_11,Glastonmere,hx_45974,primary_settlement,county_seat,Glastonminster,Glastonminster,Glastonminster,included_in_source_candidate_lock_view,approved_multi_anchor_identity,,place_identity_county_seat_complex_glastonminster,visible_public_name,false,false,false,false,false,false,false,false,false,false,false
place_006a:place_county_seat_c_12,place_006a_included,place_county_seat_c_12,county_seat,c_11,Glastonmere,hx_49063,primary_settlement,county_seat,Harrowbury,Harrowbury,Harrowbury,included_in_source_candidate_lock_view,county_geometry_alignment_applied_2026_07_08,PNC-COUNTY-ALIGN-037,place_identity_county_seat_complex_harrowbury,visible_public_name,false,false,false,false,false,false,false,false,false,false,false
place_006a:place_county_seat_c_13,place_006a_included,place_county_seat_c_13,county_seat,c_0,Alderwick,hx_54379,primary_settlement,county_seat,Ivybridge,Ivybridge,Ivybridge,included_in_source_candidate_lock_view,county_geometry_alignment_applied_2026_07_08,PNC-COUNTY-ALIGN-038,place_identity_county_seat_complex_ivybridge,visible_public_name,false,false,false,false,false,false,false,false,false,false,false
place_006a:place_county_seat_c_14,place_006a_included,place_county_seat_c_14,county_seat,c_14,Kestrelford,hx_56332,primary_settlement,county_seat,Kestrelbury,Kestrelbury,Kestrelbury,included_in_source_candidate_lock_view,accepted_unchanged,,,visible_public_name,false,false,false,false,false,false,false,false,false,false,false
place_006a:place_county_seat_c_2,place_006a_included,place_county_seat_c_2,county_seat,c_2,Larkspire,hx_32485,primary_settlement,county_seat,Larkbury,Larkbury,Larkbury,included_in_source_candidate_lock_view,accepted_unchanged,,,visible_public_name,false,false,false,false,false,false,false,false,false,false,false
place_006a:place_county_seat_c_3,place_006a_included,place_county_seat_c_3,county_seat,c_3,Merewatch,hx_34487,primary_settlement,county_seat,Watchbury,Watchbury,Watchbury,included_in_source_candidate_lock_view,approved_multi_anchor_identity,,place_identity_county_seat_complex_watchbury,visible_public_name,false,false,false,false,false,false,false,false,false,false,false
place_006a:place_county_seat_c_4,place_006a_included,place_county_seat_c_4,county_seat,c_2,Larkspire,hx_35003,primary_settlement,county_seat,Northby,Northby,Northby,included_in_source_candidate_lock_view,county_geometry_alignment_applied_2026_07_08,PNC-COUNTY-ALIGN-039,place_identity_county_seat_complex_northby,visible_public_name,false,false,false,false,false,false,false,false,false,false,false
place_006a:place_county_seat_c_5,place_006a_included,place_county_seat_c_5,county_seat,c_3,Merewatch,hx_35882,primary_settlement,county_seat,Orchardham,Orchardham,Orchardham,included_in_source_candidate_lock_view,county_geometry_alignment_applied_2026_07_08,PNC-COUNTY-ALIGN-040,place_identity_county_seat_complex_orchardham,visible_public_name,false,false,false,false,false,false,false,false,false,false,false
place_006a:place_county_seat_c_6,place_006a_included,place_county_seat_c_6,county_seat,c_4,Northwych,hx_37798,primary_settlement,county_seat,Wyrmbury,Wyrmbury,Wyrmbury,included_in_source_candidate_lock_view,county_geometry_alignment_applied_2026_07_08,PNC-COUNTY-ALIGN-041,place_identity_county_seat_complex_wyrmbury,visible_public_name,false,false,false,false,false,false,false,false,false,false,false
place_006a:place_county_seat_c_7,place_006a_included,place_county_seat_c_7,county_seat,c_7,Crowmarsh,hx_39260,primary_settlement,county_seat,Crowwick,Crowwick,Crowwick,included_in_source_candidate_lock_view,accepted_unchanged,,,visible_public_name,false,false,false,false,false,false,false,false,false,false,false
place_006a:place_county_seat_c_8,place_006a_included,place_county_seat_c_8,county_seat,c_9,Eldham,hx_39744,primary_settlement,county_seat,Duncaster,Duncaster,Duncaster,included_in_source_candidate_lock_view,county_geometry_alignment_applied_2026_07_08,PNC-COUNTY-ALIGN-042,place_identity_county_seat_complex_duncaster,visible_public_name,false,false,false,false,false,false,false,false,false,false,false
place_006a:place_county_seat_c_9,place_006a_included,place_county_seat_c_9,county_seat,c_9,Eldham,hx_39755,primary_settlement,county_seat,Eldbury,Eldbury,Eldbury,included_in_source_candidate_lock_view,accepted_unchanged,,,visible_public_name,false,false,false,false,false,false,false,false,false,false,false
place_006a:place_stl_27,place_006a_included,place_stl_27,settlement,,,hx_56944,primary_settlement,market_town,Longham,Longham,Longham,included_in_source_candidate_lock_view,accepted_unchanged,,,visible_public_name,false,false,false,false,false,false,false,false,false,false,false
place_006a:place_stl_28,place_006a_included,place_stl_28,settlement,c_5,Orchardmere,hx_36707,primary_settlement,market_town,Boughworth,Boughworth,Boughworth,included_in_source_candidate_lock_view,accepted_unchanged,,,visible_public_name,false,false,false,false,false,false,false,false,false,false,false
place_006a:place_stl_29,place_006a_included,place_stl_29,settlement,,,hx_56434,primary_settlement,market_town,Northwick,Northwick,Northwick,included_in_source_candidate_lock_view,accepted_unchanged,,,visible_public_name,false,false,false,false,false,false,false,false,false,false,false
place_006a:place_stl_30,place_006a_included,place_stl_30,settlement,,,hx_13183,primary_settlement,market_town,Broadstow,Broadstow,Broadstow,included_in_source_candidate_lock_view,accepted_unchanged,,,visible_public_name,false,false,false,false,false,false,false,false,false,false,false
place_006a:place_stl_31,place_006a_included,place_stl_31,settlement,,,hx_3043,primary_settlement,market_town,Chipping Eaststead,Chipping Eaststead,Chipping Eaststead,included_in_source_candidate_lock_view,accepted_unchanged,,,visible_public_name,false,false,false,false,false,false,false,false,false,false,false
place_006a:place_stl_32,place_006a_included,place_stl_32,settlement,,,hx_54754,primary_settlement,market_town,Blackstead,Blackstead,Blackstead,included_in_source_candidate_lock_view,accepted_unchanged,,,visible_public_name,false,false,false,false,false,false,false,false,false,false,false
place_006a:place_stl_33,place_006a_included,place_stl_33,settlement,,,hx_24387,primary_settlement,market_town,Market Stonewick,Stonewick,Stonewick,included_in_source_candidate_lock_view,approved_name_repair_applied,PNC-REPAIR-017,,visible_public_name,false,false,false,false,false,false,false,false,false,false,false
place_006a:place_stl_34,place_006a_included,place_stl_34,settlement,,,hx_20734,primary_settlement,market_town,Lowton,Lowton,Lowton,included_in_source_candidate_lock_view,accepted_unchanged,,,visible_public_name,false,false,false,false,false,false,false,false,false,false,false
place_006a:place_stl_35,place_006a_included,place_stl_35,settlement,,,hx_23601,primary_settlement,market_town,Newstow,Newstow,Newstow,included_in_source_candidate_lock_view,accepted_unchanged,,,visible_public_name,false,false,false,false,false,false,false,false,false,false,false
place_006a:place_stl_36,place_006a_included,place_stl_36,settlement,,,hx_64268,primary_settlement,market_town,Longton,Longton,Longton,included_in_source_candidate_lock_view,accepted_unchanged,,,visible_public_name,false,false,false,false,false,false,false,false,false,false,false
place_006a:place_stl_37,place_006a_included,place_stl_37,settlement,,,hx_32588,primary_settlement,market_town,Chipping Silverworth,Chipping Silverworth,Chipping Silverworth,included_in_source_candidate_lock_view,accepted_unchanged,,,visible_public_name,false,false,false,false,false,false,false,false,false,false,false
place_006a:place_stl_38,place_006a_included,place_stl_38,settlement,,,hx_78255,primary_settlement,market_town,Chipping Eaststow,Chipping Eaststow,Chipping Eaststow,included_in_source_candidate_lock_view,accepted_unchanged,,,visible_public_name,false,false,false,false,false,false,false,false,false,false,false
place_006a:place_stl_39,place_006a_included,place_stl_39,settlement,,,hx_53609,primary_settlement,market_town,Deepham,Deepham,Deepham,included_in_source_candidate_lock_view,accepted_unchanged,,,visible_public_name,false,false,false,false,false,false,false,false,false,false,false
place_006a:place_stl_40,place_006a_included,place_stl_40,settlement,,,hx_18795,primary_settlement,market_town,Longstow,Longstow,Longstow,included_in_source_candidate_lock_view,accepted_unchanged,,,visible_public_name,false,false,false,false,false,false,false,false,false,false,false
place_006a:place_stl_41,place_006a_included,place_stl_41,settlement,,,hx_57528,primary_settlement,market_town,Stonecheap,Stonecheap,Stonecheap,included_in_source_candidate_lock_view,accepted_unchanged,,,visible_public_name,false,false,false,false,false,false,false,false,false,false,false
place_006a:place_stl_42,place_006a_included,place_stl_42,settlement,,,hx_52779,primary_settlement,market_town,Loworth,Loworth,Loworth,included_in_source_candidate_lock_view,accepted_unchanged,,,visible_public_name,false,false,false,false,false,false,false,false,false,false,false
place_006a:place_stl_43,place_006a_included,place_stl_43,settlement,,,hx_14881,primary_settlement,market_town,Market Westham,Westham,Westham,included_in_source_candidate_lock_view,approved_name_repair_applied,PNC-REPAIR-018,,visible_public_name,false,false,false,false,false,false,false,false,false,false,false
place_006a:place_stl_44,place_006a_included,place_stl_44,settlement,c_2,Larkspire,hx_30240,primary_settlement,market_town,Chipping Skylarkton,Chipping Skylarkton,Chipping Skylarkton,included_in_source_candidate_lock_view,accepted_unchanged,,,visible_public_name,false,false,false,false,false,false,false,false,false,false,false
place_006a:place_stl_45,place_006a_included,place_stl_45,settlement,,,hx_77393,primary_settlement,market_town,Newham,Newham,Newham,included_in_source_candidate_lock_view,accepted_unchanged,,,visible_public_name,false,false,false,false,false,false,false,false,false,false,false
place_006a:place_stl_46,place_006a_included,place_stl_46,settlement,c_9,Eldham,hx_40310,primary_settlement,market_town,Market Eastham,Eastham,Eastham,included_in_source_candidate_lock_view,approved_name_repair_applied,PNC-REPAIR-019,,visible_public_name,false,false,false,false,false,false,false,false,false,false,false
place_006a:place_stl_47,place_006a_included,place_stl_47,settlement,,,hx_78246,primary_settlement,market_town,Little Oakstead,Little Oakstead,Little Oakstead,included_in_source_candidate_lock_view,accepted_unchanged,,,visible_public_name,false,false,false,false,false,false,false,false,false,false,false
place_006a:place_stl_48,place_006a_included,place_stl_48,settlement,,,hx_62600,primary_settlement,market_town,Deepstead,Deepstead,Deepstead,included_in_source_candidate_lock_view,accepted_unchanged,,,visible_public_name,false,false,false,false,false,false,false,false,false,false,false
place_006a:place_stl_49,place_006a_included,place_stl_49,settlement,c_11,Glastonmere,hx_45417,primary_settlement,market_town,Market Glassham,Glassham,Glassham,included_in_source_candidate_lock_view,approved_name_repair_applied,PNC-REPAIR-020,,visible_public_name,false,false,false,false,false,false,false,false,false,false,false
place_006a:place_stl_50,place_006a_included,place_stl_50,settlement,,,hx_16803,primary_settlement,market_town,Blackstow,Blackstow,Blackstow,included_in_source_candidate_lock_view,accepted_unchanged,,,visible_public_name,false,false,false,false,false,false,false,false,false,false,false
place_006a:place_stl_51,place_006a_included,place_stl_51,settlement,,,hx_8396,primary_settlement,market_town,Market Dunton,Dunton,Dunton,included_in_source_candidate_lock_view,approved_name_repair_applied,PNC-REPAIR-021,,visible_public_name,false,false,false,false,false,false,false,false,false,false,false
place_006a:place_stl_52,place_006a_included,place_stl_52,settlement,c_3,Merewatch,hx_37286,primary_settlement,market_town,Market Bloomstead,Bloomstead,Bloomstead,included_in_source_candidate_lock_view,county_geometry_alignment_applied_2026_07_08,PNC-COUNTY-ALIGN-043,,visible_public_name,false,false,false,false,false,false,false,false,false,false,false
place_006a:place_stl_53,place_006a_included,place_stl_53,settlement,c_7,Crowmarsh,hx_39522,primary_settlement,market_town,Brookstow,Brookstow,Brookstow,included_in_source_candidate_lock_view,county_geometry_alignment_applied_2026_07_08,PNC-COUNTY-ALIGN-044,,visible_public_name,false,false,false,false,false,false,false,false,false,false,false
place_006a:place_stl_54,place_006a_included,place_stl_54,settlement,c_14,Kestrelford,hx_51000,primary_settlement,market_town,Crownford,Crownford,Crownford,included_in_source_candidate_lock_view,county_geometry_alignment_applied_2026_07_08,PNC-COUNTY-ALIGN-045,,visible_public_name,false,false,false,false,false,false,false,false,false,false,false
place_006a:place_stl_55,place_006a_included,place_stl_55,settlement,,,hx_12632,primary_settlement,market_town,Market Westwick,Westwick,Westwick,included_in_source_candidate_lock_view,approved_name_repair_applied,PNC-REPAIR-023,,visible_public_name,false,false,false,false,false,false,false,false,false,false,false
place_006a:place_stl_56,place_006a_included,place_stl_56,settlement,,,hx_56579,primary_settlement,market_town,Oldbridge,Oldbridge,Oldbridge,included_in_source_candidate_lock_view,accepted_unchanged,,,visible_public_name,false,false,false,false,false,false,false,false,false,false,false
place_006a:place_stl_57,place_006a_included,place_stl_57,settlement,,,hx_34777,primary_settlement,market_town,Market Stoneworth,Stoneworth,Stoneworth,included_in_source_candidate_lock_view,approved_name_repair_applied,PNC-REPAIR-024,,visible_public_name,false,false,false,false,false,false,false,false,false,false,false
place_006a:place_stl_58,place_006a_included,place_stl_58,settlement,,,hx_25809,primary_settlement,market_town,Market Stonestead,Stonestead,Stonestead,included_in_source_candidate_lock_view,approved_name_repair_applied,PNC-REPAIR-025,,visible_public_name,false,false,false,false,false,false,false,false,false,false,false
place_006a:place_stl_59,place_006a_included,place_stl_59,settlement,,,hx_7024,primary_settlement,market_town,Ashton,Ashton,Ashton,included_in_source_candidate_lock_view,accepted_unchanged,,,visible_public_name,false,false,false,false,false,false,false,false,false,false,false
place_006a:place_stl_60,place_006a_included,place_stl_60,settlement,c_14,Kestrelford,hx_58293,primary_settlement,market_town,Northford,Northford,Northford,included_in_source_candidate_lock_view,accepted_unchanged,,,visible_public_name,false,false,false,false,false,false,false,false,false,false,false
place_006a:place_stl_61,place_006a_included,place_stl_61,settlement,,,hx_68972,primary_settlement,market_town,Market Westton,Westton,Westton,included_in_source_candidate_lock_view,approved_name_repair_applied,PNC-REPAIR-026,,visible_public_name,false,false,false,false,false,false,false,false,false,false,false
place_006a:place_stl_62,place_006a_included,place_stl_62,settlement,,,hx_69868,primary_settlement,market_town,Mereworth,Mereworth,Mereworth,included_in_source_candidate_lock_view,accepted_unchanged,,,visible_public_name,false,false,false,false,false,false,false,false,false,false,false
place_006a:place_stl_63,place_006a_included,place_stl_63,settlement,,,hx_69816,primary_settlement,market_town,Chipping Fenwick,Chipping Fenwick,Chipping Fenwick,included_in_source_candidate_lock_view,accepted_unchanged,,,visible_public_name,false,false,false,false,false,false,false,false,false,false,false
place_006a:place_stl_64,place_006a_included,place_stl_64,settlement,,,hx_32575,primary_settlement,market_town,Newcheap,Newcheap,Newcheap,included_in_source_candidate_lock_view,accepted_unchanged,,,visible_public_name,false,false,false,false,false,false,false,false,false,false,false
place_006a:place_stl_65,place_006a_included,place_stl_65,settlement,c_8,Dunmere,hx_37772,primary_settlement,market_town,Sandworth,Sandworth,Sandworth,included_in_source_candidate_lock_view,accepted_unchanged,,,visible_public_name,false,false,false,false,false,false,false,false,false,false,false
place_006a:place_stl_66,place_006a_included,place_stl_66,settlement,,,hx_37924,primary_settlement,market_town,Little Lowford,Little Lowford,Little Lowford,included_in_source_candidate_lock_view,accepted_unchanged,,,visible_public_name,false,false,false,false,false,false,false,false,false,false,false
place_006a:place_fortified_hx_51861,place_006a_included,place_fortified_hx_51861,elite_seat_complex,c_0,Alderwick,hx_51861,primary_settlement,royal_castle_or_fortified_town,Oakcaster,Oakcaster,Oakcaster,included_in_source_candidate_lock_view,accepted_unchanged,,,visible_public_name,false,false,false,false,false,false,false,false,false,false,false
place_006a:place_fortified_hx_52142,place_006a_included,place_fortified_hx_52142,elite_seat_complex,c_0,Alderwick,hx_52142,primary_settlement,royal_castle_or_fortified_town,Redbury,Redbury,Redbury,included_in_source_candidate_lock_view,accepted_unchanged,,,visible_public_name,false,false,false,false,false,false,false,false,false,false,false
place_006a:place_county_seat_c_0,place_006a_included,place_county_seat_c_0,county_seat,c_0,Alderwick,hx_51861,primary_settlement,royal_county_seat,Aldercaster,Aldercaster,Aldercaster,included_in_source_candidate_lock_view,accepted_unchanged,,,visible_public_name,false,false,false,false,false,false,false,false,false,false,false
place_006a:place_royal_seat_complex,place_006a_included,place_royal_seat_complex,elite_seat_complex,c_0,Alderwick,hx_51861,primary_settlement,royal_seat_complex,Crownwick,Crownwick,Crownwick,included_in_source_candidate_lock_view,accepted_unchanged,,,visible_public_name,false,false,false,false,false,false,false,false,false,false,false
place_006a:route_cross_hx_22358,place_006a_included,route_cross_hx_22358,corridor_crossing_node,c_6,Wyrmford,hx_22358,route_feature,ford_or_crossing,Reed Bridge,Reed Bridge,Reed Bridge,included_in_source_candidate_lock_view,accepted_unchanged,,,visible_public_name,false,false,false,false,false,false,false,false,false,false,false
place_006a:route_cross_hx_23203,place_006a_included,route_cross_hx_23203,corridor_crossing_node,c_6,Wyrmford,hx_23203,route_feature,ford_or_crossing,Tarn Causeway,Tarn Causeway,Tarn Causeway,included_in_source_candidate_lock_view,accepted_unchanged,,,visible_public_name,false,false,false,false,false,false,false,false,false,false,false
place_006a:route_cross_hx_25194,place_006a_included,route_cross_hx_25194,corridor_crossing_node,c_1,Bramholt,hx_25194,route_feature,ford_or_crossing,Rowan Bridge,Rowan Bridge,Rowan Bridge,included_in_source_candidate_lock_view,county_geometry_alignment_applied_2026_07_08,PNC-COUNTY-ALIGN-046,,visible_public_name,false,false,false,false,false,false,false,false,false,false,false
place_006a:route_cross_hx_26317,place_006a_included,route_cross_hx_26317,corridor_crossing_node,c_1,Bramholt,hx_26317,route_feature,ford_or_crossing,Elder Causeway,Elder Causeway,Elder Causeway,included_in_source_candidate_lock_view,county_geometry_alignment_applied_2026_07_08,PNC-COUNTY-ALIGN-047,,visible_public_name,false,false,false,false,false,false,false,false,false,false,false
place_006a:route_cross_hx_28569,place_006a_included,route_cross_hx_28569,corridor_crossing_node,c_1,Bramholt,hx_28569,route_feature,ford_or_crossing,King Ford,King Ford,King Ford,included_in_source_candidate_lock_view,accepted_unchanged,,,visible_public_name,false,false,false,false,false,false,false,false,false,false,false
place_006a:route_cross_hx_29119,place_006a_included,route_cross_hx_29119,corridor_crossing_node,c_1,Bramholt,hx_29119,route_feature,ford_or_crossing,Wheat Bridge,Wheat Bridge,Wheat Bridge,included_in_source_candidate_lock_view,county_geometry_alignment_applied_2026_07_08,PNC-COUNTY-ALIGN-048,,visible_public_name,false,false,false,false,false,false,false,false,false,false,false
place_006a:route_cross_hx_29126,place_006a_included,route_cross_hx_29126,corridor_crossing_node,c_1,Bramholt,hx_29126,route_feature,ford_or_crossing,Field Bridge,Field Bridge,Field Bridge,included_in_source_candidate_lock_view,accepted_unchanged,,,visible_public_name,false,false,false,false,false,false,false,false,false,false,false
place_006a:route_cross_hx_29133,place_006a_included,route_cross_hx_29133,corridor_crossing_node,c_1,Bramholt,hx_29133,route_feature,ford_or_crossing,Ash Causeway,Ash Causeway,Ash Causeway,included_in_source_candidate_lock_view,accepted_unchanged,,,visible_public_name,false,false,false,false,false,false,false,false,false,false,false
place_006a:route_cross_hx_29403,place_006a_included,route_cross_hx_29403,corridor_crossing_node,c_1,Bramholt,hx_29403,route_feature,ford_or_crossing,Hart Ford,Hart Ford,Hart Ford,included_in_source_candidate_lock_view,accepted_unchanged,,,visible_public_name,false,false,false,false,false,false,false,false,false,false,false
place_006a:route_cross_hx_29698,place_006a_included,route_cross_hx_29698,corridor_crossing_node,c_1,Bramholt,hx_29698,route_feature,ford_or_crossing,Laurel Causeway,Laurel Causeway,Laurel Causeway,included_in_source_candidate_lock_view,accepted_unchanged,,,visible_public_name,false,false,false,false,false,false,false,false,false,false,false
place_006a:route_cross_hx_30238,place_006a_included,route_cross_hx_30238,corridor_crossing_node,c_2,Larkspire,hx_30238,route_feature,ford_or_crossing,Little Green Bridge,Little Green Bridge,Little Green Bridge,included_in_source_candidate_lock_view,accepted_unchanged,,,visible_public_name,false,false,false,false,false,false,false,false,false,false,false
place_006a:route_cross_hx_30262,place_006a_included,route_cross_hx_30262,corridor_crossing_node,c_1,Bramholt,hx_30262,route_feature,ford_or_crossing,Clover Causeway,Clover Causeway,Clover Causeway,included_in_source_candidate_lock_view,accepted_unchanged,,,visible_public_name,false,false,false,false,false,false,false,false,false,false,false
place_006a:route_cross_hx_31636,place_006a_included,route_cross_hx_31636,corridor_crossing_node,c_2,Larkspire,hx_31636,route_feature,ford_or_crossing,Upper Green Bridge,Upper Green Bridge,Upper Green Bridge,included_in_source_candidate_lock_view,accepted_unchanged,,,visible_public_name,false,false,false,false,false,false,false,false,false,false,false
place_006a:route_cross_hx_32475,place_006a_included,route_cross_hx_32475,corridor_crossing_node,c_2,Larkspire,hx_32475,route_feature,ford_or_crossing,Lower Green Bridge,Lower Green Bridge,Lower Green Bridge,included_in_source_candidate_lock_view,accepted_unchanged,,,visible_public_name,false,false,false,false,false,false,false,false,false,false,false
place_006a:route_cross_hx_32747,place_006a_included,route_cross_hx_32747,corridor_crossing_node,c_6,Wyrmford,hx_32747,route_feature,ford_or_crossing,Thorn Ford,Thorn Ford,Thorn Ford,included_in_source_candidate_lock_view,accepted_unchanged,,,visible_public_name,false,false,false,false,false,false,false,false,false,false,false
place_006a:route_cross_hx_32800,place_006a_included,route_cross_hx_32800,corridor_crossing_node,c_3,Merewatch,hx_32800,route_feature,ford_or_crossing,Fair Ford,Fair Ford,Fair Ford,included_in_source_candidate_lock_view,county_geometry_alignment_applied_2026_07_08,PNC-COUNTY-ALIGN-049,,visible_public_name,false,false,false,false,false,false,false,false,false,false,false
place_006a:route_cross_hx_33033,place_006a_included,route_cross_hx_33033,corridor_crossing_node,c_2,Larkspire,hx_33033,route_feature,ford_or_crossing,Orchard Crossing,Orchard Crossing,Orchard Crossing,included_in_source_candidate_lock_view,accepted_unchanged,,,visible_public_name,false,false,false,false,false,false,false,false,false,false,false
place_006a:route_cross_hx_33077,place_006a_included,route_cross_hx_33077,corridor_crossing_node,c_3,Merewatch,hx_33077,route_feature,ford_or_crossing,Deep Bridge,Deep Bridge,Deep Bridge,included_in_source_candidate_lock_view,county_geometry_alignment_applied_2026_07_08,PNC-COUNTY-ALIGN-050,,visible_public_name,false,false,false,false,false,false,false,false,false,false,false
place_006a:route_cross_hx_33088,place_006a_included,route_cross_hx_33088,corridor_crossing_node,c_3,Merewatch,hx_33088,route_feature,ford_or_crossing,Little Reed Bridge,Little Reed Bridge,Little Reed Bridge,included_in_source_candidate_lock_view,accepted_unchanged,,,visible_public_name,false,false,false,false,false,false,false,false,false,false,false
place_006a:route_cross_hx_33867,place_006a_included,route_cross_hx_33867,corridor_crossing_node,c_6,Wyrmford,hx_33867,route_feature,ford_or_crossing,Wood Bridge,Wood Bridge,Wood Bridge,included_in_source_candidate_lock_view,accepted_unchanged,,,visible_public_name,false,false,false,false,false,false,false,false,false,false,false
place_006a:route_cross_hx_34144,place_006a_included,route_cross_hx_34144,corridor_crossing_node,c_6,Wyrmford,hx_34144,route_feature,ford_or_crossing,Little Wheat Bridge,Little Wheat Bridge,Little Wheat Bridge,included_in_source_candidate_lock_view,accepted_unchanged,,,visible_public_name,false,false,false,false,false,false,false,false,false,false,false
place_006a:route_cross_hx_34491,place_006a_included,route_cross_hx_34491,corridor_crossing_node,c_3,Merewatch,hx_34491,route_feature,ford_or_crossing,Gorse Ford,Gorse Ford,Gorse Ford,included_in_source_candidate_lock_view,accepted_unchanged,,,visible_public_name,false,false,false,false,false,false,false,false,false,false,false
place_006a:route_cross_hx_35544,place_006a_included,route_cross_hx_35544,corridor_crossing_node,c_9,Eldham,hx_35544,route_feature,ford_or_crossing,Little Wood Bridge,Little Wood Bridge,Little Wood Bridge,included_in_source_candidate_lock_view,county_geometry_alignment_applied_2026_07_08,PNC-COUNTY-ALIGN-051,,visible_public_name,false,false,false,false,false,false,false,false,false,false,false
place_006a:route_cross_hx_35901,place_006a_included,route_cross_hx_35901,corridor_crossing_node,c_7,Crowmarsh,hx_35901,route_feature,ford_or_crossing,Little Field Bridge,Little Field Bridge,Little Field Bridge,included_in_source_candidate_lock_view,accepted_unchanged,,,visible_public_name,false,false,false,false,false,false,false,false,false,false,false
place_006a:route_cross_hx_36098,place_006a_included,route_cross_hx_36098,corridor_crossing_node,c_8,Dunmere,hx_36098,route_feature,ford_or_crossing,West Bridge,West Bridge,West Bridge,included_in_source_candidate_lock_view,accepted_unchanged,,,visible_public_name,false,false,false,false,false,false,false,false,false,false,false
place_006a:route_cross_hx_36102,place_006a_included,route_cross_hx_36102,corridor_crossing_node,c_8,Dunmere,hx_36102,route_feature,ford_or_crossing,Low Bridge,Low Bridge,Low Bridge,included_in_source_candidate_lock_view,accepted_unchanged,,,visible_public_name,false,false,false,false,false,false,false,false,false,false,false
place_006a:route_cross_hx_36178,place_006a_included,route_cross_hx_36178,corridor_crossing_node,c_7,Crowmarsh,hx_36178,route_feature,ford_or_crossing,Upper Field Bridge,Upper Field Bridge,Upper Field Bridge,included_in_source_candidate_lock_view,accepted_unchanged,,,visible_public_name,false,false,false,false,false,false,false,false,false,false,false
place_006a:route_cross_hx_36745,place_006a_included,route_cross_hx_36745,corridor_crossing_node,c_7,Crowmarsh,hx_36745,route_feature,ford_or_crossing,Grey Bridge,Grey Bridge,Grey Bridge,included_in_source_candidate_lock_view,accepted_unchanged,,,visible_public_name,false,false,false,false,false,false,false,false,false,false,false
place_006a:route_cross_hx_37497,place_006a_included,route_cross_hx_37497,corridor_crossing_node,c_8,Dunmere,hx_37497,route_feature,ford_or_crossing,Dun Bridge,Dun Bridge,Dun Bridge,included_in_source_candidate_lock_view,accepted_unchanged,,,visible_public_name,false,false,false,false,false,false,false,false,false,false,false
place_006a:route_cross_hx_38606,place_006a_included,route_cross_hx_38606,corridor_crossing_node,c_8,Dunmere,hx_38606,route_feature,ford_or_crossing,Rook Ford,Rook Ford,Rook Ford,included_in_source_candidate_lock_view,accepted_unchanged,,,visible_public_name,false,false,false,false,false,false,false,false,false,false,false
place_006a:route_cross_hx_38616,place_006a_included,route_cross_hx_38616,corridor_crossing_node,c_8,Dunmere,hx_38616,route_feature,ford_or_crossing,Upper Wood Bridge,Upper Wood Bridge,Upper Wood Bridge,included_in_source_candidate_lock_view,accepted_unchanged,,,visible_public_name,false,false,false,false,false,false,false,false,false,false,false
place_006a:route_cross_hx_38620,place_006a_included,route_cross_hx_38620,corridor_crossing_node,c_8,Dunmere,hx_38620,route_feature,ford_or_crossing,Sandbridge,Sandbridge,Sandbridge,included_in_source_candidate_lock_view,accepted_unchanged,,,visible_public_name,false,false,false,false,false,false,false,false,false,false,false
place_006a:route_cross_hx_38893,place_006a_included,route_cross_hx_38893,corridor_crossing_node,c_8,Dunmere,hx_38893,route_feature,ford_or_crossing,Keel Bridge,Keel Bridge,Keel Bridge,included_in_source_candidate_lock_view,accepted_unchanged,,,visible_public_name,false,false,false,false,false,false,false,false,false,false,false
place_006a:route_cross_hx_39442,place_006a_included,route_cross_hx_39442,corridor_crossing_node,c_8,Dunmere,hx_39442,route_feature,ford_or_crossing,Little Rook Ford,Little Rook Ford,Little Rook Ford,included_in_source_candidate_lock_view,accepted_unchanged,,,visible_public_name,false,false,false,false,false,false,false,false,false,false,false
place_006a:route_cross_hx_39450,place_006a_included,route_cross_hx_39450,corridor_crossing_node,c_8,Dunmere,hx_39450,route_feature,ford_or_crossing,Upper Wheat Bridge,Upper Wheat Bridge,Upper Wheat Bridge,included_in_source_candidate_lock_view,accepted_unchanged,,,visible_public_name,false,false,false,false,false,false,false,false,false,false,false
place_006a:route_cross_hx_40014,place_006a_included,route_cross_hx_40014,corridor_crossing_node,c_8,Dunmere,hx_40014,route_feature,ford_or_crossing,Little Hallow Ford,Little Hallow Ford,Little Hallow Ford,included_in_source_candidate_lock_view,accepted_unchanged,,,visible_public_name,false,false,false,false,false,false,false,false,false,false,false
place_006a:route_cross_hx_37305,place_006a_included,route_cross_hx_37305,corridor_crossing_node,c_7,Crowmarsh,hx_37305,route_feature,pass,Red Pass,Red Pass,Red Pass,included_in_source_candidate_lock_view,county_geometry_alignment_applied_2026_07_08,PNC-COUNTY-ALIGN-052,,visible_public_name,false,false,false,false,false,false,false,false,false,false,false
place_006a:route_cross_hx_38705,place_006a_included,route_cross_hx_38705,corridor_crossing_node,c_7,Crowmarsh,hx_38705,route_feature,pass,Reed Pass,Reed Pass,Reed Pass,included_in_source_candidate_lock_view,county_geometry_alignment_applied_2026_07_08,PNC-COUNTY-ALIGN-053,,visible_public_name,false,false,false,false,false,false,false,false,false,false,false
place_006a:route_cross_hx_40104,place_006a_included,route_cross_hx_40104,corridor_crossing_node,c_7,Crowmarsh,hx_40104,route_feature,pass,Rook Gap,Rook Gap,Rook Gap,included_in_source_candidate_lock_view,accepted_unchanged,,,visible_public_name,false,false,false,false,false,false,false,false,false,false,false
place_006a:route_cross_hx_41504,place_006a_included,route_cross_hx_41504,corridor_crossing_node,c_7,Crowmarsh,hx_41504,route_feature,pass,Rook Pass,Rook Pass,Rook Pass,included_in_source_candidate_lock_view,accepted_unchanged,,,visible_public_name,false,false,false,false,false,false,false,false,false,false,false
place_006a:route_cross_hx_42904,place_006a_included,route_cross_hx_42904,corridor_crossing_node,c_11,Glastonmere,hx_42904,route_feature,pass,Rowan Pass,Rowan Pass,Rowan Pass,included_in_source_candidate_lock_view,county_geometry_alignment_applied_2026_07_08,PNC-COUNTY-ALIGN-054,,visible_public_name,false,false,false,false,false,false,false,false,false,false,false
place_006a:route_cross_hx_44023,place_006a_included,route_cross_hx_44023,corridor_crossing_node,c_11,Glastonmere,hx_44023,route_feature,pass,Little Rowan Pass,Little Rowan Pass,Little Rowan Pass,included_in_source_candidate_lock_view,county_geometry_alignment_applied_2026_07_08,PNC-COUNTY-ALIGN-055,,visible_public_name,false,false,false,false,false,false,false,false,false,false,false
place_006a:route_cross_hx_45424,place_006a_included,route_cross_hx_45424,corridor_crossing_node,c_11,Glastonmere,hx_45424,route_feature,pass,Seven Pass,Seven Pass,Seven Pass,included_in_source_candidate_lock_view,county_geometry_alignment_applied_2026_07_08,PNC-COUNTY-ALIGN-056,,visible_public_name,false,false,false,false,false,false,false,false,false,false,false
place_006a:route_cross_hx_47666,place_006a_included,route_cross_hx_47666,corridor_crossing_node,c_11,Glastonmere,hx_47666,route_feature,pass,Thorn Pass,Thorn Pass,Thorn Pass,included_in_source_candidate_lock_view,county_geometry_alignment_applied_2026_07_08,PNC-COUNTY-ALIGN-057,,visible_public_name,false,false,false,false,false,false,false,false,false,false,false
place_006a:route_cross_hx_49066,place_006a_included,route_cross_hx_49066,corridor_crossing_node,c_11,Glastonmere,hx_49066,route_feature,pass,Oak Gate,Oak Gate,Oak Gate,included_in_source_candidate_lock_view,county_geometry_alignment_applied_2026_07_08,PNC-COUNTY-ALIGN-058,,visible_public_name,false,false,false,false,false,false,false,false,false,false,false
place_006a:route_cross_hx_50466,place_006a_included,route_cross_hx_50466,corridor_crossing_node,c_11,Glastonmere,hx_50466,route_feature,pass,Stan Gap,Stan Gap,Stan Gap,included_in_source_candidate_lock_view,county_geometry_alignment_applied_2026_07_08,PNC-COUNTY-ALIGN-059,,visible_public_name,false,false,false,false,false,false,false,false,false,false,false
place_006a:route_cross_hx_51585,place_006a_included,route_cross_hx_51585,corridor_crossing_node,c_0,Alderwick,hx_51585,route_feature,pass,North Alder Pass,North Alder Pass,North Alder Pass,included_in_source_candidate_lock_view,accepted_unchanged,,,visible_public_name,false,false,false,false,false,false,false,false,false,false,false
place_006a:route_cross_hx_52142,place_006a_included,route_cross_hx_52142,corridor_crossing_node,c_0,Alderwick,hx_52142,route_feature,pass,North King Gap,North King Gap,North King Gap,included_in_source_candidate_lock_view,accepted_unchanged,,,visible_public_name,false,false,false,false,false,false,false,false,false,false,false
place_006a:route_cross_hx_53261,place_006a_included,route_cross_hx_53261,corridor_crossing_node,c_0,Alderwick,hx_53261,route_feature,pass,Alden Gap,Alden Gap,Alden Gap,included_in_source_candidate_lock_view,accepted_unchanged,,,visible_public_name,false,false,false,false,false,false,false,false,false,false,false
place_006a:route_cross_hx_54663,place_006a_included,route_cross_hx_54663,corridor_crossing_node,c_0,Alderwick,hx_54663,route_feature,pass,Wheat Pass,Wheat Pass,Wheat Pass,included_in_source_candidate_lock_view,accepted_unchanged,,,visible_public_name,false,false,false,false,false,false,false,false,false,false,false
place_006a:route_cross_hx_55782,place_006a_included,route_cross_hx_55782,corridor_crossing_node,c_0,Alderwick,hx_55782,route_feature,pass,Little Wheat Pass,Little Wheat Pass,Little Wheat Pass,included_in_source_candidate_lock_view,accepted_unchanged,,,visible_public_name,false,false,false,false,false,false,false,false,false,false,false
place_006a:route_cross_hx_56619,place_006a_included,route_cross_hx_56619,corridor_crossing_node,c_0,Alderwick,hx_56619,route_feature,pass,West Pass,West Pass,West Pass,included_in_source_candidate_lock_view,accepted_unchanged,,,visible_public_name,false,false,false,false,false,false,false,false,false,false,false
place_006a:route_cross_hx_57175,place_006a_included,route_cross_hx_57175,corridor_crossing_node,c_14,Kestrelford,hx_57175,route_feature,pass,Keswick Gap,Keswick Gap,Keswick Gap,included_in_source_candidate_lock_view,accepted_unchanged,,,visible_public_name,false,false,false,false,false,false,false,false,false,false,false
place_006a:route_cross_hx_58286,place_006a_included,route_cross_hx_58286,corridor_crossing_node,c_14,Kestrelford,hx_58286,route_feature,pass,Cress Gap,Cress Gap,Cress Gap,included_in_source_candidate_lock_view,county_geometry_alignment_applied_2026_07_08,PNC-COUNTY-ALIGN-060,,visible_public_name,false,false,false,false,false,false,false,false,false,false,false
place_006a:route_cross_hx_58576,place_006a_included,route_cross_hx_58576,corridor_crossing_node,c_14,Kestrelford,hx_58576,route_feature,pass,Little West Pass,Little West Pass,Little West Pass,included_in_source_candidate_lock_view,county_geometry_alignment_applied_2026_07_08,PNC-COUNTY-ALIGN-061,,visible_public_name,false,false,false,false,false,false,false,false,false,false,false
place_006a:route_cross_hx_58851,place_006a_included,route_cross_hx_58851,corridor_crossing_node,c_14,Kestrelford,hx_58851,route_feature,pass,Little Seven Pass,Little Seven Pass,Little Seven Pass,included_in_source_candidate_lock_view,accepted_unchanged,,,visible_public_name,false,false,false,false,false,false,false,false,false,false,false
place_006a:place_stl_0,place_006a_included,place_stl_0,settlement,c_8,Dunmere,hx_39442,route_feature,port_or_landing,Fleming Hythe,Fleming Hythe,Fleming Hythe,included_in_source_candidate_lock_view,accepted_unchanged,,,visible_public_name,false,false,false,false,false,false,false,false,false,false,false
place_006a:route_corridor_node_hx_25194__node_hx_28841,place_006a_included,route_corridor_node_hx_25194__node_hx_28841,corridor_edge,c_1,Bramholt,hx_27157,route_feature,road_or_corridor,Larkspire Alder Road,Bramholt Alder Road,Bramholt Alder Road,included_in_source_candidate_lock_view,county_geometry_alignment_applied_2026_07_08,PNC-COUNTY-ALIGN-062,,visible_public_name,false,false,false,false,false,false,false,false,false,false,false
place_006a:route_corridor_node_hx_26317__node_hx_28841,place_006a_included,route_corridor_node_hx_26317__node_hx_28841,corridor_edge,c_1,Bramholt,hx_27718,route_feature,road_or_corridor,Larkspire Broad Causeway,Bramholt Broad Causeway,Bramholt Broad Causeway,included_in_source_candidate_lock_view,county_geometry_alignment_applied_2026_07_08,PNC-COUNTY-ALIGN-063,,visible_public_name,false,false,false,false,false,false,false,false,false,false,false
place_006a:route_corridor_node_hx_28569__node_hx_29133,place_006a_included,route_corridor_node_hx_28569__node_hx_29133,corridor_edge,c_1,Bramholt,hx_29412,route_feature,road_or_corridor,Bramholt Hazel Way,Bramholt Hazel Way,Bramholt Hazel Way,included_in_source_candidate_lock_view,accepted_unchanged,,,visible_public_name,false,false,false,false,false,false,false,false,false,false,false
place_006a:route_corridor_node_hx_28569__node_hx_29691,place_006a_included,route_corridor_node_hx_28569__node_hx_29691,corridor_edge,c_1,Bramholt,hx_29129,route_feature,road_or_corridor,Bramholt Grey Portway,Bramholt Grey Portway,Bramholt Grey Portway,included_in_source_candidate_lock_view,accepted_unchanged,,,visible_public_name,false,false,false,false,false,false,false,false,false,false,false
place_006a:route_corridor_node_hx_28841__node_hx_29119,place_006a_included,route_corridor_node_hx_28841__node_hx_29119,corridor_edge,c_1,Bramholt,hx_28839,route_feature,road_or_corridor,Larkspire Cedar Causeway,Bramholt Cedar Causeway,Bramholt Cedar Causeway,included_in_source_candidate_lock_view,county_geometry_alignment_applied_2026_07_08,PNC-COUNTY-ALIGN-064,,visible_public_name,false,false,false,false,false,false,false,false,false,false,false
place_006a:route_corridor_node_hx_28841__node_hx_29126,place_006a_included,route_corridor_node_hx_28841__node_hx_29126,corridor_edge,c_1,Bramholt,hx_28844,route_feature,road_or_corridor,Larkspire Fair Road,Bramholt Fair Road,Bramholt Fair Road,included_in_source_candidate_lock_view,county_geometry_alignment_applied_2026_07_08,PNC-COUNTY-ALIGN-065,,visible_public_name,false,false,false,false,false,false,false,false,false,false,false
place_006a:route_corridor_node_hx_28841__node_hx_29403,place_006a_included,route_corridor_node_hx_28841__node_hx_29403,corridor_edge,c_1,Bramholt,hx_29122,route_feature,road_or_corridor,Larkspire Fair Portway,Bramholt Fair Portway,Bramholt Fair Portway,included_in_source_candidate_lock_view,county_geometry_alignment_applied_2026_07_08,PNC-COUNTY-ALIGN-066,,visible_public_name,false,false,false,false,false,false,false,false,false,false,false
place_006a:route_corridor_node_hx_28841__node_hx_30238,place_006a_included,route_corridor_node_hx_28841__node_hx_30238,corridor_edge,c_1,Bramholt,hx_28836,route_feature,road_or_corridor,Little Larkspire Cedar Causeway,Little Bramholt Cedar Causeway,Little Bramholt Cedar Causeway,included_in_source_candidate_lock_view,county_geometry_alignment_applied_2026_07_08,PNC-COUNTY-ALIGN-067,,visible_public_name,false,false,false,false,false,false,false,false,false,false,false
place_006a:route_corridor_node_hx_29126__node_hx_29691,place_006a_included,route_corridor_node_hx_29126__node_hx_29691,corridor_edge,c_1,Bramholt,hx_29128,route_feature,road_or_corridor,Bramholt Hazel Portway,Bramholt Hazel Portway,Bramholt Hazel Portway,included_in_source_candidate_lock_view,accepted_unchanged,,,visible_public_name,false,false,false,false,false,false,false,false,false,false,false
place_006a:route_corridor_node_hx_29133__node_hx_29691,place_006a_included,route_corridor_node_hx_29133__node_hx_29691,corridor_edge,c_1,Bramholt,hx_29973,route_feature,road_or_corridor,Bramholt Hollow Way,Bramholt Hollow Way,Bramholt Hollow Way,included_in_source_candidate_lock_view,accepted_unchanged,,,visible_public_name,false,false,false,false,false,false,false,false,false,false,false
place_006a:route_corridor_node_hx_29133__node_hx_29698,place_006a_included,route_corridor_node_hx_29133__node_hx_29698,corridor_edge,c_1,Bramholt,hx_29976,route_feature,road_or_corridor,Bramholt Low Way,Bramholt Low Way,Bramholt Low Way,included_in_source_candidate_lock_view,accepted_unchanged,,,visible_public_name,false,false,false,false,false,false,false,false,false,false,false
place_006a:route_corridor_node_hx_29133__node_hx_30260,place_006a_included,route_corridor_node_hx_29133__node_hx_30260,corridor_edge,c_1,Bramholt,hx_30536,route_feature,road_or_corridor,Bramholt Low Causeway,Bramholt Low Causeway,Bramholt Low Causeway,included_in_source_candidate_lock_view,accepted_unchanged,,,visible_public_name,false,false,false,false,false,false,false,false,false,false,false
place_006a:route_corridor_node_hx_29133__node_hx_30262,place_006a_included,route_corridor_node_hx_29133__node_hx_30262,corridor_edge,c_1,Bramholt,hx_30537,route_feature,road_or_corridor,Bramholt Moor Road,Bramholt Moor Road,Bramholt Moor Road,included_in_source_candidate_lock_view,accepted_unchanged,,,visible_public_name,false,false,false,false,false,false,false,false,false,false,false
place_006a:route_corridor_node_hx_29133__node_hx_31094,place_006a_included,route_corridor_node_hx_29133__node_hx_31094,corridor_edge,c_1,Bramholt,hx_29973,route_feature,road_or_corridor,Little Bramholt Low Way,Little Bramholt Low Way,Little Bramholt Low Way,included_in_source_candidate_lock_view,accepted_unchanged,,,visible_public_name,false,false,false,false,false,false,false,false,false,false,false
place_006a:route_corridor_node_hx_29691__node_hx_31094,place_006a_included,route_corridor_node_hx_29691__node_hx_31094,corridor_edge,c_1,Bramholt,hx_30251,route_feature,road_or_corridor,Bramholt Long Road,Bramholt Long Road,Bramholt Long Road,included_in_source_candidate_lock_view,accepted_unchanged,,,visible_public_name,false,false,false,false,false,false,false,false,false,false,false
place_006a:route_corridor_node_hx_30260__node_hx_32219,place_006a_included,route_corridor_node_hx_30260__node_hx_32219,corridor_edge,c_1,Bramholt,hx_31099,route_feature,road_or_corridor,Bramholt Oak Way,Bramholt Oak Way,Bramholt Oak Way,included_in_source_candidate_lock_view,accepted_unchanged,,,visible_public_name,false,false,false,false,false,false,false,false,false,false,false
place_006a:route_corridor_node_hx_30262__node_hx_34487,place_006a_included,route_corridor_node_hx_30262__node_hx_34487,corridor_edge,c_3,Merewatch,hx_33633,route_feature,road_or_corridor,Orchardmere Rowan Road,Merewatch Rowan Road,Merewatch Rowan Road,included_in_source_candidate_lock_view,county_geometry_alignment_applied_2026_07_08,PNC-COUNTY-ALIGN-068,,visible_public_name,false,false,false,false,false,false,false,false,false,false,false
place_006a:route_corridor_node_hx_30262__node_hx_35602,place_006a_included,route_corridor_node_hx_30262__node_hx_35602,corridor_edge,c_3,Merewatch,hx_33071,route_feature,road_or_corridor,Orchardmere Rowan Portway,Merewatch Rowan Portway,Merewatch Rowan Portway,included_in_source_candidate_lock_view,county_geometry_alignment_applied_2026_07_08,PNC-COUNTY-ALIGN-069,,visible_public_name,false,false,false,false,false,false,false,false,false,false,false
place_006a:route_corridor_node_hx_31094__node_hx_32219,place_006a_included,route_corridor_node_hx_31094__node_hx_32219,corridor_edge,c_1,Bramholt,hx_31657,route_feature,road_or_corridor,Bramholt Old Causeway,Bramholt Old Causeway,Bramholt Old Causeway,included_in_source_candidate_lock_view,accepted_unchanged,,,visible_public_name,false,false,false,false,false,false,false,false,false,false,false
place_006a:route_corridor_node_hx_31094__node_hx_33900,place_006a_included,route_corridor_node_hx_31094__node_hx_33900,corridor_edge,c_1,Bramholt,hx_32495,route_feature,road_or_corridor,Little Bramholt Oak Way,Little Bramholt Oak Way,Little Bramholt Oak Way,included_in_source_candidate_lock_view,accepted_unchanged,,,visible_public_name,false,false,false,false,false,false,false,false,false,false,false
place_006a:route_corridor_node_hx_31636__node_hx_32760,place_006a_included,route_corridor_node_hx_31636__node_hx_32760,corridor_edge,c_2,Larkspire,hx_32198,route_feature,road_or_corridor,Larkspire High Way,Larkspire High Way,Larkspire High Way,included_in_source_candidate_lock_view,accepted_unchanged,,,visible_public_name,false,false,false,false,false,false,false,false,false,false,false
place_006a:route_corridor_node_hx_31648__node_hx_32485,place_006a_included,route_corridor_node_hx_31648__node_hx_32485,corridor_edge,c_2,Larkspire,hx_31926,route_feature,road_or_corridor,Larkspire Low Causeway,Larkspire Low Causeway,Larkspire Low Causeway,included_in_source_candidate_lock_view,accepted_unchanged,,,visible_public_name,false,false,false,false,false,false,false,false,false,false,false
place_006a:route_corridor_node_hx_31648__node_hx_33050,place_006a_included,route_corridor_node_hx_31648__node_hx_33050,corridor_edge,c_2,Larkspire,hx_32489,route_feature,road_or_corridor,Larkspire Moor Causeway,Larkspire Moor Causeway,Larkspire Moor Causeway,included_in_source_candidate_lock_view,accepted_unchanged,,,visible_public_name,false,false,false,false,false,false,false,false,false,false,false
place_006a:route_corridor_node_hx_32219__node_hx_33900,place_006a_included,route_corridor_node_hx_32219__node_hx_33900,corridor_edge,c_1,Bramholt,hx_33059,route_feature,road_or_corridor,Bramholt Reed Way,Bramholt Reed Way,Bramholt Reed Way,included_in_source_candidate_lock_view,accepted_unchanged,,,visible_public_name,false,false,false,false,false,false,false,false,false,false,false
place_006a:route_corridor_node_hx_32475__node_hx_32760,place_006a_included,route_corridor_node_hx_32475__node_hx_32760,corridor_edge,c_2,Larkspire,hx_32758,route_feature,road_or_corridor,Larkspire Hollow Way,Larkspire Hollow Way,Larkspire Hollow Way,included_in_source_candidate_lock_view,accepted_unchanged,,,visible_public_name,false,false,false,false,false,false,false,false,false,false,false
place_006a:route_corridor_node_hx_32485__node_hx_32760,place_006a_included,route_corridor_node_hx_32485__node_hx_32760,corridor_edge,c_2,Larkspire,hx_32763,route_feature,road_or_corridor,Larkspire Low Portway,Larkspire Low Portway,Larkspire Low Portway,included_in_source_candidate_lock_view,accepted_unchanged,,,visible_public_name,false,false,false,false,false,false,false,false,false,false,false
place_006a:route_corridor_node_hx_32485__node_hx_33050,place_006a_included,route_corridor_node_hx_32485__node_hx_33050,corridor_edge,c_2,Larkspire,hx_32488,route_feature,road_or_corridor,Larkspire Oak Way,Larkspire Oak Way,Larkspire Oak Way,included_in_source_candidate_lock_view,accepted_unchanged,,,visible_public_name,false,false,false,false,false,false,false,false,false,false,false
place_006a:route_corridor_node_hx_32485__node_hx_33886,place_006a_included,route_corridor_node_hx_32485__node_hx_33886,corridor_edge,c_2,Larkspire,hx_33325,route_feature,road_or_corridor,Larkspire Oak Portway,Larkspire Oak Portway,Larkspire Oak Portway,included_in_source_candidate_lock_view,accepted_unchanged,,,visible_public_name,false,false,false,false,false,false,false,false,false,false,false
place_006a:route_corridor_node_hx_32760__node_hx_33886,place_006a_included,route_corridor_node_hx_32760__node_hx_33886,corridor_edge,c_2,Larkspire,hx_33043,route_feature,road_or_corridor,Little Larkspire Moor Causeway,Little Larkspire Moor Causeway,Little Larkspire Moor Causeway,included_in_source_candidate_lock_view,accepted_unchanged,,,visible_public_name,false,false,false,false,false,false,false,false,false,false,false
place_006a:route_corridor_node_hx_32760__node_hx_35003,place_006a_included,route_corridor_node_hx_32760__node_hx_35003,corridor_edge,c_2,Larkspire,hx_33882,route_feature,road_or_corridor,Upper Larkspire Moor Causeway,Upper Larkspire Moor Causeway,Upper Larkspire Moor Causeway,included_in_source_candidate_lock_view,accepted_unchanged,,,visible_public_name,false,false,false,false,false,false,false,false,false,false,false
place_006a:route_corridor_node_hx_32800__node_hx_34201,place_006a_included,route_corridor_node_hx_32800__node_hx_34201,corridor_edge,c_3,Merewatch,hx_33641,route_feature,road_or_corridor,Merewatch Wheat Causeway,Merewatch Wheat Causeway,Merewatch Wheat Causeway,included_in_source_candidate_lock_view,accepted_unchanged,,,visible_public_name,false,false,false,false,false,false,false,false,false,false,false
place_006a:route_corridor_node_hx_33002__node_hx_34404,place_006a_included,route_corridor_node_hx_33002__node_hx_34404,corridor_edge,c_8,Dunmere,hx_33842,route_feature,road_or_corridor,Dunmere Ash Road,Dunmere Ash Road,Dunmere Ash Road,included_in_source_candidate_lock_view,accepted_unchanged,,,visible_public_name,false,false,false,false,false,false,false,false,false,false,false
place_006a:route_corridor_node_hx_33050__node_hx_33886,place_006a_included,route_corridor_node_hx_33050__node_hx_33886,corridor_edge,c_2,Larkspire,hx_33046,route_feature,road_or_corridor,Larkspire Red Way,Larkspire Red Way,Larkspire Red Way,included_in_source_candidate_lock_view,accepted_unchanged,,,visible_public_name,false,false,false,false,false,false,false,false,false,false,false
place_006a:route_corridor_node_hx_33050__node_hx_33900,place_006a_included,route_corridor_node_hx_33050__node_hx_33900,corridor_edge,c_2,Larkspire,hx_33055,route_feature,road_or_corridor,Larkspire Rowan Portway,Larkspire Rowan Portway,Larkspire Rowan Portway,included_in_source_candidate_lock_view,accepted_unchanged,,,visible_public_name,false,false,false,false,false,false,false,false,false,false,false
place_006a:route_corridor_node_hx_33077__node_hx_34196,place_006a_included,route_corridor_node_hx_33077__node_hx_34196,corridor_edge,c_3,Merewatch,hx_33636,route_feature,road_or_corridor,Orchardmere White Way,Merewatch White Way,Merewatch White Way,included_in_source_candidate_lock_view,county_geometry_alignment_applied_2026_07_08,PNC-COUNTY-ALIGN-070,,visible_public_name,false,false,false,false,false,false,false,false,false,false,false
place_006a:route_corridor_node_hx_33077__node_hx_34201,place_006a_included,route_corridor_node_hx_33077__node_hx_34201,corridor_edge,c_3,Merewatch,hx_33640,route_feature,road_or_corridor,Merewatch Willow Causeway,Merewatch Willow Causeway,Merewatch Willow Causeway,included_in_source_candidate_lock_view,accepted_unchanged,,,visible_public_name,false,false,false,false,false,false,false,false,false,false,false
place_006a:route_corridor_node_hx_33077__node_hx_35602,place_006a_included,route_corridor_node_hx_33077__node_hx_35602,corridor_edge,c_3,Merewatch,hx_34201,route_feature,road_or_corridor,Merewatch Wood Road,Merewatch Wood Road,Merewatch Wood Road,included_in_source_candidate_lock_view,accepted_unchanged,,,visible_public_name,false,false,false,false,false,false,false,false,false,false,false
place_006a:route_corridor_node_hx_33083__node_hx_34487,place_006a_included,route_corridor_node_hx_33083__node_hx_34487,corridor_edge,c_3,Merewatch,hx_33925,route_feature,road_or_corridor,Merewatch Wold Way,Merewatch Wold Way,Merewatch Wold Way,included_in_source_candidate_lock_view,accepted_unchanged,,,visible_public_name,false,false,false,false,false,false,false,false,false,false,false
place_006a:route_corridor_node_hx_33088__node_hx_34487,place_006a_included,route_corridor_node_hx_33088__node_hx_34487,corridor_edge,c_3,Merewatch,hx_33647,route_feature,road_or_corridor,Merewatch Green Road,Merewatch Green Road,Merewatch Green Road,included_in_source_candidate_lock_view,accepted_unchanged,,,visible_public_name,false,false,false,false,false,false,false,false,false,false,false
place_006a:route_corridor_node_hx_33867__node_hx_36396,place_006a_included,route_corridor_node_hx_33867__node_hx_36396,corridor_edge,c_4,Northwych,hx_34991,route_feature,road_or_corridor,Wyrmford Moor Way,Northwych Moor Way,Northwych Moor Way,included_in_source_candidate_lock_view,county_geometry_alignment_applied_2026_07_08,PNC-COUNTY-ALIGN-071,,visible_public_name,false,false,false,false,false,false,false,false,false,false,false
place_006a:route_corridor_node_hx_33886__node_hx_35003,place_006a_included,route_corridor_node_hx_33886__node_hx_35003,corridor_edge,c_2,Larkspire,hx_33883,route_feature,road_or_corridor,Larkspire Reed Causeway,Larkspire Reed Causeway,Larkspire Reed Causeway,included_in_source_candidate_lock_view,accepted_unchanged,,,visible_public_name,false,false,false,false,false,false,false,false,false,false,false
place_006a:route_corridor_node_hx_33900__node_hx_36989,place_006a_included,route_corridor_node_hx_33900__node_hx_36989,corridor_edge,c_5,Orchardmere,hx_35303,route_feature,road_or_corridor,Larkspire Thorn Portway,Orchardmere Thorn Portway,Orchardmere Thorn Portway,included_in_source_candidate_lock_view,county_geometry_alignment_applied_2026_07_08,PNC-COUNTY-ALIGN-072,,visible_public_name,false,false,false,false,false,false,false,false,false,false,false
place_006a:route_corridor_node_hx_34157__node_hx_35003,place_006a_included,route_corridor_node_hx_34157__node_hx_35003,corridor_edge,c_4,Northwych,hx_34160,route_feature,road_or_corridor,Larkspire Reed Way,Northwych Reed Way,Northwych Reed Way,included_in_source_candidate_lock_view,county_geometry_alignment_applied_2026_07_08,PNC-COUNTY-ALIGN-073,,visible_public_name,false,false,false,false,false,false,false,false,false,false,false
place_006a:route_corridor_node_hx_34196__node_hx_34201,place_006a_included,route_corridor_node_hx_34196__node_hx_34201,corridor_edge,c_3,Merewatch,hx_34199,route_feature,road_or_corridor,Little Merewatch Wold Way,Little Merewatch Wold Way,Little Merewatch Wold Way,included_in_source_candidate_lock_view,accepted_unchanged,,,visible_public_name,false,false,false,false,false,false,false,false,false,false,false
place_006a:route_corridor_node_hx_34196__node_hx_35602,place_006a_included,route_corridor_node_hx_34196__node_hx_35602,corridor_edge,c_3,Merewatch,hx_34759,route_feature,road_or_corridor,Merewatch Green Causeway,Merewatch Green Causeway,Merewatch Green Causeway,included_in_source_candidate_lock_view,accepted_unchanged,,,visible_public_name,false,false,false,false,false,false,false,false,false,false,false
place_006a:route_corridor_node_hx_34196__node_hx_36998,place_006a_included,route_corridor_node_hx_34196__node_hx_36998,corridor_edge,c_3,Merewatch,hx_35598,route_feature,road_or_corridor,Orchardmere Green Causeway,Watchbury Green Causeway,Watchbury Green Causeway,included_in_source_candidate_lock_view,county_geometry_alignment_applied_2026_07_08,PNC-COUNTY-ALIGN-074,,visible_public_name,false,false,false,false,false,false,false,false,false,false,false
place_006a:route_corridor_node_hx_34201__node_hx_35602,place_006a_included,route_corridor_node_hx_34201__node_hx_35602,corridor_edge,c_3,Merewatch,hx_34761,route_feature,road_or_corridor,Merewatch Hallow Causeway,Merewatch Hallow Causeway,Merewatch Hallow Causeway,included_in_source_candidate_lock_view,accepted_unchanged,,,visible_public_name,false,false,false,false,false,false,false,false,false,false,false
place_006a:route_corridor_node_hx_34404__node_hx_35807,place_006a_included,route_corridor_node_hx_34404__node_hx_35807,corridor_edge,c_8,Dunmere,hx_35245,route_feature,road_or_corridor,Dunmere Grey Portway,Dunmere Grey Portway,Dunmere Grey Portway,included_in_source_candidate_lock_view,accepted_unchanged,,,visible_public_name,false,false,false,false,false,false,false,false,false,false,false
place_006a:route_corridor_node_hx_34404__node_hx_37497,place_006a_included,route_corridor_node_hx_34404__node_hx_37497,corridor_edge,c_8,Dunmere,hx_36371,route_feature,road_or_corridor,Dunmere High Causeway,Dunmere High Causeway,Dunmere High Causeway,included_in_source_candidate_lock_view,accepted_unchanged,,,visible_public_name,false,false,false,false,false,false,false,false,false,false,false
place_006a:route_corridor_node_hx_34487__node_hx_34491,place_006a_included,route_corridor_node_hx_34487__node_hx_34491,corridor_edge,c_3,Merewatch,hx_34489,route_feature,road_or_corridor,Merewatch King Way,Merewatch King Way,Merewatch King Way,included_in_source_candidate_lock_view,accepted_unchanged,,,visible_public_name,false,false,false,false,false,false,false,false,false,false,false
place_006a:route_corridor_node_hx_34487__node_hx_35602,place_006a_included,route_corridor_node_hx_34487__node_hx_35602,corridor_edge,c_3,Merewatch,hx_34482,route_feature,road_or_corridor,Merewatch Hart Portway,Merewatch Hart Portway,Merewatch Hart Portway,included_in_source_candidate_lock_view,accepted_unchanged,,,visible_public_name,false,false,false,false,false,false,false,false,false,false,false
place_006a:route_corridor_node_hx_34487__node_hx_39260,place_006a_included,route_corridor_node_hx_34487__node_hx_39260,corridor_edge,c_7,Crowmarsh,hx_37012,route_feature,road_or_corridor,Crowmarsh Kern Ridgeway,Crowmarsh Kern Ridgeway,Crowmarsh Kern Ridgeway,included_in_source_candidate_lock_view,accepted_unchanged,,,visible_public_name,false,false,false,false,false,false,false,false,false,false,false
place_006a:route_corridor_node_hx_35003__node_hx_37816,place_006a_included,route_corridor_node_hx_35003__node_hx_37816,corridor_edge,c_2,Larkspire,hx_35849,route_feature,road_or_corridor,Larkspire Stone Road,Larkspire Stone Road,Larkspire Stone Road,included_in_source_candidate_lock_view,accepted_unchanged,,,visible_public_name,false,false,false,false,false,false,false,false,false,false,false
place_006a:route_corridor_node_hx_35003__node_hx_38085,place_006a_included,route_corridor_node_hx_35003__node_hx_38085,corridor_edge,c_4,Northwych,hx_36403,route_feature,road_or_corridor,Wyrmford Silver Portway,Northwych Silver Portway,Northwych Silver Portway,included_in_source_candidate_lock_view,county_geometry_alignment_applied_2026_07_08,PNC-COUNTY-ALIGN-075,,visible_public_name,false,false,false,false,false,false,false,false,false,false,false
place_006a:route_corridor_node_hx_35544__node_hx_35821,place_006a_included,route_corridor_node_hx_35544__node_hx_35821,corridor_edge,c_9,Eldham,hx_36104,route_feature,road_or_corridor,Wyrmford Red Way,Eldham Red Way,Eldham Red Way,included_in_source_candidate_lock_view,county_geometry_alignment_applied_2026_07_08,PNC-COUNTY-ALIGN-076,,visible_public_name,false,false,false,false,false,false,false,false,false,false,false
place_006a:route_corridor_node_hx_35544__node_hx_36102,place_006a_included,route_corridor_node_hx_35544__node_hx_36102,corridor_edge,c_9,Eldham,hx_36104,route_feature,road_or_corridor,Wyrmford Red Causeway,Eldham Red Causeway,Eldham Red Causeway,included_in_source_candidate_lock_view,county_geometry_alignment_applied_2026_07_08,PNC-COUNTY-ALIGN-077,,visible_public_name,false,false,false,false,false,false,false,false,false,false,false
place_006a:route_corridor_node_hx_35602__node_hx_36998,place_006a_included,route_corridor_node_hx_35602__node_hx_36998,corridor_edge,c_3,Merewatch,hx_36160,route_feature,road_or_corridor,Orchardmere Field Portway,Merewatch Field Portway,Merewatch Field Portway,included_in_source_candidate_lock_view,county_geometry_alignment_applied_2026_07_08,PNC-COUNTY-ALIGN-078,,visible_public_name,false,false,false,false,false,false,false,false,false,false,false
place_006a:route_corridor_node_hx_35602__node_hx_39260,place_006a_included,route_corridor_node_hx_35602__node_hx_39260,corridor_edge,c_7,Crowmarsh,hx_36731,route_feature,road_or_corridor,Merewatch Broad Portway,Crowmarsh Broad Portway,Crowmarsh Broad Portway,included_in_source_candidate_lock_view,county_geometry_alignment_applied_2026_07_08,PNC-COUNTY-ALIGN-079,,visible_public_name,false,false,false,false,false,false,false,false,false,false,false
place_006a:route_corridor_node_hx_35807__node_hx_37497,place_006a_included,route_corridor_node_hx_35807__node_hx_37497,corridor_edge,c_8,Dunmere,hx_36652,route_feature,road_or_corridor,Dunmere Moor Way,Dunmere Moor Way,Dunmere Moor Way,included_in_source_candidate_lock_view,accepted_unchanged,,,visible_public_name,false,false,false,false,false,false,false,false,false,false,false
place_006a:route_corridor_node_hx_35821__node_hx_36098,place_006a_included,route_corridor_node_hx_35821__node_hx_36098,corridor_edge,c_8,Dunmere,hx_35538,route_feature,road_or_corridor,Dunmere Old Road,Dunmere Old Road,Dunmere Old Road,included_in_source_candidate_lock_view,accepted_unchanged,,,visible_public_name,false,false,false,false,false,false,false,false,false,false,false
place_006a:route_corridor_node_hx_35821__node_hx_36102,place_006a_included,route_corridor_node_hx_35821__node_hx_36102,corridor_edge,c_8,Dunmere,hx_36102,route_feature,road_or_corridor,Dunmere Reed Way,Dunmere Reed Way,Dunmere Reed Way,included_in_source_candidate_lock_view,accepted_unchanged,,,visible_public_name,false,false,false,false,false,false,false,false,false,false,false
place_006a:route_corridor_node_hx_36098__node_hx_36102,place_006a_included,route_corridor_node_hx_36098__node_hx_36102,corridor_edge,c_8,Dunmere,hx_35539,route_feature,road_or_corridor,Dunmere Red Portway,Dunmere Red Portway,Dunmere Red Portway,included_in_source_candidate_lock_view,accepted_unchanged,,,visible_public_name,false,false,false,false,false,false,false,false,false,false,false
place_006a:route_corridor_node_hx_36098__node_hx_37497,place_006a_included,route_corridor_node_hx_36098__node_hx_37497,corridor_edge,c_8,Dunmere,hx_36375,route_feature,road_or_corridor,Little Dunmere Old Road,Little Dunmere Old Road,Little Dunmere Old Road,included_in_source_candidate_lock_view,accepted_unchanged,,,visible_public_name,false,false,false,false,false,false,false,false,false,false,false
place_006a:route_corridor_node_hx_36396__node_hx_37233,place_006a_included,route_corridor_node_hx_36396__node_hx_37233,corridor_edge,c_4,Northwych,hx_37236,route_feature,road_or_corridor,Wyrmford Stone Causeway,Northwych Stone Causeway,Northwych Stone Causeway,included_in_source_candidate_lock_view,county_geometry_alignment_applied_2026_07_08,PNC-COUNTY-ALIGN-080,,visible_public_name,false,false,false,false,false,false,false,false,false,false,false
place_006a:route_corridor_node_hx_36396__node_hx_37798,place_006a_included,route_corridor_node_hx_36396__node_hx_37798,corridor_edge,c_4,Northwych,hx_37236,route_feature,road_or_corridor,Wyrmford Stone Portway,Northwych Stone Portway,Northwych Stone Portway,included_in_source_candidate_lock_view,county_geometry_alignment_applied_2026_07_08,PNC-COUNTY-ALIGN-081,,visible_public_name,false,false,false,false,false,false,false,false,false,false,false
place_006a:route_corridor_node_hx_36396__node_hx_38085,place_006a_included,route_corridor_node_hx_36396__node_hx_38085,corridor_edge,c_4,Northwych,hx_37240,route_feature,road_or_corridor,Wyrmford West Road,Northwych West Road,Northwych West Road,included_in_source_candidate_lock_view,county_geometry_alignment_applied_2026_07_08,PNC-COUNTY-ALIGN-082,,visible_public_name,false,false,false,false,false,false,false,false,false,false,false
place_006a:route_corridor_node_hx_37233__node_hx_37798,place_006a_included,route_corridor_node_hx_37233__node_hx_37798,corridor_edge,c_4,Northwych,hx_37236,route_feature,road_or_corridor,Wyrmford Thorn Way,Northwych Thorn Way,Northwych Thorn Way,included_in_source_candidate_lock_view,county_geometry_alignment_applied_2026_07_08,PNC-COUNTY-ALIGN-083,,visible_public_name,false,false,false,false,false,false,false,false,false,false,false
place_006a:route_corridor_node_hx_37233__node_hx_38917,place_006a_included,route_corridor_node_hx_37233__node_hx_38917,corridor_edge,c_9,Eldham,hx_38074,route_feature,road_or_corridor,Wyrmford Stone Road,Eldham Stone Road,Eldham Stone Road,included_in_source_candidate_lock_view,county_geometry_alignment_applied_2026_07_08,PNC-COUNTY-ALIGN-084,,visible_public_name,false,false,false,false,false,false,false,false,false,false,false
place_006a:route_corridor_node_hx_37497__node_hx_38340,place_006a_included,route_corridor_node_hx_37497__node_hx_38340,corridor_edge,c_8,Dunmere,hx_38059,route_feature,road_or_corridor,Dunmere Rowan Causeway,Dunmere Rowan Causeway,Dunmere Rowan Causeway,included_in_source_candidate_lock_view,accepted_unchanged,,,visible_public_name,false,false,false,false,false,false,false,false,false,false,false
place_006a:route_corridor_node_hx_37497__node_hx_38616,place_006a_included,route_corridor_node_hx_37497__node_hx_38616,corridor_edge,c_8,Dunmere,hx_38056,route_feature,road_or_corridor,Dunmere Rook Road,Dunmere Rook Road,Dunmere Rook Road,included_in_source_candidate_lock_view,accepted_unchanged,,,visible_public_name,false,false,false,false,false,false,false,false,false,false,false
place_006a:route_corridor_node_hx_37497__node_hx_38620,place_006a_included,route_corridor_node_hx_37497__node_hx_38620,corridor_edge,c_8,Dunmere,hx_38058,route_feature,road_or_corridor,Dunmere Rowan Portway,Dunmere Rowan Portway,Dunmere Rowan Portway,included_in_source_candidate_lock_view,accepted_unchanged,,,visible_public_name,false,false,false,false,false,false,false,false,false,false,false
place_006a:route_corridor_node_hx_37497__node_hx_39744,place_006a_included,route_corridor_node_hx_37497__node_hx_39744,corridor_edge,c_9,Eldham,hx_38342,route_feature,road_or_corridor,Dunmere Seven Road,Eldham Seven Road,Eldham Seven Road,included_in_source_candidate_lock_view,county_geometry_alignment_applied_2026_07_08,PNC-COUNTY-ALIGN-085,,visible_public_name,false,false,false,false,false,false,false,false,false,false,false
place_006a:route_corridor_node_hx_37798__node_hx_38085,place_006a_included,route_corridor_node_hx_37798__node_hx_38085,corridor_edge,c_4,Northwych,hx_37801,route_feature,road_or_corridor,Wyrmford Wheat Road,Northwych Wheat Road,Northwych Wheat Road,included_in_source_candidate_lock_view,county_geometry_alignment_applied_2026_07_08,PNC-COUNTY-ALIGN-086,,visible_public_name,false,false,false,false,false,false,false,false,false,false,false
place_006a:route_corridor_node_hx_37798__node_hx_38917,place_006a_included,route_corridor_node_hx_37798__node_hx_38917,corridor_edge,c_9,Eldham,hx_38357,route_feature,road_or_corridor,Wyrmford White Way,Eldham White Way,Eldham White Way,included_in_source_candidate_lock_view,county_geometry_alignment_applied_2026_07_08,PNC-COUNTY-ALIGN-087,,visible_public_name,false,false,false,false,false,false,false,false,false,false,false
place_006a:route_corridor_node_hx_37816__node_hx_38085,place_006a_included,route_corridor_node_hx_37816__node_hx_38085,corridor_edge,c_4,Northwych,hx_37810,route_feature,road_or_corridor,Wyrmford Green Portway,Northwych Green Portway,Northwych Green Portway,included_in_source_candidate_lock_view,county_geometry_alignment_applied_2026_07_08,PNC-COUNTY-ALIGN-088,,visible_public_name,false,false,false,false,false,false,false,false,false,false,false
place_006a:route_corridor_node_hx_37858__node_hx_39260,place_006a_included,route_corridor_node_hx_37858__node_hx_39260,corridor_edge,c_7,Crowmarsh,hx_38698,route_feature,road_or_corridor,Crowmarsh Long Road,Crowmarsh Long Road,Crowmarsh Long Road,included_in_source_candidate_lock_view,accepted_unchanged,,,visible_public_name,false,false,false,false,false,false,false,false,false,false,false
place_006a:route_corridor_node_hx_38085__node_hx_39221,place_006a_included,route_corridor_node_hx_38085__node_hx_39221,corridor_edge,c_10,Falkenford,hx_38093,route_feature,road_or_corridor,Wyrmford Gold Road,Falkenford Gold Road,Falkenford Gold Road,included_in_source_candidate_lock_view,county_geometry_alignment_applied_2026_07_08,PNC-COUNTY-ALIGN-089,,visible_public_name,false,false,false,false,false,false,false,false,false,false,false
place_006a:route_corridor_node_hx_38340__node_hx_38616,place_006a_included,route_corridor_node_hx_38340__node_hx_38616,corridor_edge,c_8,Dunmere,hx_38337,route_feature,road_or_corridor,Dunmere Seven Way,Dunmere Seven Way,Dunmere Seven Way,included_in_source_candidate_lock_view,accepted_unchanged,,,visible_public_name,false,false,false,false,false,false,false,false,false,false,false
place_006a:route_corridor_node_hx_38340__node_hx_38620,place_006a_included,route_corridor_node_hx_38340__node_hx_38620,corridor_edge,c_8,Dunmere,hx_38620,route_feature,road_or_corridor,Dunmere Silver Way,Dunmere Silver Way,Dunmere Silver Way,included_in_source_candidate_lock_view,accepted_unchanged,,,visible_public_name,false,false,false,false,false,false,false,false,false,false,false
place_006a:route_corridor_node_hx_38340__node_hx_39744,place_006a_included,route_corridor_node_hx_38340__node_hx_39744,corridor_edge,c_8,Dunmere,hx_38902,route_feature,road_or_corridor,Dunmere Stone Road,Dunmere Stone Road,Dunmere Stone Road,included_in_source_candidate_lock_view,accepted_unchanged,,,visible_public_name,false,false,false,false,false,false,false,false,false,false,false
place_006a:route_corridor_node_hx_38616__node_hx_38620,place_006a_included,route_corridor_node_hx_38616__node_hx_38620,corridor_edge,c_8,Dunmere,hx_38338,route_feature,road_or_corridor,Little Dunmere Silver Way,Little Dunmere Silver Way,Little Dunmere Silver Way,included_in_source_candidate_lock_view,accepted_unchanged,,,visible_public_name,false,false,false,false,false,false,false,false,false,false,false
place_006a:route_corridor_node_hx_38620__node_hx_39744,place_006a_included,route_corridor_node_hx_38620__node_hx_39744,corridor_edge,c_9,Eldham,hx_39182,route_feature,road_or_corridor,Dunmere Thorn Causeway,Eldham Thorn Causeway,Eldham Thorn Causeway,included_in_source_candidate_lock_view,county_geometry_alignment_applied_2026_07_08,PNC-COUNTY-ALIGN-090,,visible_public_name,false,false,false,false,false,false,false,false,false,false,false
place_006a:route_corridor_node_hx_38705__node_hx_39260,place_006a_included,route_corridor_node_hx_38705__node_hx_39260,corridor_edge,c_7,Crowmarsh,hx_38702,route_feature,road_or_corridor,Crowmarsh Old Portway,Crowmarsh Old Portway,Crowmarsh Old Portway,included_in_source_candidate_lock_view,accepted_unchanged,,,visible_public_name,false,false,false,false,false,false,false,false,false,false,false
place_006a:route_corridor_node_hx_38705__node_hx_40104,place_006a_included,route_corridor_node_hx_38705__node_hx_40104,corridor_edge,c_7,Crowmarsh,hx_38982,route_feature,road_or_corridor,Crowmarsh Old Road,Crowmarsh Old Road,Crowmarsh Old Road,included_in_source_candidate_lock_view,accepted_unchanged,,,visible_public_name,false,false,false,false,false,false,false,false,false,false,false
place_006a:route_corridor_node_hx_38910__node_hx_38917,place_006a_included,route_corridor_node_hx_38910__node_hx_38917,corridor_edge,c_9,Eldham,hx_38914,route_feature,road_or_corridor,Wyrmford Wood Way,Candleminster Wood Way,Candleminster Wood Way,included_in_source_candidate_lock_view,county_geometry_alignment_applied_2026_07_08,PNC-COUNTY-ALIGN-091,,visible_public_name,false,false,false,false,false,false,false,false,false,false,false
place_006a:route_corridor_node_hx_38910__node_hx_39755,place_006a_included,route_corridor_node_hx_38910__node_hx_39755,corridor_edge,c_9,Eldham,hx_39193,route_feature,road_or_corridor,Dunmere Wood Way,Eldbury Wood Way,Eldbury Wood Way,included_in_source_candidate_lock_view,county_geometry_alignment_applied_2026_07_08,PNC-COUNTY-ALIGN-092,,visible_public_name,false,false,false,false,false,false,false,false,false,false,false
place_006a:route_corridor_node_hx_38910__node_hx_40312,place_006a_included,route_corridor_node_hx_38910__node_hx_40312,corridor_edge,c_9,Eldham,hx_39752,route_feature,road_or_corridor,Little Dunmere Wood Way,Little Eldham Wood Way,Little Eldham Wood Way,included_in_source_candidate_lock_view,county_geometry_alignment_applied_2026_07_08,PNC-COUNTY-ALIGN-093,,visible_public_name,false,false,false,false,false,false,false,false,false,false,false
place_006a:route_corridor_node_hx_38917__node_hx_39755,place_006a_included,route_corridor_node_hx_38917__node_hx_39755,corridor_edge,c_9,Eldham,hx_39195,route_feature,road_or_corridor,Eldham Wold Way,Eldham Wold Way,Eldham Wold Way,included_in_source_candidate_lock_view,accepted_unchanged,,,visible_public_name,false,false,false,false,false,false,false,false,false,false,false
place_006a:route_corridor_node_hx_39260__node_hx_40104,place_006a_included,route_corridor_node_hx_39260__node_hx_40104,corridor_edge,c_7,Crowmarsh,hx_39542,route_feature,road_or_corridor,Crowmarsh Reed Way,Crowmarsh Reed Way,Crowmarsh Reed Way,included_in_source_candidate_lock_view,accepted_unchanged,,,visible_public_name,false,false,false,false,false,false,false,false,false,false,false
place_006a:route_corridor_node_hx_39260__node_hx_40658,place_006a_included,route_corridor_node_hx_39260__node_hx_40658,corridor_edge,c_7,Crowmarsh,hx_39538,route_feature,road_or_corridor,Crowmarsh Red Causeway,Crowmarsh Red Causeway,Crowmarsh Red Causeway,included_in_source_candidate_lock_view,accepted_unchanged,,,visible_public_name,false,false,false,false,false,false,false,false,false,false,false
place_006a:route_corridor_node_hx_39260__node_hx_42899,place_006a_included,route_corridor_node_hx_39260__node_hx_42899,corridor_edge,c_7,Crowmarsh,hx_40939,route_feature,road_or_corridor,Crowmarsh Reed Road,Crowmarsh Reed Road,Crowmarsh Reed Road,included_in_source_candidate_lock_view,accepted_unchanged,,,visible_public_name,false,false,false,false,false,false,false,false,false,false,false
place_006a:route_corridor_node_hx_39744__node_hx_39755,place_006a_included,route_corridor_node_hx_39744__node_hx_39755,corridor_edge,c_9,Eldham,hx_39750,route_feature,road_or_corridor,Dunmere Wold Road,Eldham Wold Road,Eldham Wold Road,included_in_source_candidate_lock_view,county_geometry_alignment_applied_2026_07_08,PNC-COUNTY-ALIGN-094,,visible_public_name,false,false,false,false,false,false,false,false,false,false,false
place_006a:route_corridor_node_hx_39744__node_hx_40312,place_006a_included,route_corridor_node_hx_39744__node_hx_40312,corridor_edge,c_9,Eldham,hx_39748,route_feature,road_or_corridor,Dunmere Wold Portway,Eldham Wold Portway,Eldham Wold Portway,included_in_source_candidate_lock_view,county_geometry_alignment_applied_2026_07_08,PNC-COUNTY-ALIGN-095,,visible_public_name,false,false,false,false,false,false,false,false,false,false,false
place_006a:route_corridor_node_hx_39755__node_hx_40312,place_006a_included,route_corridor_node_hx_39755__node_hx_40312,corridor_edge,c_9,Eldham,hx_39752,route_feature,road_or_corridor,Dunmere Green Road,Eldham Green Road,Eldham Green Road,included_in_source_candidate_lock_view,county_geometry_alignment_applied_2026_07_08,PNC-COUNTY-ALIGN-096,,visible_public_name,false,false,false,false,false,false,false,false,false,false,false
place_006a:route_corridor_node_hx_40104__node_hx_40658,place_006a_included,route_corridor_node_hx_40104__node_hx_40658,corridor_edge,c_7,Crowmarsh,hx_40100,route_feature,road_or_corridor,Crowmarsh Rook Way,Crowmarsh Rook Way,Crowmarsh Rook Way,included_in_source_candidate_lock_view,accepted_unchanged,,,visible_public_name,false,false,false,false,false,false,false,false,false,false,false
place_006a:route_corridor_node_hx_40104__node_hx_41504,place_006a_included,route_corridor_node_hx_40104__node_hx_41504,corridor_edge,c_7,Crowmarsh,hx_40663,route_feature,road_or_corridor,Crowmarsh Rush Way,Crowmarsh Rush Way,Crowmarsh Rush Way,included_in_source_candidate_lock_view,accepted_unchanged,,,visible_public_name,false,false,false,false,false,false,false,false,false,false,false
place_006a:route_corridor_node_hx_40658__node_hx_41504,place_006a_included,route_corridor_node_hx_40658__node_hx_41504,corridor_edge,c_7,Crowmarsh,hx_40661,route_feature,road_or_corridor,Crowmarsh Rowan Road,Crowmarsh Rowan Road,Crowmarsh Rowan Road,included_in_source_candidate_lock_view,accepted_unchanged,,,visible_public_name,false,false,false,false,false,false,false,false,false,false,false
place_006a:route_corridor_node_hx_40658__node_hx_42899,place_006a_included,route_corridor_node_hx_40658__node_hx_42899,corridor_edge,c_7,Crowmarsh,hx_41778,route_feature,road_or_corridor,Crowmarsh Rowan Causeway,Crowmarsh Rowan Causeway,Crowmarsh Rowan Causeway,included_in_source_candidate_lock_view,accepted_unchanged,,,visible_public_name,false,false,false,false,false,false,false,false,false,false,false
place_006a:route_corridor_node_hx_42899__node_hx_42904,place_006a_included,route_corridor_node_hx_42899__node_hx_42904,corridor_edge,c_7,Crowmarsh,hx_42902,route_feature,road_or_corridor,Falkenford Rush Portway,Crowmarsh Rush Portway,Crowmarsh Rush Portway,included_in_source_candidate_lock_view,county_geometry_alignment_applied_2026_07_08,PNC-COUNTY-ALIGN-097,,visible_public_name,false,false,false,false,false,false,false,false,false,false,false
place_006a:route_corridor_node_hx_42899__node_hx_43168,place_006a_included,route_corridor_node_hx_42899__node_hx_43168,corridor_edge,c_11,Glastonmere,hx_42893,route_feature,road_or_corridor,Falkenford Rook Portway,Glastonmere Rook Portway,Glastonmere Rook Portway,included_in_source_candidate_lock_view,county_geometry_alignment_applied_2026_07_08,PNC-COUNTY-ALIGN-098,,visible_public_name,false,false,false,false,false,false,false,false,false,false,false
place_006a:route_corridor_node_hx_42899__node_hx_44023,place_006a_included,route_corridor_node_hx_42899__node_hx_44023,corridor_edge,c_11,Glastonmere,hx_43461,route_feature,road_or_corridor,Falkenford Seven Road,Glastonmere Seven Road,Glastonmere Seven Road,included_in_source_candidate_lock_view,county_geometry_alignment_applied_2026_07_08,PNC-COUNTY-ALIGN-099,,visible_public_name,false,false,false,false,false,false,false,false,false,false,false
place_006a:route_corridor_node_hx_42899__node_hx_45424,place_006a_included,route_corridor_node_hx_42899__node_hx_45424,corridor_edge,c_11,Glastonmere,hx_44019,route_feature,road_or_corridor,Alderwick Rush Portway,Glastonmere Rush Portway,Glastonmere Rush Portway,included_in_source_candidate_lock_view,county_geometry_alignment_applied_2026_07_08,PNC-COUNTY-ALIGN-100,,visible_public_name,false,false,false,false,false,false,false,false,false,false,false
place_006a:route_corridor_node_hx_42899__node_hx_47662,place_006a_included,route_corridor_node_hx_42899__node_hx_47662,corridor_edge,c_11,Glastonmere,hx_45421,route_feature,road_or_corridor,Alderwick Seven Causeway,Glastonmere Seven Causeway,Glastonmere Seven Causeway,included_in_source_candidate_lock_view,county_geometry_alignment_applied_2026_07_08,PNC-COUNTY-ALIGN-101,,visible_public_name,false,false,false,false,false,false,false,false,false,false,false
place_006a:route_corridor_node_hx_43168__node_hx_44573,place_006a_included,route_corridor_node_hx_43168__node_hx_44573,corridor_edge,c_11,Glastonmere,hx_44011,route_feature,road_or_corridor,Glastonmere Rook Way,Glastonmere Rook Way,Glastonmere Rook Way,included_in_source_candidate_lock_view,accepted_unchanged,,,visible_public_name,false,false,false,false,false,false,false,false,false,false,false
place_006a:route_corridor_node_hx_43168__node_hx_45974,place_006a_included,route_corridor_node_hx_43168__node_hx_45974,corridor_edge,c_11,Glastonmere,hx_44569,route_feature,road_or_corridor,Falkenford Rook Road,Glastonmere Rook Road,Glastonmere Rook Road,included_in_source_candidate_lock_view,county_geometry_alignment_applied_2026_07_08,PNC-COUNTY-ALIGN-102,,visible_public_name,false,false,false,false,false,false,false,false,false,false,false
place_006a:route_corridor_node_hx_44573__node_hx_45424,place_006a_included,route_corridor_node_hx_44573__node_hx_45424,corridor_edge,c_11,Glastonmere,hx_44579,route_feature,road_or_corridor,Glastonmere Silver Portway,Glastonmere Silver Portway,Glastonmere Silver Portway,included_in_source_candidate_lock_view,accepted_unchanged,,,visible_public_name,false,false,false,false,false,false,false,false,false,false,false
place_006a:route_corridor_node_hx_44573__node_hx_45974,place_006a_included,route_corridor_node_hx_44573__node_hx_45974,corridor_edge,c_11,Glastonmere,hx_45413,route_feature,road_or_corridor,Glastonmere Rush Causeway,Glastonmere Rush Causeway,Glastonmere Rush Causeway,included_in_source_candidate_lock_view,accepted_unchanged,,,visible_public_name,false,false,false,false,false,false,false,false,false,false,false
place_006a:route_corridor_node_hx_45974__node_hx_47652,place_006a_included,route_corridor_node_hx_45974__node_hx_47652,corridor_edge,c_11,Glastonmere,hx_46532,route_feature,road_or_corridor,Alderwick Rush Causeway,Stoneham Rush Causeway,Stoneham Rush Causeway,included_in_source_candidate_lock_view,county_geometry_alignment_applied_2026_07_08,PNC-COUNTY-ALIGN-103,,visible_public_name,false,false,false,false,false,false,false,false,false,false,false
place_006a:route_corridor_node_hx_45974__node_hx_47662,place_006a_included,route_corridor_node_hx_45974__node_hx_47662,corridor_edge,c_11,Glastonmere,hx_46538,route_feature,road_or_corridor,Glastonmere Silver Way,Glastonmere Silver Way,Glastonmere Silver Way,included_in_source_candidate_lock_view,accepted_unchanged,,,visible_public_name,false,false,false,false,false,false,false,false,false,false,false
place_006a:route_corridor_node_hx_47652__node_hx_47662,place_006a_included,route_corridor_node_hx_47652__node_hx_47662,corridor_edge,c_11,Glastonmere,hx_47657,route_feature,road_or_corridor,Alderwick Silver Way,Stanmere Silver Way,Stanmere Silver Way,included_in_source_candidate_lock_view,county_geometry_alignment_applied_2026_07_08,PNC-COUNTY-ALIGN-104,,visible_public_name,false,false,false,false,false,false,false,false,false,false,false
place_006a:route_corridor_node_hx_47652__node_hx_49063,place_006a_included,route_corridor_node_hx_47652__node_hx_49063,corridor_edge,c_0,Alderwick,hx_47658,route_feature,road_or_corridor,Alderwick Stone Portway,Alderwick Stone Portway,Alderwick Stone Portway,included_in_source_candidate_lock_view,accepted_unchanged,,,visible_public_name,false,false,false,false,false,false,false,false,false,false,false
place_006a:route_corridor_node_hx_47662__node_hx_47666,place_006a_included,route_corridor_node_hx_47662__node_hx_47666,corridor_edge,c_11,Glastonmere,hx_47664,route_feature,road_or_corridor,Alderwick West Causeway,Glastonmere West Causeway,Glastonmere West Causeway,included_in_source_candidate_lock_view,county_geometry_alignment_applied_2026_07_08,PNC-COUNTY-ALIGN-105,,visible_public_name,false,false,false,false,false,false,false,false,false,false,false
place_006a:route_corridor_node_hx_47662__node_hx_49063,place_006a_included,route_corridor_node_hx_47662__node_hx_49063,corridor_edge,c_11,Glastonmere,hx_48502,route_feature,road_or_corridor,Alderwick West Way,Glastonmere West Way,Glastonmere West Way,included_in_source_candidate_lock_view,county_geometry_alignment_applied_2026_07_08,PNC-COUNTY-ALIGN-106,,visible_public_name,false,false,false,false,false,false,false,false,false,false,false
place_006a:route_corridor_node_hx_47662__node_hx_49066,place_006a_included,route_corridor_node_hx_47662__node_hx_49066,corridor_edge,c_11,Glastonmere,hx_48504,route_feature,road_or_corridor,Alderwick White Road,Glastonmere White Road,Glastonmere White Road,included_in_source_candidate_lock_view,county_geometry_alignment_applied_2026_07_08,PNC-COUNTY-ALIGN-107,,visible_public_name,false,false,false,false,false,false,false,false,false,false,false
place_006a:route_corridor_node_hx_47662__node_hx_50742,place_006a_included,route_corridor_node_hx_47662__node_hx_50742,corridor_edge,c_0,Alderwick,hx_49342,route_feature,road_or_corridor,Harrowfield White Portway,Alderwick White Portway,Alderwick White Portway,included_in_source_candidate_lock_view,county_geometry_alignment_applied_2026_07_08,PNC-COUNTY-ALIGN-108,,visible_public_name,false,false,false,false,false,false,false,false,false,false,false
place_006a:route_corridor_node_hx_47666__node_hx_49066,place_006a_included,route_corridor_node_hx_47666__node_hx_49066,corridor_edge,c_11,Glastonmere,hx_48225,route_feature,road_or_corridor,Alderwick Wheat Portway,Glastonmere Wheat Portway,Glastonmere Wheat Portway,included_in_source_candidate_lock_view,county_geometry_alignment_applied_2026_07_08,PNC-COUNTY-ALIGN-109,,visible_public_name,false,false,false,false,false,false,false,false,false,false,false
place_006a:route_corridor_node_hx_47880__node_hx_48176,place_006a_included,route_corridor_node_hx_47880__node_hx_48176,corridor_edge,c_12,Harrowfield,hx_47888,route_feature,road_or_corridor,Eldham Hazel Portway,Harrowfield Hazel Portway,Harrowfield Hazel Portway,included_in_source_candidate_lock_view,county_geometry_alignment_applied_2026_07_08,PNC-COUNTY-ALIGN-110,,visible_public_name,false,false,false,false,false,false,false,false,false,false,false
place_006a:route_corridor_node_hx_47880__node_hx_48450,place_006a_included,route_corridor_node_hx_47880__node_hx_48450,corridor_edge,c_12,Harrowfield,hx_47885,route_feature,road_or_corridor,Eldham Hazel Way,Harrowfield Hazel Way,Harrowfield Hazel Way,included_in_source_candidate_lock_view,county_geometry_alignment_applied_2026_07_08,PNC-COUNTY-ALIGN-111,,visible_public_name,false,false,false,false,false,false,false,false,false,false,false
place_006a:route_corridor_node_hx_47880__node_hx_48725,place_006a_included,route_corridor_node_hx_47880__node_hx_48725,corridor_edge,c_12,Harrowfield,hx_48163,route_feature,road_or_corridor,Eldham Grey Road,Harrowfield Grey Road,Harrowfield Grey Road,included_in_source_candidate_lock_view,county_geometry_alignment_applied_2026_07_08,PNC-COUNTY-ALIGN-112,,visible_public_name,false,false,false,false,false,false,false,false,false,false,false
place_006a:route_corridor_node_hx_48176__node_hx_48450,place_006a_included,route_corridor_node_hx_48176__node_hx_48450,corridor_edge,c_12,Harrowfield,hx_48172,route_feature,road_or_corridor,Eldham Long Causeway,Harrowfield Long Causeway,Harrowfield Long Causeway,included_in_source_candidate_lock_view,county_geometry_alignment_applied_2026_07_08,PNC-COUNTY-ALIGN-113,,visible_public_name,false,false,false,false,false,false,false,false,false,false,false
place_006a:route_corridor_node_hx_48176__node_hx_48725,place_006a_included,route_corridor_node_hx_48176__node_hx_48725,corridor_edge,c_12,Harrowfield,hx_48169,route_feature,road_or_corridor,Eldham Hollow Road,Harrowfield Hollow Road,Harrowfield Hollow Road,included_in_source_candidate_lock_view,county_geometry_alignment_applied_2026_07_08,PNC-COUNTY-ALIGN-114,,visible_public_name,false,false,false,false,false,false,false,false,false,false,false
place_006a:route_corridor_node_hx_48176__node_hx_49581,place_006a_included,route_corridor_node_hx_48176__node_hx_49581,corridor_edge,c_13,Ivydale,hx_49019,route_feature,road_or_corridor,Eldham Oak Portway,Ivydale Oak Portway,Ivydale Oak Portway,included_in_source_candidate_lock_view,county_geometry_alignment_applied_2026_07_08,PNC-COUNTY-ALIGN-115,,visible_public_name,false,false,false,false,false,false,false,false,false,false,false
place_006a:route_corridor_node_hx_48176__node_hx_51274,place_006a_included,route_corridor_node_hx_48176__node_hx_51274,corridor_edge,c_13,Ivydale,hx_48745,route_feature,road_or_corridor,Eldham Red Causeway,Ivydale Red Causeway,Ivydale Red Causeway,included_in_source_candidate_lock_view,county_geometry_alignment_applied_2026_07_08,PNC-COUNTY-ALIGN-116,,visible_public_name,false,false,false,false,false,false,false,false,false,false,false
place_006a:route_corridor_node_hx_48450__node_hx_48725,place_006a_included,route_corridor_node_hx_48450__node_hx_48725,corridor_edge,c_12,Harrowfield,hx_48447,route_feature,road_or_corridor,Eldham Hollow Way,Harrowfield Hollow Way,Harrowfield Hollow Way,included_in_source_candidate_lock_view,county_geometry_alignment_applied_2026_07_08,PNC-COUNTY-ALIGN-117,,visible_public_name,false,false,false,false,false,false,false,false,false,false,false
place_006a:route_corridor_node_hx_48450__node_hx_49581,place_006a_included,route_corridor_node_hx_48450__node_hx_49581,corridor_edge,c_13,Ivydale,hx_48455,route_feature,road_or_corridor,Eldham Moor Causeway,Ivydale Moor Causeway,Ivydale Moor Causeway,included_in_source_candidate_lock_view,county_geometry_alignment_applied_2026_07_08,PNC-COUNTY-ALIGN-118,,visible_public_name,false,false,false,false,false,false,false,false,false,false,false
place_006a:route_corridor_node_hx_49063__node_hx_49066,place_006a_included,route_corridor_node_hx_49063__node_hx_49066,corridor_edge,c_11,Glastonmere,hx_49065,route_feature,road_or_corridor,Harrowfield Wold Way,Glastonmere Wold Way,Glastonmere Wold Way,included_in_source_candidate_lock_view,county_geometry_alignment_applied_2026_07_08,PNC-COUNTY-ALIGN-119,,visible_public_name,false,false,false,false,false,false,false,false,false,false,false
place_006a:route_corridor_node_hx_49063__node_hx_50466,place_006a_included,route_corridor_node_hx_49063__node_hx_50466,corridor_edge,c_0,Alderwick,hx_49904,route_feature,road_or_corridor,Alderwick Wold Way,Alderwick Wold Way,Alderwick Wold Way,included_in_source_candidate_lock_view,accepted_unchanged,,,visible_public_name,false,false,false,false,false,false,false,false,false,false,false
place_006a:route_corridor_node_hx_49063__node_hx_50742,place_006a_included,route_corridor_node_hx_49063__node_hx_50742,corridor_edge,c_11,Glastonmere,hx_49902,route_feature,road_or_corridor,Harrowfield Wold Road,Glastonmere Wold Road,Glastonmere Wold Road,included_in_source_candidate_lock_view,county_geometry_alignment_applied_2026_07_08,PNC-COUNTY-ALIGN-120,,visible_public_name,false,false,false,false,false,false,false,false,false,false,false
place_006a:route_corridor_node_hx_49066__node_hx_50466,place_006a_included,route_corridor_node_hx_49066__node_hx_50466,corridor_edge,c_0,Alderwick,hx_49625,route_feature,road_or_corridor,Alderwick Green Road,Alderwick Green Road,Alderwick Green Road,included_in_source_candidate_lock_view,accepted_unchanged,,,visible_public_name,false,false,false,false,false,false,false,false,false,false,false
place_006a:route_corridor_node_hx_50466__node_hx_50742,place_006a_included,route_corridor_node_hx_50466__node_hx_50742,corridor_edge,c_11,Glastonmere,hx_50183,route_feature,road_or_corridor,Harrowfield Green Portway,Glastonmere Green Portway,Glastonmere Green Portway,included_in_source_candidate_lock_view,county_geometry_alignment_applied_2026_07_08,PNC-COUNTY-ALIGN-121,,visible_public_name,false,false,false,false,false,false,false,false,false,false,false
place_006a:route_corridor_node_hx_50466__node_hx_51585,place_006a_included,route_corridor_node_hx_50466__node_hx_51585,corridor_edge,c_0,Alderwick,hx_50464,route_feature,road_or_corridor,Alderwick Hallow Way,Alderwick Hallow Way,Alderwick Hallow Way,included_in_source_candidate_lock_view,accepted_unchanged,,,visible_public_name,false,false,false,false,false,false,false,false,false,false,false
place_006a:route_corridor_node_hx_50742__node_hx_51580,place_006a_included,route_corridor_node_hx_50742__node_hx_51580,corridor_edge,c_0,Alderwick,hx_51020,route_feature,road_or_corridor,Alderwick Green Causeway,Alderwick Green Causeway,Alderwick Green Causeway,included_in_source_candidate_lock_view,accepted_unchanged,,,visible_public_name,false,false,false,false,false,false,false,false,false,false,false
place_006a:route_corridor_node_hx_50742__node_hx_51585,place_006a_included,route_corridor_node_hx_50742__node_hx_51585,corridor_edge,c_0,Alderwick,hx_51304,route_feature,road_or_corridor,Alderwick Hallow Portway,Alderwick Hallow Portway,Alderwick Hallow Portway,included_in_source_candidate_lock_view,accepted_unchanged,,,visible_public_name,false,false,false,false,false,false,false,false,false,false,false
place_006a:route_corridor_node_hx_50742__node_hx_52142,place_006a_included,route_corridor_node_hx_50742__node_hx_52142,corridor_edge,c_0,Alderwick,hx_51301,route_feature,road_or_corridor,Little Alderwick Hallow Way,Little Alderwick Hallow Way,Little Alderwick Hallow Way,included_in_source_candidate_lock_view,accepted_unchanged,,,visible_public_name,false,false,false,false,false,false,false,false,false,false,false
place_006a:route_corridor_node_hx_51274__node_hx_52689,place_006a_included,route_corridor_node_hx_51274__node_hx_52689,corridor_edge,c_14,Kestrelford,hx_51282,route_feature,road_or_corridor,Alderwick White Portway,Kestrelford White Portway,Kestrelford White Portway,included_in_source_candidate_lock_view,county_geometry_alignment_applied_2026_07_08,PNC-COUNTY-ALIGN-122,,visible_public_name,false,false,false,false,false,false,false,false,false,false,false
place_006a:route_corridor_node_hx_51580__node_hx_51585,place_006a_included,route_corridor_node_hx_51580__node_hx_51585,corridor_edge,c_0,Alderwick,hx_51302,route_feature,road_or_corridor,Alderwick Gold Road,Alderwick Gold Road,Alderwick Gold Road,included_in_source_candidate_lock_view,accepted_unchanged,,,visible_public_name,false,false,false,false,false,false,false,false,false,false,false
place_006a:route_corridor_node_hx_51580__node_hx_52142,place_006a_included,route_corridor_node_hx_51580__node_hx_52142,corridor_edge,c_0,Alderwick,hx_51861,route_feature,road_or_corridor,Little Alderwick Gold Road,Little Alderwick Gold Road,Little Alderwick Gold Road,included_in_source_candidate_lock_view,accepted_unchanged,,,visible_public_name,false,false,false,false,false,false,false,false,false,false,false
place_006a:route_corridor_node_hx_51580__node_hx_52418,place_006a_included,route_corridor_node_hx_51580__node_hx_52418,corridor_edge,c_0,Alderwick,hx_51578,route_feature,road_or_corridor,Alderwick Hallow Causeway,Alderwick Hallow Causeway,Alderwick Hallow Causeway,included_in_source_candidate_lock_view,accepted_unchanged,,,visible_public_name,false,false,false,false,false,false,false,false,false,false,false
place_006a:route_corridor_node_hx_51585__node_hx_52142,place_006a_included,route_corridor_node_hx_51585__node_hx_52142,corridor_edge,c_0,Alderwick,hx_51302,route_feature,road_or_corridor,Alderwick Hart Portway,Alderwick Hart Portway,Alderwick Hart Portway,included_in_source_candidate_lock_view,accepted_unchanged,,,visible_public_name,false,false,false,false,false,false,false,false,false,false,false
place_006a:route_corridor_node_hx_52142__node_hx_52418,place_006a_included,route_corridor_node_hx_52142__node_hx_52418,corridor_edge,c_0,Alderwick,hx_52140,route_feature,road_or_corridor,Alderwick Gold Causeway,Alderwick Gold Causeway,Alderwick Gold Causeway,included_in_source_candidate_lock_view,accepted_unchanged,,,visible_public_name,false,false,false,false,false,false,false,false,false,false,false
place_006a:route_corridor_node_hx_52142__node_hx_53261,place_006a_included,route_corridor_node_hx_52142__node_hx_53261,corridor_edge,c_0,Alderwick,hx_52420,route_feature,road_or_corridor,Little Alderwick Hart Portway,Little Alderwick Hart Portway,Little Alderwick Hart Portway,included_in_source_candidate_lock_view,accepted_unchanged,,,visible_public_name,false,false,false,false,false,false,false,false,false,false,false
place_006a:route_corridor_node_hx_52418__node_hx_52689,place_006a_included,route_corridor_node_hx_52418__node_hx_52689,corridor_edge,c_0,Alderwick,hx_52413,route_feature,road_or_corridor,Upper Alderwick Hallow Way,Upper Alderwick Hallow Way,Upper Alderwick Hallow Way,included_in_source_candidate_lock_view,accepted_unchanged,,,visible_public_name,false,false,false,false,false,false,false,false,false,false,false
place_006a:route_corridor_node_hx_52418__node_hx_53261,place_006a_included,route_corridor_node_hx_52418__node_hx_53261,corridor_edge,c_0,Alderwick,hx_52980,route_feature,road_or_corridor,Alderwick Hart Way,Alderwick Hart Way,Alderwick Hart Way,included_in_source_candidate_lock_view,accepted_unchanged,,,visible_public_name,false,false,false,false,false,false,false,false,false,false,false
place_006a:route_corridor_node_hx_52418__node_hx_54379,place_006a_included,route_corridor_node_hx_52418__node_hx_54379,corridor_edge,c_0,Alderwick,hx_53538,route_feature,road_or_corridor,Alderwick Hart Road,Alderwick Hart Road,Alderwick Hart Road,included_in_source_candidate_lock_view,accepted_unchanged,,,visible_public_name,false,false,false,false,false,false,false,false,false,false,false
place_006a:route_corridor_node_hx_52689__node_hx_54094,place_006a_included,route_corridor_node_hx_52689__node_hx_54094,corridor_edge,c_14,Kestrelford,hx_53532,route_feature,road_or_corridor,Little Alderwick Hallow Portway,Little Kestrelford Hallow Portway,Little Kestrelford Hallow Portway,included_in_source_candidate_lock_view,county_geometry_alignment_applied_2026_07_08,PNC-COUNTY-ALIGN-123,,visible_public_name,false,false,false,false,false,false,false,false,false,false,false
place_006a:route_corridor_node_hx_52689__node_hx_54379,place_006a_included,route_corridor_node_hx_52689__node_hx_54379,corridor_edge,c_0,Alderwick,hx_52974,route_feature,road_or_corridor,Little Alderwick Gold Causeway,Little Alderwick Gold Causeway,Little Alderwick Gold Causeway,included_in_source_candidate_lock_view,accepted_unchanged,,,visible_public_name,false,false,false,false,false,false,false,false,false,false,false
place_006a:route_corridor_node_hx_53261__node_hx_54663,place_006a_included,route_corridor_node_hx_53261__node_hx_54663,corridor_edge,c_0,Alderwick,hx_53820,route_feature,road_or_corridor,Alderwick King Way,Alderwick King Way,Alderwick King Way,included_in_source_candidate_lock_view,accepted_unchanged,,,visible_public_name,false,false,false,false,false,false,false,false,false,false,false
place_006a:route_corridor_node_hx_54094__node_hx_54379,place_006a_included,route_corridor_node_hx_54094__node_hx_54379,corridor_edge,c_0,Alderwick,hx_54097,route_feature,road_or_corridor,Ivydale Field Portway,Alderwick Field Portway,Alderwick Field Portway,included_in_source_candidate_lock_view,county_geometry_alignment_applied_2026_07_08,PNC-COUNTY-ALIGN-124,,visible_public_name,false,false,false,false,false,false,false,false,false,false,false
place_006a:route_corridor_node_hx_54094__node_hx_55495,place_006a_included,route_corridor_node_hx_54094__node_hx_55495,corridor_edge,c_14,Kestrelford,hx_54934,route_feature,road_or_corridor,Little Alderwick Hart Way,Little Kestrelford Hart Way,Little Kestrelford Hart Way,included_in_source_candidate_lock_view,county_geometry_alignment_applied_2026_07_08,PNC-COUNTY-ALIGN-125,,visible_public_name,false,false,false,false,false,false,false,false,false,false,false
place_006a:route_corridor_node_hx_54379__node_hx_54663,place_006a_included,route_corridor_node_hx_54379__node_hx_54663,corridor_edge,c_0,Alderwick,hx_54381,route_feature,road_or_corridor,Ivydale Ash Way,Alderwick Ash Way,Alderwick Ash Way,included_in_source_candidate_lock_view,county_geometry_alignment_applied_2026_07_08,PNC-COUNTY-ALIGN-126,,visible_public_name,false,false,false,false,false,false,false,false,false,false,false
place_006a:route_corridor_node_hx_54379__node_hx_55495,place_006a_included,route_corridor_node_hx_54379__node_hx_55495,corridor_edge,c_14,Kestrelford,hx_54375,route_feature,road_or_corridor,Alderwick Field Road,Kestrelford Field Road,Kestrelford Field Road,included_in_source_candidate_lock_view,county_geometry_alignment_applied_2026_07_08,PNC-COUNTY-ALIGN-127,,visible_public_name,false,false,false,false,false,false,false,false,false,false,false
place_006a:route_corridor_node_hx_54379__node_hx_55782,place_006a_included,route_corridor_node_hx_54379__node_hx_55782,corridor_edge,c_0,Alderwick,hx_55221,route_feature,road_or_corridor,Alderwick Alder Portway,Alderwick Alder Portway,Alderwick Alder Portway,included_in_source_candidate_lock_view,accepted_unchanged,,,visible_public_name,false,false,false,false,false,false,false,false,false,false,false
place_006a:route_corridor_node_hx_54379__node_hx_56332,place_006a_included,route_corridor_node_hx_54379__node_hx_56332,corridor_edge,c_14,Kestrelford,hx_54372,route_feature,road_or_corridor,Alderwick Field Portway,Kestrelford Field Portway,Kestrelford Field Portway,included_in_source_candidate_lock_view,county_geometry_alignment_applied_2026_07_08,PNC-COUNTY-ALIGN-128,,visible_public_name,false,false,false,false,false,false,false,false,false,false,false
place_006a:route_corridor_node_hx_55495__node_hx_56332,place_006a_included,route_corridor_node_hx_55495__node_hx_56332,corridor_edge,c_14,Kestrelford,hx_55492,route_feature,road_or_corridor,Little Alderwick Field Road,Little Kestrelford Field Road,Little Kestrelford Field Road,included_in_source_candidate_lock_view,county_geometry_alignment_applied_2026_07_08,PNC-COUNTY-ALIGN-129,,visible_public_name,false,false,false,false,false,false,false,false,false,false,false
place_006a:route_corridor_node_hx_55495__node_hx_56619,place_006a_included,route_corridor_node_hx_55495__node_hx_56619,corridor_edge,c_0,Alderwick,hx_56057,route_feature,road_or_corridor,Alderwick Elm Drove,Alderwick Elm Drove,Alderwick Elm Drove,included_in_source_candidate_lock_view,accepted_unchanged,,,visible_public_name,false,false,false,false,false,false,false,false,false,false,false
place_006a:route_corridor_node_hx_55495__node_hx_57175,place_006a_included,route_corridor_node_hx_55495__node_hx_57175,corridor_edge,c_14,Kestrelford,hx_56054,route_feature,road_or_corridor,Alderwick Ash Road,Kestrelcote Ash Road,Kestrelcote Ash Road,included_in_source_candidate_lock_view,county_geometry_alignment_applied_2026_07_08,PNC-COUNTY-ALIGN-130,,visible_public_name,false,false,false,false,false,false,false,false,false,false,false
place_006a:route_corridor_node_hx_56332__node_hx_56619,place_006a_included,route_corridor_node_hx_56332__node_hx_56619,corridor_edge,c_0,Alderwick,hx_56336,route_feature,road_or_corridor,Kestrelford Alder Portway,West Pass Alder Portway,West Pass Alder Portway,included_in_source_candidate_lock_view,county_geometry_alignment_applied_2026_07_08,PNC-COUNTY-ALIGN-131,,visible_public_name,false,false,false,false,false,false,false,false,false,false,false
place_006a:route_corridor_node_hx_56332__node_hx_57175,place_006a_included,route_corridor_node_hx_56332__node_hx_57175,corridor_edge,c_14,Kestrelford,hx_56894,route_feature,road_or_corridor,Kestrelford Laurel Causeway,Kestrelford Laurel Causeway,Kestrelford Laurel Causeway,included_in_source_candidate_lock_view,accepted_unchanged,,,visible_public_name,false,false,false,false,false,false,false,false,false,false,false
place_006a:route_corridor_node_hx_56332__node_hx_58286,place_006a_included,route_corridor_node_hx_56332__node_hx_58286,corridor_edge,c_14,Kestrelford,hx_57731,route_feature,road_or_corridor,Kestrelford Ash Road,Kestrelford Ash Road,Kestrelford Ash Road,included_in_source_candidate_lock_view,accepted_unchanged,,,visible_public_name,false,false,false,false,false,false,false,false,false,false,false
place_006a:route_corridor_node_hx_56332__node_hx_58576,place_006a_included,route_corridor_node_hx_56332__node_hx_58576,corridor_edge,c_14,Kestrelford,hx_57453,route_feature,road_or_corridor,Little Kestrelford Alder Portway,Little Kestrelford Alder Portway,Little Kestrelford Alder Portway,included_in_source_candidate_lock_view,accepted_unchanged,,,visible_public_name,false,false,false,false,false,false,false,false,false,false,false
place_006a:route_corridor_node_hx_56332__node_hx_58851,place_006a_included,route_corridor_node_hx_56332__node_hx_58851,corridor_edge,c_14,Kestrelford,hx_57451,route_feature,road_or_corridor,Little Kestrelford Ash Causeway,Little Kestrelford Ash Causeway,Little Kestrelford Ash Causeway,included_in_source_candidate_lock_view,accepted_unchanged,,,visible_public_name,false,false,false,false,false,false,false,false,false,false,false
place_006a:route_corridor_node_hx_56619__node_hx_57175,place_006a_included,route_corridor_node_hx_56619__node_hx_57175,corridor_edge,c_0,Alderwick,hx_56335,route_feature,road_or_corridor,Kestrelford Broad Portway,Alderwick Broad Portway,Alderwick Broad Portway,included_in_source_candidate_lock_view,county_geometry_alignment_applied_2026_07_08,PNC-COUNTY-ALIGN-132,,visible_public_name,false,false,false,false,false,false,false,false,false,false,false
place_006a:route_corridor_node_hx_57175__node_hx_58576,place_006a_included,route_corridor_node_hx_57175__node_hx_58576,corridor_edge,c_14,Kestrelford,hx_58015,route_feature,road_or_corridor,Kestrelford Broad Road,Kestrelford Broad Road,Kestrelford Broad Road,included_in_source_candidate_lock_view,accepted_unchanged,,,visible_public_name,false,false,false,false,false,false,false,false,false,false,false
place_006a_held:church_stl_10,place_006a_held_deferred,church_stl_10,settlement,,,hx_72112,church_anchor,abbey_or_priory,Kenelm's Abbey,Kenelm's Abbey,Kenelm's Abbey,included_in_working_authority_name_closure,approved_blank_name_closure_applied,V04-PLACE-MANOR-LCU-BLANK-NAME-AND-QA-PERSON-NAME-CLOSURE-MATERIALIZATION-001,,visible_public_name,false,false,false,false,false,false,false,false,false,false,false
place_006a_held:church_stl_24,place_006a_held_deferred,church_stl_24,settlement,,,hx_16198,church_anchor,abbey_or_priory,Little Kenelm's Abbey,Little Kenelm's Abbey,Little Kenelm's Abbey,included_in_working_authority_name_closure,approved_blank_name_closure_applied,V04-PLACE-MANOR-LCU-BLANK-NAME-AND-QA-PERSON-NAME-CLOSURE-MATERIALIZATION-001,,visible_public_name,false,false,false,false,false,false,false,false,false,false,false
place_006a_held:church_stl_1,place_006a_held_deferred,church_stl_1,settlement,c_4,Northwych,hx_38359,church_anchor,archbishopric_or_cathedral_seat,Cathedral of Saint Radegund at Wyrmford,Cathedral of Saint Radegund at Northwych,Saint Radegund at Northwych,included_in_working_authority_name_closure,county_geometry_alignment_applied_2026_07_08,PNC-COUNTY-ALIGN-133,,visible_public_name,false,false,false,false,false,false,false,false,false,false,false
place_006a_held:church_archbishopric_01,place_006a_held_deferred,church_archbishopric_01,archbishopric,c_7,Crowmarsh,hx_39260,church_anchor,archbishopric_province,Province of Crowmarsh,Province of Crowmarsh,Crowmarsh Province,included_in_working_authority_name_closure,approved_blank_name_closure_applied,V04-PLACE-MANOR-LCU-BLANK-NAME-AND-QA-PERSON-NAME-CLOSURE-MATERIALIZATION-001,,visible_public_name,false,false,false,false,false,false,false,false,false,false,false
place_006a_held:church_archbishopric_02,place_006a_held_deferred,church_archbishopric_02,archbishopric,c_9,Eldham,hx_39744,church_anchor,archbishopric_province,Province of Dunmere,Province of Eldham,Eldham Province,included_in_working_authority_name_closure,county_geometry_alignment_applied_2026_07_08,PNC-COUNTY-ALIGN-134,,visible_public_name,false,false,false,false,false,false,false,false,false,false,false
place_006a_held:church_stl_2,place_006a_held_deferred,church_stl_2,settlement,c_7,Crowmarsh,hx_42621,church_anchor,bishopric_or_cathedral_seat,Cathedral of Saint Benedict at Falkenford,Cathedral of Saint Benedict at Crowmarsh,Saint Benedict at Crowmarsh,included_in_working_authority_name_closure,county_geometry_alignment_applied_2026_07_08,PNC-COUNTY-ALIGN-135,,visible_public_name,false,false,false,false,false,false,false,false,false,false,false
place_006a_held:church_stl_3,place_006a_held_deferred,church_stl_3,settlement,c_6,Wyrmford,hx_22088,church_anchor,bishopric_or_cathedral_seat,Cathedral of Saint Guthlac at Wyrmford,Cathedral of Saint Guthlac at Wyrmford,Saint Guthlac at Wyrmford,included_in_working_authority_name_closure,approved_blank_name_closure_applied,V04-PLACE-MANOR-LCU-BLANK-NAME-AND-QA-PERSON-NAME-CLOSURE-MATERIALIZATION-001,,visible_public_name,false,false,false,false,false,false,false,false,false,false,false
place_006a_held:church_stl_4,place_006a_held_deferred,church_stl_4,settlement,c_8,Dunmere,hx_40556,church_anchor,bishopric_or_cathedral_seat,Cathedral of Saint Winifred at Dunmere,Cathedral of Saint Winifred at Dunmere,Saint Winifred at Dunmere,included_in_working_authority_name_closure,approved_blank_name_closure_applied,V04-PLACE-MANOR-LCU-BLANK-NAME-AND-QA-PERSON-NAME-CLOSURE-MATERIALIZATION-001,,visible_public_name,false,false,false,false,false,false,false,false,false,false,false
place_006a_held:church_stl_5,place_006a_held_deferred,church_stl_5,settlement,c_0,Alderwick,hx_50445,church_anchor,bishopric_or_cathedral_seat,Cathedral of Saint Frideswide at Alderwick,Cathedral of Saint Frideswide at Alderwick,Saint Frideswide at Alderwick,included_in_working_authority_name_closure,approved_blank_name_closure_applied,V04-PLACE-MANOR-LCU-BLANK-NAME-AND-QA-PERSON-NAME-CLOSURE-MATERIALIZATION-001,,visible_public_name,false,false,false,false,false,false,false,false,false,false,false
place_006a_held:church_stl_6,place_006a_held_deferred,church_stl_6,settlement,c_1,Bramholt,hx_30253,church_anchor,bishopric_or_cathedral_seat,Cathedral of Saint Wilfrid at Bramholt,Cathedral of Saint Wilfrid at Bramholt,Saint Wilfrid at Bramholt,included_in_working_authority_name_closure,approved_blank_name_closure_applied,V04-PLACE-MANOR-LCU-BLANK-NAME-AND-QA-PERSON-NAME-CLOSURE-MATERIALIZATION-001,,visible_public_name,false,false,false,false,false,false,false,false,false,false,false
place_006a_held:church_stl_7,place_006a_held_deferred,church_stl_7,settlement,c_8,Dunmere,hx_33564,church_anchor,bishopric_or_cathedral_seat,Cathedral of Saint Guthlac at Dunmere,Cathedral of Saint Guthlac at Dunmere,Saint Guthlac at Dunmere,included_in_working_authority_name_closure,approved_blank_name_closure_applied,V04-PLACE-MANOR-LCU-BLANK-NAME-AND-QA-PERSON-NAME-CLOSURE-MATERIALIZATION-001,,visible_public_name,false,false,false,false,false,false,false,false,false,false,false
place_006a_held:church_stl_8,place_006a_held_deferred,church_stl_8,settlement,c_3,Merewatch,hx_34484,church_anchor,bishopric_or_cathedral_seat,Cathedral of Saint Helena at Merewatch,Cathedral of Saint Helena at Merewatch,Saint Helena at Merewatch,included_in_working_authority_name_closure,approved_blank_name_closure_applied,V04-PLACE-MANOR-LCU-BLANK-NAME-AND-QA-PERSON-NAME-CLOSURE-MATERIALIZATION-001,,visible_public_name,false,false,false,false,false,false,false,false,false,false,false
lcu:lcu_rural_manor_hx_49058,lcu_working_final_ready,lcu_rural_manor_hx_49058,local_community_unit,c_0,Alderwick,hx_49058,T4_dependency_or_terrain_edge,dispersed rural community,,Kingstow,Kingstow,included_in_working_authority_name_closure,approved_blank_name_closure_applied,V04-PLACE-MANOR-LCU-BLANK-NAME-AND-QA-PERSON-NAME-CLOSURE-MATERIALIZATION-001,,visible_public_name,false,false,false,false,false,false,false,false,false,false,false
lcu:lcu_rural_manor_hx_50457,lcu_working_final_ready,lcu_rural_manor_hx_50457,local_community_unit,c_0,Alderwick,hx_50457,T4_dependency_or_terrain_edge,dispersed rural community,,Crownwell,Crownwell,included_in_working_authority_name_closure,approved_blank_name_closure_applied,V04-PLACE-MANOR-LCU-BLANK-NAME-AND-QA-PERSON-NAME-CLOSURE-MATERIALIZATION-001,,visible_public_name,false,false,false,false,false,false,false,false,false,false,false
lcu:lcu_rural_manor_hx_50462,lcu_working_final_ready,lcu_rural_manor_hx_50462,local_community_unit,c_0,Alderwick,hx_50462,T1_public_center_or_high_consumer,fortified_settlement,Woldbury,Woldbury,Woldbury,included_in_source_candidate_lock_view,accepted_unchanged,,,visible_public_name,false,false,false,false,false,false,false,false,false,false,false
lcu:lcu_rural_manor_hx_51022,lcu_working_final_ready,lcu_rural_manor_hx_51022,local_community_unit,c_0,Alderwick,hx_51022,T1_public_center_or_high_consumer,fortified_settlement,Redgate,Redgate,Redgate,included_in_source_candidate_lock_view,accepted_unchanged,,,visible_public_name,false,false,false,false,false,false,false,false,false,false,false
lcu:lcu_rural_manor_hx_51585,lcu_working_final_ready,lcu_rural_manor_hx_51585,local_community_unit,c_0,Alderwick,hx_51585,T1_public_center_or_high_consumer,fortified_settlement,North Alder Pass,North Alder Pass,North Alder,included_in_source_candidate_lock_view,accepted_unchanged,,,visible_public_name,false,false,false,false,false,false,false,false,false,false,false
lcu:lcu_rural_manor_hx_52142,lcu_working_final_ready,lcu_rural_manor_hx_52142,local_community_unit,c_0,Alderwick,hx_52142,T0_royal_or_capital_complex,fortified_settlement,,Redbury Ward,Redbury Ward,included_in_working_authority_name_closure,approved_blank_name_closure_applied,V04-PLACE-MANOR-LCU-BLANK-NAME-AND-QA-PERSON-NAME-CLOSURE-MATERIALIZATION-001,,visible_public_name,false,false,false,false,false,false,false,false,false,false,false
lcu:lcu_rural_manor_hx_52698,lcu_working_final_ready,lcu_rural_manor_hx_52698,local_community_unit,c_0,Alderwick,hx_52698,T1_public_center_or_high_consumer,fortified_settlement,Redcaster,Redcaster,Redcaster,included_in_source_candidate_lock_view,accepted_unchanged,,,visible_public_name,false,false,false,false,false,false,false,false,false,false,false
lcu:lcu_rural_manor_hx_52702,lcu_working_final_ready,lcu_rural_manor_hx_52702,local_community_unit,c_0,Alderwick,hx_52702,T1_public_center_or_high_consumer,fortified_settlement,Wheatbury,Wheatbury,Wheatbury,included_in_source_candidate_lock_view,accepted_unchanged,,,visible_public_name,false,false,false,false,false,false,false,false,false,false,false
lcu:lcu_rural_manor_hx_53819,lcu_working_final_ready,lcu_rural_manor_hx_53819,local_community_unit,c_0,Alderwick,hx_53819,T1_public_center_or_high_consumer,fortified_settlement,Ridgebury,Ridgebury,Ridgebury,included_in_source_candidate_lock_view,accepted_unchanged,,,visible_public_name,false,false,false,false,false,false,false,false,false,false,false
lcu:lcu_rural_manor_hx_48215,lcu_working_final_ready,lcu_rural_manor_hx_48215,local_community_unit,c_0,Alderwick,hx_48215,T2_service_locality,market_village,Roodham,Roodham,Roodham,included_in_source_candidate_lock_view,accepted_unchanged,,,visible_public_name,false,false,false,false,false,false,false,false,false,false,false
lcu:lcu_rural_manor_hx_48494,lcu_working_final_ready,lcu_rural_manor_hx_48494,local_community_unit,c_0,Alderwick,hx_48494,T2_service_locality,market_village,Aldwyke,Aldwyke,Aldwyke,included_in_source_candidate_lock_view,accepted_unchanged,,,visible_public_name,false,false,false,false,false,false,false,false,false,false,false
lcu:lcu_rural_manor_hx_48777,lcu_working_final_ready,lcu_rural_manor_hx_48777,local_community_unit,c_0,Alderwick,hx_48777,T2_service_locality,market_village,Hartwell,Hartwell,Hartwell,included_in_source_candidate_lock_view,accepted_unchanged,,,visible_public_name,false,false,false,false,false,false,false,false,false,false,false
lcu:lcu_rural_manor_hx_48780,lcu_working_final_ready,lcu_rural_manor_hx_48780,local_community_unit,c_0,Alderwick,hx_48780,T2_service_locality,market_village,Cressholt,Cressholt,Cressholt,included_in_source_candidate_lock_view,accepted_unchanged,,,visible_public_name,false,false,false,false,false,false,false,false,false,false,false
lcu:lcu_rural_manor_hx_49617,lcu_working_final_ready,lcu_rural_manor_hx_49617,local_community_unit,c_0,Alderwick,hx_49617,T2_service_locality,market_village,Stancote,Stancote,Stancote,included_in_source_candidate_lock_view,accepted_unchanged,,,visible_public_name,false,false,false,false,false,false,false,false,false,false,false
lcu:lcu_rural_manor_hx_49619,lcu_working_final_ready,lcu_rural_manor_hx_49619,local_community_unit,c_0,Alderwick,hx_49619,T2_service_locality,market_village,Woldacre,Woldacre,Woldacre,included_in_source_candidate_lock_view,accepted_unchanged,,,visible_public_name,false,false,false,false,false,false,false,false,false,false,false
lcu:lcu_rural_manor_hx_49894,lcu_working_final_ready,lcu_rural_manor_hx_49894,local_community_unit,c_0,Alderwick,hx_49894,T2_service_locality,market_village,Redhall,Redhall,Redhall,included_in_source_candidate_lock_view,accepted_unchanged,,,visible_public_name,false,false,false,false,false,false,false,false,false,false,false
lcu:lcu_rural_manor_hx_50454,lcu_working_final_ready,lcu_rural_manor_hx_50454,local_community_unit,c_0,Alderwick,hx_50454,T2_service_locality,market_village,Oakleigh,Oakleigh,Oakleigh,included_in_source_candidate_lock_view,accepted_unchanged,,,visible_public_name,false,false,false,false,false,false,false,false,false,false,false
lcu:lcu_rural_manor_hx_51298,lcu_working_final_ready,lcu_rural_manor_hx_51298,local_community_unit,c_0,Alderwick,hx_51298,T2_service_locality,market_village,Kingsthorne,Kingsthorne,Kingsthorne,included_in_source_candidate_lock_view,accepted_unchanged,,,visible_public_name,false,false,false,false,false,false,false,false,false,false,false
lcu:lcu_rural_manor_hx_52136,lcu_working_final_ready,lcu_rural_manor_hx_52136,local_community_unit,c_0,Alderwick,hx_52136,T2_service_locality,market_village,Sallowshaw,Sallowshaw,Sallowshaw,included_in_source_candidate_lock_view,accepted_unchanged,,,visible_public_name,false,false,false,false,false,false,false,false,false,false,false
lcu:lcu_rural_manor_hx_52416,lcu_working_final_ready,lcu_rural_manor_hx_52416,local_community_unit,c_0,Alderwick,hx_52416,T2_service_locality,market_village,Rookbury,Rookbury,Rookbury,included_in_source_candidate_lock_view,accepted_unchanged,,,visible_public_name,false,false,false,false,false,false,false,false,false,false,false
lcu:lcu_rural_manor_hx_53255,lcu_working_final_ready,lcu_rural_manor_hx_53255,local_community_unit,c_0,Alderwick,hx_53255,T2_service_locality,market_village,Goldcote,Goldcote,Goldcote,included_in_source_candidate_lock_view,accepted_unchanged,,,visible_public_name,false,false,false,false,false,false,false,false,false,false,false
lcu:lcu_rural_manor_hx_53257,lcu_working_final_ready,lcu_rural_manor_hx_53257,local_community_unit,c_0,Alderwick,hx_53257,T2_service_locality,market_village,Kingham,Kingham,Kingham,included_in_source_candidate_lock_view,accepted_unchanged,,,visible_public_name,false,false,false,false,false,false,false,false,false,false,false
lcu:lcu_rural_manor_hx_55221,lcu_working_final_ready,lcu_rural_manor_hx_55221,local_community_unit,c_0,Alderwick,hx_55221,T2_service_locality,market_village,Kingcote,Kingcote,Kingcote,included_in_source_candidate_lock_view,accepted_unchanged,,,visible_public_name,false,false,false,false,false,false,false,false,false,false,false
lcu:lcu_rural_manor_hx_56056,lcu_working_final_ready,lcu_rural_manor_hx_56056,local_community_unit,c_0,Alderwick,hx_56056,T2_service_locality,market_village,Wheatwick,Wheatwick,Wheatwick,included_in_source_candidate_lock_view,accepted_unchanged,,,visible_public_name,false,false,false,false,false,false,false,false,false,false,false
lcu:lcu_rural_manor_hx_56057,lcu_working_final_ready,lcu_rural_manor_hx_56057,local_community_unit,c_0,Alderwick,hx_56057,T2_service_locality,market_village,Crownfield,Crownfield,Crownfield,included_in_source_candidate_lock_view,accepted_unchanged,,,visible_public_name,false,false,false,false,false,false,false,false,false,false,false
lcu:lcu_rural_manor_hx_49062,lcu_working_final_ready,lcu_rural_manor_hx_49062,local_community_unit,c_0,Alderwick,hx_49062,T2_service_locality,route_cluster,Wheatworth,Wheatworth,Wheatworth,included_in_source_candidate_lock_view,accepted_unchanged,,,visible_public_name,false,false,false,false,false,false,false,false,false,false,false
lcu:lcu_rural_manor_hx_51302,lcu_working_final_ready,lcu_rural_manor_hx_51302,local_community_unit,c_0,Alderwick,hx_51302,T2_service_locality,route_cluster,Crownstow,Crownstow,Crownstow,included_in_source_candidate_lock_view,accepted_unchanged,,,visible_public_name,false,false,false,false,false,false,false,false,false,false,false
lcu:lcu_registry_sett_hx_50742,lcu_working_final_ready,lcu_registry_sett_hx_50742,local_community_unit,c_0,Alderwick,hx_50742,T1_public_center_or_high_consumer,town,Alderton,Alderton,Alderton,included_in_source_candidate_lock_view,accepted_unchanged,,,visible_public_name,false,false,false,false,false,false,false,false,false,false,false
lcu:lcu_registry_sett_hx_51580,lcu_working_final_ready,lcu_registry_sett_hx_51580,local_community_unit,c_0,Alderwick,hx_51580,T1_public_center_or_high_consumer,town,Alderbury,Alderbury,Alderbury,included_in_source_candidate_lock_view,accepted_unchanged,,,visible_public_name,false,false,false,false,false,false,false,false,false,false,false
lcu:lcu_registry_sett_hx_52418,lcu_working_final_ready,lcu_registry_sett_hx_52418,local_community_unit,c_0,Alderwick,hx_52418,T1_public_center_or_high_consumer,town,Stanstead,Stanstead,Stanstead,included_in_source_candidate_lock_view,accepted_unchanged,,,visible_public_name,false,false,false,false,false,false,false,false,false,false,false
lcu:lcu_registry_sett_hx_54379,lcu_working_final_ready,lcu_registry_sett_hx_54379,local_community_unit,c_0,Alderwick,hx_54379,T1_public_center_or_high_consumer,town,Vinebury,Vinebury,Vinebury,included_in_source_candidate_lock_view,accepted_unchanged,,,visible_public_name,false,false,false,false,false,false,false,false,false,false,false
lcu:lcu_rural_manor_hx_47084,lcu_working_final_ready,lcu_rural_manor_hx_47084,local_community_unit,c_0,Alderwick,hx_47084,T3_ordinary_local_community,village,Alderridge,Alderridge,Alderridge,included_in_source_candidate_lock_view,accepted_unchanged,,,visible_public_name,false,false,false,false,false,false,false,false,false,false,false
lcu:lcu_rural_manor_hx_48205,lcu_working_final_ready,lcu_rural_manor_hx_48205,local_community_unit,c_0,Alderwick,hx_48205,T3_ordinary_local_community,village,Crownfold,Crownfold,Crownfold,included_in_source_candidate_lock_view,accepted_unchanged,,,visible_public_name,false,false,false,false,false,false,false,false,false,false,false
lcu:lcu_rural_manor_hx_48489,lcu_working_final_ready,lcu_rural_manor_hx_48489,local_community_unit,c_0,Alderwick,hx_48489,T3_ordinary_local_community,village,Redcliff,Redcliff,Redcliff,included_in_source_candidate_lock_view,accepted_unchanged,,,visible_public_name,false,false,false,false,false,false,false,false,false,false,false
lcu:lcu_rural_manor_hx_49883,lcu_working_final_ready,lcu_rural_manor_hx_49883,local_community_unit,c_0,Alderwick,hx_49883,T3_ordinary_local_community,village,Oakbank,Oakbank,Oakbank,included_in_source_candidate_lock_view,accepted_unchanged,,,visible_public_name,false,false,false,false,false,false,false,false,false,false,false
lcu:lcu_rural_manor_hx_49888,lcu_working_final_ready,lcu_rural_manor_hx_49888,local_community_unit,c_0,Alderwick,hx_49888,T3_ordinary_local_community,village,Hartedge,Hartedge,Hartedge,included_in_source_candidate_lock_view,accepted_unchanged,,,visible_public_name,false,false,false,false,false,false,false,false,false,false,false
lcu:lcu_rural_manor_hx_50729,lcu_working_final_ready,lcu_rural_manor_hx_50729,local_community_unit,c_0,Alderwick,hx_50729,T3_ordinary_local_community,village,Stanbarrow,Stanbarrow,Stanbarrow,included_in_source_candidate_lock_view,accepted_unchanged,,,visible_public_name,false,false,false,false,false,false,false,false,false,false,false
lcu:lcu_rural_manor_hx_51010,lcu_working_final_ready,lcu_rural_manor_hx_51010,local_community_unit,c_0,Alderwick,hx_51010,T3_ordinary_local_community,village,Woldham,Woldham,Woldham,included_in_source_candidate_lock_view,accepted_unchanged,,,visible_public_name,false,false,false,false,false,false,false,false,false,false,false
lcu:lcu_rural_manor_hx_51284,lcu_working_final_ready,lcu_rural_manor_hx_51284,local_community_unit,c_0,Alderwick,hx_51284,T3_ordinary_local_community,village,Kingfield,Kingfield,Kingfield,included_in_source_candidate_lock_view,accepted_unchanged,,,visible_public_name,false,false,false,false,false,false,false,false,false,false,false
lcu:lcu_rural_manor_hx_27726,lcu_working_final_ready,lcu_rural_manor_hx_27726,local_community_unit,c_1,Bramholt,hx_27726,T3_ordinary_local_community,hamlet,Elderend,Elderend,Elderend,included_in_source_candidate_lock_view,accepted_unchanged,,,visible_public_name,false,false,false,false,false,false,false,false,false,false,false
lcu:lcu_rural_manor_hx_28007,lcu_working_final_ready,lcu_rural_manor_hx_28007,local_community_unit,c_1,Bramholt,hx_28007,T3_ordinary_local_community,hamlet,Holtchapel,Holtchapel,Holtchapel,included_in_source_candidate_lock_view,accepted_unchanged,,,visible_public_name,false,false,false,false,false,false,false,false,false,false,false
lcu:lcu_rural_manor_hx_28278,lcu_working_final_ready,lcu_rural_manor_hx_28278,local_community_unit,c_1,Bramholt,hx_28278,T3_ordinary_local_community,hamlet,Holtcross,Holtcross,Holtcross,included_in_source_candidate_lock_view,accepted_unchanged,,,visible_public_name,false,false,false,false,false,false,false,false,false,false,false
lcu:lcu_rural_manor_hx_28570,lcu_working_final_ready,lcu_rural_manor_hx_28570,local_community_unit,c_1,Bramholt,hx_28570,T3_ordinary_local_community,hamlet,Elderhallow,Elderhallow,Elderhallow,included_in_source_candidate_lock_view,accepted_unchanged,,,visible_public_name,false,false,false,false,false,false,false,false,false,false,false
lcu:lcu_rural_manor_hx_28572,lcu_working_final_ready,lcu_rural_manor_hx_28572,local_community_unit,c_1,Bramholt,hx_28572,T3_ordinary_local_community,hamlet,Stokepriory,Stokepriory,Stokepriory,included_in_source_candidate_lock_view,accepted_unchanged,,,visible_public_name,false,false,false,false,false,false,false,false,false,false,false
lcu:lcu_rural_manor_hx_28855,lcu_working_final_ready,lcu_rural_manor_hx_28855,local_community_unit,c_1,Bramholt,hx_28855,T3_ordinary_local_community,hamlet,Coppiceholt,Coppiceholt,Coppiceholt,included_in_source_candidate_lock_view,accepted_unchanged,,,visible_public_name,false,false,false,false,false,false,false,false,false,false,false
lcu:lcu_rural_manor_hx_29138,lcu_working_final_ready,lcu_rural_manor_hx_29138,local_community_unit,c_1,Bramholt,hx_29138,T3_ordinary_local_community,hamlet,Bramshaw,Bramshaw,Bramshaw,included_in_source_candidate_lock_view,accepted_unchanged,,,visible_public_name,false,false,false,false,false,false,false,false,false,false,false
lcu:lcu_rural_manor_hx_29404,lcu_working_final_ready,lcu_rural_manor_hx_29404,local_community_unit,c_1,Bramholt,hx_29404,T3_ordinary_local_community,hamlet,Holtacre,Holtacre,Holtacre,included_in_source_candidate_lock_view,accepted_unchanged,,,visible_public_name,false,false,false,false,false,false,false,false,false,false,false
lcu:lcu_rural_manor_hx_25193,lcu_working_final_ready,lcu_rural_manor_hx_25193,local_community_unit,c_1,Bramholt,hx_25193,T2_service_locality,institutional_precinct,Briarstow,Briarstow,Briarstow,included_in_source_candidate_lock_view,accepted_unchanged,,,visible_public_name,false,false,false,false,false,false,false,false,false,false,false
lcu:lcu_rural_manor_hx_26317,lcu_working_final_ready,lcu_rural_manor_hx_26317,local_community_unit,c_1,Bramholt,hx_26317,T2_service_locality,institutional_precinct,Elderham,Elderham,Elderham,included_in_source_candidate_lock_view,accepted_unchanged,,,visible_public_name,false,false,false,false,false,false,false,false,false,false,false
lcu:lcu_rural_manor_hx_26596,lcu_working_final_ready,lcu_rural_manor_hx_26596,local_community_unit,c_1,Bramholt,hx_26596,T2_service_locality,institutional_precinct,Clereton,Clereton,Clereton,included_in_source_candidate_lock_view,accepted_unchanged,,,visible_public_name,false,false,false,false,false,false,false,false,false,false,false
lcu:lcu_rural_manor_hx_26597,lcu_working_final_ready,lcu_rural_manor_hx_26597,local_community_unit,c_1,Bramholt,hx_26597,T2_service_locality,institutional_precinct,Broomley,Broomley,Broomley,included_in_source_candidate_lock_view,accepted_unchanged,,,visible_public_name,false,false,false,false,false,false,false,false,false,false,false
lcu:lcu_rural_manor_hx_27160,lcu_working_final_ready,lcu_rural_manor_hx_27160,local_community_unit,c_1,Bramholt,hx_27160,T2_service_locality,institutional_precinct,Ashcote,Ashcote,Ashcote,included_in_source_candidate_lock_view,accepted_unchanged,,,visible_public_name,false,false,false,false,false,false,false,false,false,false,false
lcu:lcu_rural_manor_hx_27725,lcu_working_final_ready,lcu_rural_manor_hx_27725,local_community_unit,c_1,Bramholt,hx_27725,T2_service_locality,institutional_precinct,Thornwell,Thornwell,Thornwell,included_in_source_candidate_lock_view,accepted_unchanged,,,visible_public_name,false,false,false,false,false,false,false,false,false,false,false
lcu:lcu_rural_manor_hx_28004,lcu_working_final_ready,lcu_rural_manor_hx_28004,local_community_unit,c_1,Bramholt,hx_28004,T2_service_locality,institutional_precinct,Stokeholt,Stokeholt,Stokeholt,included_in_source_candidate_lock_view,accepted_unchanged,,,visible_public_name,false,false,false,false,false,false,false,false,false,false,false
lcu:lcu_rural_manor_hx_28276,lcu_working_final_ready,lcu_rural_manor_hx_28276,local_community_unit,c_1,Bramholt,hx_28276,T2_service_locality,institutional_precinct,Oakenshaw,Oakenshaw,Oakenshaw,included_in_source_candidate_lock_view,accepted_unchanged,,,visible_public_name,false,false,false,false,false,false,false,false,false,false,false
lcu:lcu_rural_manor_hx_28845,lcu_working_final_ready,lcu_rural_manor_hx_28845,local_community_unit,c_1,Bramholt,hx_28845,T2_service_locality,institutional_precinct,Wychbury,Wychbury,Wychbury,included_in_source_candidate_lock_view,accepted_unchanged,,,visible_public_name,false,false,false,false,false,false,false,false,false,false,false
lcu:lcu_rural_manor_hx_29119,lcu_working_final_ready,lcu_rural_manor_hx_29119,local_community_unit,c_1,Bramholt,hx_29119,T2_service_locality,institutional_precinct,Briarbrook,Briarbrook,Briarbrook,included_in_source_candidate_lock_view,accepted_unchanged,,,visible_public_name,false,false,false,false,false,false,false,false,false,false,false
lcu:lcu_rural_manor_hx_29123,lcu_working_final_ready,lcu_rural_manor_hx_29123,local_community_unit,c_1,Bramholt,hx_29123,T2_service_locality,institutional_precinct,Fennelwell,Fennelwell,Fennelwell,included_in_source_candidate_lock_view,accepted_unchanged,,,visible_public_name,false,false,false,false,false,false,false,false,false,false,false
lcu:lcu_rural_manor_hx_30532,lcu_working_final_ready,lcu_rural_manor_hx_30532,local_community_unit,c_1,Bramholt,hx_30532,T2_service_locality,institutional_precinct,Wychstow,Wychstow,Wychstow,included_in_source_candidate_lock_view,accepted_unchanged,,,visible_public_name,false,false,false,false,false,false,false,false,false,false,false
lcu:lcu_rural_manor_hx_30535,lcu_working_final_ready,lcu_rural_manor_hx_30535,local_community_unit,c_1,Bramholt,hx_30535,T2_service_locality,market_village,Crossfield,Crossfield,Crossfield,included_in_source_candidate_lock_view,accepted_unchanged,,,visible_public_name,false,false,false,false,false,false,false,false,false,false,false
lcu:lcu_rural_manor_hx_31093,lcu_working_final_ready,lcu_rural_manor_hx_31093,local_community_unit,c_1,Bramholt,hx_31093,T2_service_locality,market_village,Clereworth,Clereworth,Clereworth,included_in_source_candidate_lock_view,accepted_unchanged,,,visible_public_name,false,false,false,false,false,false,false,false,false,false,false
lcu:lcu_rural_manor_hx_31377,lcu_working_final_ready,lcu_rural_manor_hx_31377,local_community_unit,c_1,Bramholt,hx_31377,T2_service_locality,market_village,Broomwick,Broomwick,Broomwick,included_in_source_candidate_lock_view,accepted_unchanged,,,visible_public_name,false,false,false,false,false,false,false,false,false,false,false
lcu:lcu_rural_manor_hx_31653,lcu_working_final_ready,lcu_rural_manor_hx_31653,local_community_unit,c_1,Bramholt,hx_31653,T2_service_locality,market_village,Bramstow,Bramstow,Bramstow,included_in_source_candidate_lock_view,accepted_unchanged,,,visible_public_name,false,false,false,false,false,false,false,false,false,false,false
lcu:lcu_rural_manor_hx_32780,lcu_working_final_ready,lcu_rural_manor_hx_32780,local_community_unit,c_1,Bramholt,hx_32780,T2_service_locality,market_village,Fennelbrook,Fennelbrook,Fennelbrook,included_in_source_candidate_lock_view,accepted_unchanged,,,visible_public_name,false,false,false,false,false,false,false,false,false,false,false
lcu:lcu_rural_manor_hx_28569,lcu_working_final_ready,lcu_rural_manor_hx_28569,local_community_unit,c_1,Bramholt,hx_28569,T2_service_locality,route_cluster,Holtstow,Holtstow,Holtstow,included_in_source_candidate_lock_view,accepted_unchanged,,,visible_public_name,false,false,false,false,false,false,false,false,false,false,false
lcu:lcu_rural_manor_hx_29127,lcu_working_final_ready,lcu_rural_manor_hx_29127,local_community_unit,c_1,Bramholt,hx_29127,T2_service_locality,route_cluster,Bramcross,Bramcross,Bramcross,included_in_source_candidate_lock_view,accepted_unchanged,,,visible_public_name,false,false,false,false,false,false,false,false,false,false,false
lcu:lcu_rural_manor_hx_29403,lcu_working_final_ready,lcu_rural_manor_hx_29403,local_community_unit,c_1,Bramholt,hx_29403,T2_service_locality,route_cluster,Briarbridge,Briarbridge,Briarbridge,included_in_source_candidate_lock_view,accepted_unchanged,,,visible_public_name,false,false,false,false,false,false,false,false,false,false,false
lcu:lcu_rural_manor_hx_29407,lcu_working_final_ready,lcu_rural_manor_hx_29407,local_community_unit,c_1,Bramholt,hx_29407,T2_service_locality,route_cluster,Stokegate,Stokegate,Stokegate,included_in_source_candidate_lock_view,accepted_unchanged,,,visible_public_name,false,false,false,false,false,false,false,false,false,false,false
lcu:lcu_rural_manor_hx_29698,lcu_working_final_ready,lcu_rural_manor_hx_29698,local_community_unit,c_1,Bramholt,hx_29698,T2_service_locality,route_cluster,Ashstreet,Ashstreet,Ashstreet,included_in_source_candidate_lock_view,accepted_unchanged,,,visible_public_name,false,false,false,false,false,false,false,false,false,false,false
lcu:lcu_rural_manor_hx_30262,lcu_working_final_ready,lcu_rural_manor_hx_30262,local_community_unit,c_1,Bramholt,hx_30262,T2_service_locality,route_cluster,Broomford,Broomford,Broomford,included_in_source_candidate_lock_view,accepted_unchanged,,,visible_public_name,false,false,false,false,false,false,false,false,false,false,false
lcu:lcu_rural_manor_hx_30543,lcu_working_final_ready,lcu_rural_manor_hx_30543,local_community_unit,c_1,Bramholt,hx_30543,T2_service_locality,route_cluster,Hazelstead,Hazelbrook,Hazelbrook,included_in_source_candidate_lock_view,approved_name_repair_applied,PNC-REPAIR-009,,visible_public_name,false,false,false,false,false,false,false,false,false,false,false
lcu:lcu_rural_manor_hx_29415,lcu_working_final_ready,lcu_rural_manor_hx_29415,local_community_unit,c_1,Bramholt,hx_29415,T4_dependency_or_terrain_edge,terrain-edge cluster,Woodham,Woodham,Woodham,included_in_source_candidate_lock_view,accepted_unchanged,,,visible_public_name,false,false,false,false,false,false,false,false,false,false,false
lcu:lcu_rural_manor_hx_29688,lcu_working_final_ready,lcu_rural_manor_hx_29688,local_community_unit,c_1,Bramholt,hx_29688,T4_dependency_or_terrain_edge,terrain-edge cluster,Hazelworth,Hazelworth,Hazelworth,included_in_source_candidate_lock_view,accepted_unchanged,,,visible_public_name,false,false,false,false,false,false,false,false,false,false,false
lcu:lcu_rural_manor_hx_29966,lcu_working_final_ready,lcu_rural_manor_hx_29966,local_community_unit,c_1,Bramholt,hx_29966,T4_dependency_or_terrain_edge,terrain-edge cluster,Crossbank,Crossbank,Crossbank,included_in_source_candidate_lock_view,accepted_unchanged,,,visible_public_name,false,false,false,false,false,false,false,false,false,false,false
lcu:lcu_rural_manor_hx_29968,lcu_working_final_ready,lcu_rural_manor_hx_29968,local_community_unit,c_1,Bramholt,hx_29968,T4_dependency_or_terrain_edge,terrain-edge cluster,Clereshaw,Clereshaw,Clereshaw,included_in_source_candidate_lock_view,accepted_unchanged,,,visible_public_name,false,false,false,false,false,false,false,false,false,false,false
lcu:lcu_rural_manor_hx_30258,lcu_working_final_ready,lcu_rural_manor_hx_30258,local_community_unit,c_1,Bramholt,hx_30258,T4_dependency_or_terrain_edge,terrain-edge cluster,Thornham,Thornfold,Thornfold,included_in_source_candidate_lock_view,approved_name_repair_applied,PNC-REPAIR-013,,visible_public_name,false,false,false,false,false,false,false,false,false,false,false
lcu:lcu_rural_manor_hx_30822,lcu_working_final_ready,lcu_rural_manor_hx_30822,local_community_unit,c_1,Bramholt,hx_30822,T4_dependency_or_terrain_edge,terrain-edge cluster,Coppiceton,Coppiceton,Coppiceton,included_in_source_candidate_lock_view,accepted_unchanged,,,visible_public_name,false,false,false,false,false,false,false,false,false,false,false
lcu:lcu_rural_manor_hx_31089,lcu_working_final_ready,lcu_rural_manor_hx_31089,local_community_unit,c_1,Bramholt,hx_31089,T4_dependency_or_terrain_edge,terrain-edge cluster,Brookbarrow,Brookbarrow,Brookbarrow,included_in_source_candidate_lock_view,accepted_unchanged,,,visible_public_name,false,false,false,false,false,false,false,false,false,false,false
lcu:lcu_rural_manor_hx_31102,lcu_working_final_ready,lcu_rural_manor_hx_31102,local_community_unit,c_1,Bramholt,hx_31102,T4_dependency_or_terrain_edge,terrain-edge cluster,Wychwell,Wychwell,Wychwell,included_in_source_candidate_lock_view,accepted_unchanged,,,visible_public_name,false,false,false,false,false,false,false,false,false,false,false
lcu:lcu_registry_sett_hx_28841,lcu_working_final_ready,lcu_registry_sett_hx_28841,local_community_unit,c_1,Bramholt,hx_28841,T1_public_center_or_high_consumer,town,Thornholt,Thornholt,Thornholt,included_in_source_candidate_lock_view,accepted_unchanged,,,visible_public_name,false,false,false,false,false,false,false,false,false,false,false
lcu:lcu_registry_sett_hx_29691,lcu_working_final_ready,lcu_registry_sett_hx_29691,local_community_unit,c_1,Bramholt,hx_29691,T1_public_center_or_high_consumer,town,Bramchester,Bramchester,Bramchester,included_in_source_candidate_lock_view,approved_multi_anchor_identity_member,,place_identity_county_seat_complex_bramchester,visible_public_name,false,false,false,false,false,false,false,false,false,false,false
lcu:lcu_registry_sett_hx_30260,lcu_working_final_ready,lcu_registry_sett_hx_30260,local_community_unit,c_1,Bramholt,hx_30260,T1_public_center_or_high_consumer,town,Mardenbury,Mardenbury,Mardenbury,included_in_source_candidate_lock_view,accepted_unchanged,,,visible_public_name,false,false,false,false,false,false,false,false,false,false,false
lcu:lcu_registry_sett_hx_31094,lcu_working_final_ready,lcu_registry_sett_hx_31094,local_community_unit,c_1,Bramholt,hx_31094,T1_public_center_or_high_consumer,town,Rillley,Rillley,Rillley,included_in_source_candidate_lock_view,accepted_unchanged,,,visible_public_name,false,false,false,false,false,false,false,false,false,false,false
lcu:lcu_registry_sett_hx_32219,lcu_working_final_ready,lcu_registry_sett_hx_32219,local_community_unit,c_1,Bramholt,hx_32219,T1_public_center_or_high_consumer,town,Clerebrook,Clerebrook,Clerebrook,included_in_source_candidate_lock_view,accepted_unchanged,,,visible_public_name,false,false,false,false,false,false,false,false,false,false,false
lcu:lcu_registry_sett_hx_29126,lcu_working_final_ready,lcu_registry_sett_hx_29126,local_community_unit,c_1,Bramholt,hx_29126,T3_ordinary_local_community,village,Crossbury,Crossbury,Crossbury,included_in_source_candidate_lock_view,accepted_unchanged,,,visible_public_name,false,false,false,false,false,false,false,false,false,false,false
lcu:lcu_rural_manor_hx_31100,lcu_working_final_ready,lcu_rural_manor_hx_31100,local_community_unit,c_1,Bramholt,hx_31100,T3_ordinary_local_community,village,Brookholt,Brookholt,Brookholt,included_in_source_candidate_lock_view,accepted_unchanged,,,visible_public_name,false,false,false,false,false,false,false,false,false,false,false
lcu:lcu_rural_manor_hx_36973,lcu_working_final_ready,lcu_rural_manor_hx_36973,local_community_unit,c_10,Falkenford,hx_36973,T4_dependency_or_terrain_edge,dispersed rural community,,Hawkfold,Hawkfold,included_in_working_authority_name_closure,approved_blank_name_closure_applied,V04-PLACE-MANOR-LCU-BLANK-NAME-AND-QA-PERSON-NAME-CLOSURE-MATERIALIZATION-001,,visible_public_name,false,false,false,false,false,false,false,false,false,false,false
lcu:lcu_rural_manor_hx_37256,lcu_working_final_ready,lcu_rural_manor_hx_37256,local_community_unit,c_10,Falkenford,hx_37256,T2_service_locality,market_village,Hawkley,Hawkley,Hawkley,included_in_source_candidate_lock_view,accepted_unchanged,,,visible_public_name,false,false,false,false,false,false,false,false,false,false,false
lcu:lcu_rural_manor_hx_37534,lcu_working_final_ready,lcu_rural_manor_hx_37534,local_community_unit,c_10,Falkenford,hx_37534,T2_service_locality,market_village,Falkenstow,Falkenstow,Falkenstow,included_in_source_candidate_lock_view,accepted_unchanged,,,visible_public_name,false,false,false,false,false,false,false,false,false,false,false
lcu:lcu_rural_manor_hx_37817,lcu_working_final_ready,lcu_rural_manor_hx_37817,local_community_unit,c_10,Falkenford,hx_37817,T2_service_locality,market_village,Kiteham,Kiteham,Kiteham,included_in_source_candidate_lock_view,accepted_unchanged,,,visible_public_name,false,false,false,false,false,false,false,false,false,false,false
lcu:lcu_rural_manor_hx_38376,lcu_working_final_ready,lcu_rural_manor_hx_38376,local_community_unit,c_10,Falkenford,hx_38376,T2_service_locality,market_village,Spearwick,Spearwick,Spearwick,included_in_source_candidate_lock_view,accepted_unchanged,,,visible_public_name,false,false,false,false,false,false,false,false,false,false,false
lcu:lcu_rural_manor_hx_39220,lcu_working_final_ready,lcu_rural_manor_hx_39220,local_community_unit,c_10,Falkenford,hx_39220,T2_service_locality,market_village,Bridgecote,Bridgecote,Bridgecote,included_in_source_candidate_lock_view,accepted_unchanged,,,visible_public_name,false,false,false,false,false,false,false,false,false,false,false
lcu:lcu_rural_manor_hx_39502,lcu_working_final_ready,lcu_rural_manor_hx_39502,local_community_unit,c_10,Falkenford,hx_39502,T2_service_locality,market_village,Greyford,Greyford,Greyford,included_in_source_candidate_lock_view,accepted_unchanged,,,visible_public_name,false,false,false,false,false,false,false,false,false,false,false
lcu:lcu_registry_sett_hx_37816,lcu_working_final_ready,lcu_registry_sett_hx_37816,local_community_unit,c_10,Falkenford,hx_37816,T1_public_center_or_high_consumer,town,Northbury,Northbury,Northbury,included_in_source_candidate_lock_view,accepted_unchanged,,,visible_public_name,false,false,false,false,false,false,false,false,false,false,false
lcu:lcu_registry_sett_hx_39221,lcu_working_final_ready,lcu_registry_sett_hx_39221,local_community_unit,c_10,Falkenford,hx_39221,T1_public_center_or_high_consumer,town,Falkenbridge,Falkenbridge,Falkenbridge,included_in_source_candidate_lock_view,approved_multi_anchor_identity_member,,place_identity_county_seat_complex_falkenbridge,visible_public_name,false,false,false,false,false,false,false,false,false,false,false
lcu:lcu_registry_sett_hx_44263,lcu_working_final_ready,lcu_registry_sett_hx_44263,local_community_unit,c_10,Falkenford,hx_44263,T1_public_center_or_high_consumer,town,Redstow,Redstow,Redstow,included_in_source_candidate_lock_view,accepted_unchanged,,,visible_public_name,false,false,false,false,false,false,false,false,false,false,false
lcu:lcu_rural_manor_hx_36975,lcu_working_final_ready,lcu_rural_manor_hx_36975,local_community_unit,c_10,Falkenford,hx_36975,T3_ordinary_local_community,village,Falkengate,Falkengate,Falkengate,included_in_source_candidate_lock_view,accepted_unchanged,,,visible_public_name,false,false,false,false,false,false,false,false,false,false,false
lcu:lcu_rural_manor_hx_38936,lcu_working_final_ready,lcu_rural_manor_hx_38936,local_community_unit,c_10,Falkenford,hx_38936,T3_ordinary_local_community,village,Redham,Redham,Redham,included_in_source_candidate_lock_view,accepted_unchanged,,,visible_public_name,false,false,false,false,false,false,false,false,false,false,false
lcu:lcu_rural_manor_hx_39225,lcu_working_final_ready,lcu_rural_manor_hx_39225,local_community_unit,c_10,Falkenford,hx_39225,T3_ordinary_local_community,village,Bridgeford,Bridgeford,Bridgeford,included_in_source_candidate_lock_view,accepted_unchanged,,,visible_public_name,false,false,false,false,false,false,false,false,false,false,false
lcu:lcu_rural_manor_hx_39506,lcu_working_final_ready,lcu_rural_manor_hx_39506,local_community_unit,c_10,Falkenford,hx_39506,T3_ordinary_local_community,village,Roadwick,Roadwick,Roadwick,included_in_source_candidate_lock_view,accepted_unchanged,,,visible_public_name,false,false,false,false,false,false,false,false,false,false,false
lcu:lcu_rural_manor_hx_39507,lcu_working_final_ready,lcu_rural_manor_hx_39507,local_community_unit,c_10,Falkenford,hx_39507,T3_ordinary_local_community,village,Bannerstreet,Bannerstreet,Bannerstreet,included_in_source_candidate_lock_view,accepted_unchanged,,,visible_public_name,false,false,false,false,false,false,false,false,false,false,false
lcu:lcu_rural_manor_hx_39778,lcu_working_final_ready,lcu_rural_manor_hx_39778,local_community_unit,c_10,Falkenford,hx_39778,T3_ordinary_local_community,village,Ashstow,Ashstow,Ashstow,included_in_source_candidate_lock_view,accepted_unchanged,,,visible_public_name,false,false,false,false,false,false,false,false,false,false,false
lcu:lcu_rural_manor_hx_40060,lcu_working_final_ready,lcu_rural_manor_hx_40060,local_community_unit,c_10,Falkenford,hx_40060,T3_ordinary_local_community,village,Watchfield,Watchfield,Watchfield,included_in_source_candidate_lock_view,accepted_unchanged,,,visible_public_name,false,false,false,false,false,false,false,false,false,false,false
lcu:lcu_rural_manor_hx_40063,lcu_working_final_ready,lcu_rural_manor_hx_40063,local_community_unit,c_10,Falkenford,hx_40063,T3_ordinary_local_community,village,Shieldham,Shieldham,Shieldham,included_in_source_candidate_lock_view,accepted_unchanged,,,visible_public_name,false,false,false,false,false,false,false,false,false,false,false
lcu:lcu_rural_manor_hx_40909,lcu_working_final_ready,lcu_rural_manor_hx_40909,local_community_unit,c_10,Falkenford,hx_40909,T3_ordinary_local_community,village,Kiteton,Kiteton,Kiteton,included_in_source_candidate_lock_view,accepted_unchanged,,,visible_public_name,false,false,false,false,false,false,false,false,false,false,false
lcu:lcu_rural_manor_hx_40910,lcu_working_final_ready,lcu_rural_manor_hx_40910,local_community_unit,c_10,Falkenford,hx_40910,T3_ordinary_local_community,village,Kiteford,Kiteford,Kiteford,included_in_source_candidate_lock_view,accepted_unchanged,,,visible_public_name,false,false,false,false,false,false,false,false,false,false,false
lcu:lcu_rural_manor_hx_41462,lcu_working_final_ready,lcu_rural_manor_hx_41462,local_community_unit,c_10,Falkenford,hx_41462,T3_ordinary_local_community,village,Ashwick,Ashwick,Ashwick,included_in_source_candidate_lock_view,accepted_unchanged,,,visible_public_name,false,false,false,false,false,false,false,false,false,false,false
lcu:lcu_rural_manor_hx_41746,lcu_working_final_ready,lcu_rural_manor_hx_41746,local_community_unit,c_10,Falkenford,hx_41746,T3_ordinary_local_community,village,Gatebridge,Gatebridge,Gatebridge,included_in_source_candidate_lock_view,accepted_unchanged,,,visible_public_name,false,false,false,false,false,false,false,false,false,false,false
lcu:lcu_rural_manor_hx_42032,lcu_working_final_ready,lcu_rural_manor_hx_42032,local_community_unit,c_10,Falkenford,hx_42032,T3_ordinary_local_community,village,Marchbridge,Marchbridge,Marchbridge,included_in_source_candidate_lock_view,accepted_unchanged,,,visible_public_name,false,false,false,false,false,false,false,false,false,false,false
lcu:lcu_rural_manor_hx_42036,lcu_working_final_ready,lcu_rural_manor_hx_42036,local_community_unit,c_10,Falkenford,hx_42036,T3_ordinary_local_community,village,Spearton,Spearton,Spearton,included_in_source_candidate_lock_view,accepted_unchanged,,,visible_public_name,false,false,false,false,false,false,false,false,false,false,false
lcu:lcu_rural_manor_hx_42307,lcu_working_final_ready,lcu_rural_manor_hx_42307,local_community_unit,c_10,Falkenford,hx_42307,T3_ordinary_local_community,village,Ashham,Ashham,Ashham,included_in_source_candidate_lock_view,accepted_unchanged,,,visible_public_name,false,false,false,false,false,false,false,false,false,false,false
lcu:lcu_rural_manor_hx_42586,lcu_working_final_ready,lcu_rural_manor_hx_42586,local_community_unit,c_10,Falkenford,hx_42586,T3_ordinary_local_community,village,Gatecote,Gatecote,Gatecote,included_in_source_candidate_lock_view,accepted_unchanged,,,visible_public_name,false,false,false,false,false,false,false,false,false,false,false
lcu:lcu_rural_manor_hx_43155,lcu_working_final_ready,lcu_rural_manor_hx_43155,local_community_unit,c_10,Falkenford,hx_43155,T3_ordinary_local_community,village,Fordcross,Fordcross,Fordcross,included_in_source_candidate_lock_view,accepted_unchanged,,,visible_public_name,false,false,false,false,false,false,false,false,false,false,false
lcu:lcu_rural_manor_hx_43421,lcu_working_final_ready,lcu_rural_manor_hx_43421,local_community_unit,c_10,Falkenford,hx_43421,T3_ordinary_local_community,village,Falconworth,Falconworth,Falconworth,included_in_source_candidate_lock_view,accepted_unchanged,,,visible_public_name,false,false,false,false,false,false,false,false,false,false,false
lcu:lcu_rural_manor_hx_43705,lcu_working_final_ready,lcu_rural_manor_hx_43705,local_community_unit,c_10,Falkenford,hx_43705,T3_ordinary_local_community,village,Fordbury,Fordbury,Fordbury,included_in_source_candidate_lock_view,accepted_unchanged,,,visible_public_name,false,false,false,false,false,false,false,false,false,false,false
lcu:lcu_rural_manor_hx_43982,lcu_working_final_ready,lcu_rural_manor_hx_43982,local_community_unit,c_10,Falkenford,hx_43982,T3_ordinary_local_community,village,Bridgestow,Bridgestow,Bridgestow,included_in_source_candidate_lock_view,accepted_unchanged,,,visible_public_name,false,false,false,false,false,false,false,false,false,false,false
lcu:lcu_rural_manor_hx_44829,lcu_working_final_ready,lcu_rural_manor_hx_44829,local_community_unit,c_10,Falkenford,hx_44829,T3_ordinary_local_community,village,Hawkstow,Hawkstow,Hawkstow,included_in_source_candidate_lock_view,accepted_unchanged,,,visible_public_name,false,false,false,false,false,false,false,false,false,false,false
lcu:lcu_rural_manor_hx_44831,lcu_working_final_ready,lcu_rural_manor_hx_44831,local_community_unit,c_10,Falkenford,hx_44831,T3_ordinary_local_community,village,Roadcote,Roadcote,Roadcote,included_in_source_candidate_lock_view,accepted_unchanged,,,visible_public_name,false,false,false,false,false,false,false,false,false,false,false
lcu:lcu_rural_manor_hx_45109,lcu_working_final_ready,lcu_rural_manor_hx_45109,local_community_unit,c_10,Falkenford,hx_45109,T3_ordinary_local_community,village,Hawkmere,Hawkmere,Hawkmere,included_in_source_candidate_lock_view,accepted_unchanged,,,visible_public_name,false,false,false,false,false,false,false,false,false,false,false
lcu:lcu_rural_manor_hx_45670,lcu_working_final_ready,lcu_rural_manor_hx_45670,local_community_unit,c_10,Falkenford,hx_45670,T3_ordinary_local_community,village,Bannerham,Bannerham,Bannerham,included_in_source_candidate_lock_view,accepted_unchanged,,,visible_public_name,false,false,false,false,false,false,false,false,false,false,false
lcu:lcu_rural_manor_hx_45674,lcu_working_final_ready,lcu_rural_manor_hx_45674,local_community_unit,c_10,Falkenford,hx_45674,T3_ordinary_local_community,village,Bannerley,Bannerley,Bannerley,included_in_source_candidate_lock_view,accepted_unchanged,,,visible_public_name,false,false,false,false,false,false,false,false,false,false,false
lcu:lcu_rural_manor_hx_45952,lcu_working_final_ready,lcu_rural_manor_hx_45952,local_community_unit,c_10,Falkenford,hx_45952,T3_ordinary_local_community,village,Marchstead,Marchstead,Marchstead,included_in_source_candidate_lock_view,accepted_unchanged,,,visible_public_name,false,false,false,false,false,false,false,false,false,false,false
lcu:lcu_rural_manor_hx_42885,lcu_working_final_ready,lcu_rural_manor_hx_42885,local_community_unit,c_11,Glastonmere,hx_42885,T4_dependency_or_terrain_edge,dispersed rural community,,Rowancote,Rowancote,included_in_working_authority_name_closure,approved_blank_name_closure_applied,V04-PLACE-MANOR-LCU-BLANK-NAME-AND-QA-PERSON-NAME-CLOSURE-MATERIALIZATION-001,,visible_public_name,false,false,false,false,false,false,false,false,false,false,false
lcu:lcu_rural_manor_hx_42893,lcu_working_final_ready,lcu_rural_manor_hx_42893,local_community_unit,c_11,Glastonmere,hx_42893,T4_dependency_or_terrain_edge,dispersed rural community,,Stonehallow,Stonehallow,included_in_working_authority_name_closure,approved_blank_name_closure_applied,V04-PLACE-MANOR-LCU-BLANK-NAME-AND-QA-PERSON-NAME-CLOSURE-MATERIALIZATION-001,,visible_public_name,false,false,false,false,false,false,false,false,false,false,false
lcu:lcu_rural_manor_hx_44850,lcu_working_final_ready,lcu_rural_manor_hx_44850,local_community_unit,c_11,Glastonmere,hx_44850,T4_dependency_or_terrain_edge,dispersed rural community,,Elderwick,Elderwick,included_in_working_authority_name_closure,approved_blank_name_closure_applied,V04-PLACE-MANOR-LCU-BLANK-NAME-AND-QA-PERSON-NAME-CLOSURE-MATERIALIZATION-001,,visible_public_name,false,false,false,false,false,false,false,false,false,false,false
lcu:lcu_rural_manor_hx_44859,lcu_working_final_ready,lcu_rural_manor_hx_44859,local_community_unit,c_11,Glastonmere,hx_44859,T4_dependency_or_terrain_edge,dispersed rural community,,Crownley,Crownley,included_in_working_authority_name_closure,approved_blank_name_closure_applied,V04-PLACE-MANOR-LCU-BLANK-NAME-AND-QA-PERSON-NAME-CLOSURE-MATERIALIZATION-001,,visible_public_name,false,false,false,false,false,false,false,false,false,false,false
lcu:lcu_rural_manor_hx_45121,lcu_working_final_ready,lcu_rural_manor_hx_45121,local_community_unit,c_11,Glastonmere,hx_45121,T4_dependency_or_terrain_edge,dispersed rural community,,Hawthornley,Hawthornley,included_in_working_authority_name_closure,approved_blank_name_closure_applied,V04-PLACE-MANOR-LCU-BLANK-NAME-AND-QA-PERSON-NAME-CLOSURE-MATERIALIZATION-001,,visible_public_name,false,false,false,false,false,false,false,false,false,false,false
lcu:lcu_rural_manor_hx_45979,lcu_working_final_ready,lcu_rural_manor_hx_45979,local_community_unit,c_11,Glastonmere,hx_45979,T4_dependency_or_terrain_edge,dispersed rural community,,Wardham,Wardham,included_in_working_authority_name_closure,approved_blank_name_closure_applied,V04-PLACE-MANOR-LCU-BLANK-NAME-AND-QA-PERSON-NAME-CLOSURE-MATERIALIZATION-001,,visible_public_name,false,false,false,false,false,false,false,false,false,false,false
lcu:lcu_rural_manor_hx_44023,lcu_working_final_ready,lcu_rural_manor_hx_44023,local_community_unit,c_11,Glastonmere,hx_44023,T1_public_center_or_high_consumer,fortified_settlement,,Rowanward,Rowanward,included_in_working_authority_name_closure,approved_blank_name_closure_applied,V04-PLACE-MANOR-LCU-BLANK-NAME-AND-QA-PERSON-NAME-CLOSURE-MATERIALIZATION-001,,visible_public_name,false,false,false,false,false,false,false,false,false,false,false
lcu:lcu_rural_manor_hx_47663,lcu_working_final_ready,lcu_rural_manor_hx_47663,local_community_unit,c_11,Glastonmere,hx_47663,T1_public_center_or_high_consumer,fortified_settlement,Hartcastle,Hartcastle,Hartcastle,included_in_source_candidate_lock_view,accepted_unchanged,,,visible_public_name,false,false,false,false,false,false,false,false,false,false,false
lcu:lcu_rural_manor_hx_47666,lcu_working_final_ready,lcu_rural_manor_hx_47666,local_community_unit,c_11,Glastonmere,hx_47666,T1_public_center_or_high_consumer,fortified_settlement,Minsterbury,Minsterbury,Minsterbury,included_in_source_candidate_lock_view,accepted_unchanged,,,visible_public_name,false,false,false,false,false,false,false,false,false,false,false
lcu:lcu_rural_manor_hx_49066,lcu_working_final_ready,lcu_rural_manor_hx_49066,local_community_unit,c_11,Glastonmere,hx_49066,T1_public_center_or_high_consumer,fortified_settlement,Oak Gate,Oak Gate,Oak,included_in_source_candidate_lock_view,accepted_unchanged,,,visible_public_name,false,false,false,false,false,false,false,false,false,false,false
lcu:lcu_rural_manor_hx_50466,lcu_working_final_ready,lcu_rural_manor_hx_50466,local_community_unit,c_11,Glastonmere,hx_50466,T1_public_center_or_high_consumer,fortified_settlement,Stan Gap,Stan Gap,Stan,included_in_source_candidate_lock_view,accepted_unchanged,,,visible_public_name,false,false,false,false,false,false,false,false,false,false,false
lcu:lcu_rural_manor_hx_50746,lcu_working_final_ready,lcu_rural_manor_hx_50746,local_community_unit,c_11,Glastonmere,hx_50746,T1_public_center_or_high_consumer,fortified_settlement,,Kingsford,Kingsford,included_in_working_authority_name_closure,approved_blank_name_closure_applied,V04-PLACE-MANOR-LCU-BLANK-NAME-AND-QA-PERSON-NAME-CLOSURE-MATERIALIZATION-001,,visible_public_name,false,false,false,false,false,false,false,false,false,false,false
lcu:lcu_rural_manor_hx_46257,lcu_working_final_ready,lcu_rural_manor_hx_46257,local_community_unit,c_11,Glastonmere,hx_46257,T2_service_locality,institutional_precinct,Roodchapel,Roodchapel,Roodchapel,included_in_source_candidate_lock_view,accepted_unchanged,,,visible_public_name,false,false,false,false,false,false,false,false,false,false,false
lcu:lcu_rural_manor_hx_41775,lcu_working_final_ready,lcu_rural_manor_hx_41775,local_community_unit,c_11,Glastonmere,hx_41775,T2_service_locality,market_village,Roodwell,Roodwell,Roodwell,included_in_source_candidate_lock_view,accepted_unchanged,,,visible_public_name,false,false,false,false,false,false,false,false,false,false,false
lcu:lcu_rural_manor_hx_42334,lcu_working_final_ready,lcu_rural_manor_hx_42334,local_community_unit,c_11,Glastonmere,hx_42334,T2_service_locality,market_village,Bellstow,Bellstow,Bellstow,included_in_source_candidate_lock_view,accepted_unchanged,,,visible_public_name,false,false,false,false,false,false,false,false,false,false,false
lcu:lcu_rural_manor_hx_42337,lcu_working_final_ready,lcu_rural_manor_hx_42337,local_community_unit,c_11,Glastonmere,hx_42337,T2_service_locality,market_village,Pilgrimham,Pilgrimham,Pilgrimham,included_in_source_candidate_lock_view,accepted_unchanged,,,visible_public_name,false,false,false,false,false,false,false,false,false,false,false
lcu:lcu_rural_manor_hx_43180,lcu_working_final_ready,lcu_rural_manor_hx_43180,local_community_unit,c_11,Glastonmere,hx_43180,T2_service_locality,market_village,Falconham,Falconham,Falconham,included_in_source_candidate_lock_view,accepted_unchanged,,,visible_public_name,false,false,false,false,false,false,false,false,false,false,false
lcu:lcu_rural_manor_hx_43448,lcu_working_final_ready,lcu_rural_manor_hx_43448,local_community_unit,c_11,Glastonmere,hx_43448,T2_service_locality,market_village,Oakminster,Oakminster,Oakminster,included_in_source_candidate_lock_view,accepted_unchanged,,,visible_public_name,false,false,false,false,false,false,false,false,false,false,false
lcu:lcu_rural_manor_hx_43458,lcu_working_final_ready,lcu_rural_manor_hx_43458,local_community_unit,c_11,Glastonmere,hx_43458,T2_service_locality,market_village,Candlewick,Candlewick,Candlewick,included_in_source_candidate_lock_view,accepted_unchanged,,,visible_public_name,false,false,false,false,false,false,false,false,false,false,false
lcu:lcu_rural_manor_hx_44292,lcu_working_final_ready,lcu_rural_manor_hx_44292,local_community_unit,c_11,Glastonmere,hx_44292,T2_service_locality,market_village,Silvercote,Silvercote,Silvercote,included_in_source_candidate_lock_view,accepted_unchanged,,,visible_public_name,false,false,false,false,false,false,false,false,false,false,false
lcu:lcu_rural_manor_hx_44578,lcu_working_final_ready,lcu_rural_manor_hx_44578,local_community_unit,c_11,Glastonmere,hx_44578,T2_service_locality,market_village,Downley,Downley,Downley,included_in_source_candidate_lock_view,accepted_unchanged,,,visible_public_name,false,false,false,false,false,false,false,false,false,false,false
lcu:lcu_rural_manor_hx_44855,lcu_working_final_ready,lcu_rural_manor_hx_44855,local_community_unit,c_11,Glastonmere,hx_44855,T2_service_locality,market_village,Abbeymere,Abbeymere,Abbeymere,included_in_source_candidate_lock_view,accepted_unchanged,,,visible_public_name,false,false,false,false,false,false,false,false,false,false,false
lcu:lcu_rural_manor_hx_45973,lcu_working_final_ready,lcu_rural_manor_hx_45973,local_community_unit,c_11,Glastonmere,hx_45973,T2_service_locality,market_village,Stonestow,Stonestow,Stonestow,included_in_source_candidate_lock_view,accepted_unchanged,,,visible_public_name,false,false,false,false,false,false,false,false,false,false,false
lcu:lcu_rural_manor_hx_46255,lcu_working_final_ready,lcu_rural_manor_hx_46255,local_community_unit,c_11,Glastonmere,hx_46255,T2_service_locality,market_village,Downstow,Downstow,Downstow,included_in_source_candidate_lock_view,accepted_unchanged,,,visible_public_name,false,false,false,false,false,false,false,false,false,false,false
lcu:lcu_rural_manor_hx_46542,lcu_working_final_ready,lcu_rural_manor_hx_46542,local_community_unit,c_11,Glastonmere,hx_46542,T2_service_locality,market_village,Abbeyham,Abbeyham,Abbeyham,included_in_source_candidate_lock_view,accepted_unchanged,,,visible_public_name,false,false,false,false,false,false,false,false,false,false,false
lcu:lcu_rural_manor_hx_47657,lcu_working_final_ready,lcu_rural_manor_hx_47657,local_community_unit,c_11,Glastonmere,hx_47657,T2_service_locality,market_village,Oakton,Oakton,Oakton,included_in_source_candidate_lock_view,accepted_unchanged,,,visible_public_name,false,false,false,false,false,false,false,false,false,false,false
lcu:lcu_rural_manor_hx_47942,lcu_working_final_ready,lcu_rural_manor_hx_47942,local_community_unit,c_11,Glastonmere,hx_47942,T2_service_locality,market_village,Pilgrimstead,Pilgrimstead,Pilgrimstead,included_in_source_candidate_lock_view,accepted_unchanged,,,visible_public_name,false,false,false,false,false,false,false,false,false,false,false
lcu:lcu_rural_manor_hx_42622,lcu_working_final_ready,lcu_rural_manor_hx_42622,local_community_unit,c_11,Glastonmere,hx_42622,T4_dependency_or_terrain_edge,terrain-edge cluster,Candleworth,Candleworth,Candleworth,included_in_source_candidate_lock_view,accepted_unchanged,,,visible_public_name,false,false,false,false,false,false,false,false,false,false,false
lcu:lcu_registry_sett_hx_42899,lcu_working_final_ready,lcu_registry_sett_hx_42899,local_community_unit,c_11,Glastonmere,hx_42899,T1_public_center_or_high_consumer,town,Stonekeep,Stonekeep,Stonekeep,included_in_source_candidate_lock_view,accepted_unchanged,,,visible_public_name,false,false,false,false,false,false,false,false,false,false,false
lcu:lcu_registry_sett_hx_43168,lcu_working_final_ready,lcu_registry_sett_hx_43168,local_community_unit,c_11,Glastonmere,hx_43168,T1_public_center_or_high_consumer,town,Stonecote,Stonecote,Stonecote,included_in_source_candidate_lock_view,accepted_unchanged,,,visible_public_name,false,false,false,false,false,false,false,false,false,false,false
lcu:lcu_registry_sett_hx_44573,lcu_working_final_ready,lcu_registry_sett_hx_44573,local_community_unit,c_11,Glastonmere,hx_44573,T1_public_center_or_high_consumer,town,Glastonminster,Glastonminster,Glastonminster,included_in_source_candidate_lock_view,approved_multi_anchor_identity_member,,place_identity_county_seat_complex_glastonminster,visible_public_name,false,false,false,false,false,false,false,false,false,false,false
lcu:lcu_registry_sett_hx_45974,lcu_working_final_ready,lcu_registry_sett_hx_45974,local_community_unit,c_11,Glastonmere,hx_45974,T1_public_center_or_high_consumer,town,Roodstow,Roodstow,Roodstow,included_in_source_candidate_lock_view,accepted_unchanged,,,visible_public_name,false,false,false,false,false,false,false,false,false,false,false
lcu:lcu_registry_sett_hx_47652,lcu_working_final_ready,lcu_registry_sett_hx_47652,local_community_unit,c_11,Glastonmere,hx_47652,T1_public_center_or_high_consumer,town,Stoneham,Stoneham,Stoneham,included_in_source_candidate_lock_view,accepted_unchanged,,,visible_public_name,false,false,false,false,false,false,false,false,false,false,false
lcu:lcu_registry_sett_hx_47662,lcu_working_final_ready,lcu_registry_sett_hx_47662,local_community_unit,c_11,Glastonmere,hx_47662,T1_public_center_or_high_consumer,town,Stanmere,Stanmere,Stanmere,included_in_source_candidate_lock_view,accepted_unchanged,,,visible_public_name,false,false,false,false,false,false,false,false,false,false,false
lcu:lcu_registry_sett_hx_49063,lcu_working_final_ready,lcu_registry_sett_hx_49063,local_community_unit,c_11,Glastonmere,hx_49063,T1_public_center_or_high_consumer,town,Downbailey,Downbailey,Downbailey,included_in_source_candidate_lock_view,accepted_unchanged,,,visible_public_name,false,false,false,false,false,false,false,false,false,false,false
lcu:lcu_rural_manor_hx_40649,lcu_working_final_ready,lcu_rural_manor_hx_40649,local_community_unit,c_11,Glastonmere,hx_40649,T3_ordinary_local_community,village,Bellfriars,Bellfriars,Bellfriars,included_in_source_candidate_lock_view,accepted_unchanged,,,visible_public_name,false,false,false,false,false,false,false,false,false,false,false
lcu:lcu_rural_manor_hx_40925,lcu_working_final_ready,lcu_rural_manor_hx_40925,local_community_unit,c_11,Glastonmere,hx_40925,T3_ordinary_local_community,village,Hallowmere,Hallowmere,Hallowmere,included_in_source_candidate_lock_view,accepted_unchanged,,,visible_public_name,false,false,false,false,false,false,false,false,false,false,false
lcu:lcu_rural_manor_hx_40932,lcu_working_final_ready,lcu_rural_manor_hx_40932,local_community_unit,c_11,Glastonmere,hx_40932,T3_ordinary_local_community,village,Bellton,Bellton,Bellton,included_in_source_candidate_lock_view,accepted_unchanged,,,visible_public_name,false,false,false,false,false,false,false,false,false,false,false
lcu:lcu_rural_manor_hx_41201,lcu_working_final_ready,lcu_rural_manor_hx_41201,local_community_unit,c_11,Glastonmere,hx_41201,T3_ordinary_local_community,village,Hallowminster,Hallowminster,Hallowminster,included_in_source_candidate_lock_view,accepted_unchanged,,,visible_public_name,false,false,false,false,false,false,false,false,false,false,false
lcu:lcu_rural_manor_hx_42044,lcu_working_final_ready,lcu_rural_manor_hx_42044,local_community_unit,c_11,Glastonmere,hx_42044,T3_ordinary_local_community,village,Merestead,Merestead,Merestead,included_in_source_candidate_lock_view,accepted_unchanged,,,visible_public_name,false,false,false,false,false,false,false,false,false,false,false
lcu:lcu_rural_manor_hx_42325,lcu_working_final_ready,lcu_rural_manor_hx_42325,local_community_unit,c_11,Glastonmere,hx_42325,T3_ordinary_local_community,village,Merefield,Merefield,Merefield,included_in_source_candidate_lock_view,accepted_unchanged,,,visible_public_name,false,false,false,false,false,false,false,false,false,false,false
lcu:lcu_rural_manor_hx_42326,lcu_working_final_ready,lcu_rural_manor_hx_42326,local_community_unit,c_11,Glastonmere,hx_42326,T3_ordinary_local_community,village,Silverstow,Silverstow,Silverstow,included_in_source_candidate_lock_view,accepted_unchanged,,,visible_public_name,false,false,false,false,false,false,false,false,false,false,false
lcu:lcu_rural_manor_hx_43165,lcu_working_final_ready,lcu_rural_manor_hx_43165,local_community_unit,c_11,Glastonmere,hx_43165,T3_ordinary_local_community,village,Pilgrimwick,Pilgrimwick,Pilgrimwick,included_in_source_candidate_lock_view,accepted_unchanged,,,visible_public_name,false,false,false,false,false,false,false,false,false,false,false
lcu:lcu_rural_manor_hx_43446,lcu_working_final_ready,lcu_rural_manor_hx_43446,local_community_unit,c_11,Glastonmere,hx_43446,T3_ordinary_local_community,village,Crosschapel,Crosschapel,Crosschapel,included_in_source_candidate_lock_view,accepted_unchanged,,,visible_public_name,false,false,false,false,false,false,false,false,false,false,false
lcu:lcu_rural_manor_hx_44283,lcu_working_final_ready,lcu_rural_manor_hx_44283,local_community_unit,c_11,Glastonmere,hx_44283,T3_ordinary_local_community,village,Merecote,Merecote,Merecote,included_in_source_candidate_lock_view,accepted_unchanged,,,visible_public_name,false,false,false,false,false,false,false,false,false,false,false
lcu:lcu_rural_manor_hx_44285,lcu_working_final_ready,lcu_rural_manor_hx_44285,local_community_unit,c_11,Glastonmere,hx_44285,T3_ordinary_local_community,village,Abbeywell,Abbeywell,Abbeywell,included_in_source_candidate_lock_view,accepted_unchanged,,,visible_public_name,false,false,false,false,false,false,false,false,false,false,false
lcu:lcu_rural_manor_hx_44567,lcu_working_final_ready,lcu_rural_manor_hx_44567,local_community_unit,c_11,Glastonmere,hx_44567,T3_ordinary_local_community,village,Hallowham,Hallowham,Hallowham,included_in_source_candidate_lock_view,accepted_unchanged,,,visible_public_name,false,false,false,false,false,false,false,false,false,false,false
lcu:lcu_rural_manor_hx_44841,lcu_working_final_ready,lcu_rural_manor_hx_44841,local_community_unit,c_11,Glastonmere,hx_44841,T3_ordinary_local_community,village,Bellbury,Bellbury,Bellbury,included_in_source_candidate_lock_view,accepted_unchanged,,,visible_public_name,false,false,false,false,false,false,false,false,false,false,false
lcu:lcu_rural_manor_hx_45130,lcu_working_final_ready,lcu_rural_manor_hx_45130,local_community_unit,c_11,Glastonmere,hx_45130,T3_ordinary_local_community,village,Lilystead,Lilystead,Lilystead,included_in_source_candidate_lock_view,accepted_unchanged,,,visible_public_name,false,false,false,false,false,false,false,false,false,false,false
lcu:lcu_rural_manor_hx_45679,lcu_working_final_ready,lcu_rural_manor_hx_45679,local_community_unit,c_11,Glastonmere,hx_45679,T3_ordinary_local_community,village,Saintley,Saintley,Saintley,included_in_source_candidate_lock_view,accepted_unchanged,,,visible_public_name,false,false,false,false,false,false,false,false,false,false,false
lcu:lcu_rural_manor_hx_45690,lcu_working_final_ready,lcu_rural_manor_hx_45690,local_community_unit,c_11,Glastonmere,hx_45690,T3_ordinary_local_community,village,Fenworth,Fenworth,Fenworth,included_in_source_candidate_lock_view,accepted_unchanged,,,visible_public_name,false,false,false,false,false,false,false,false,false,false,false
lcu:lcu_rural_manor_hx_45702,lcu_working_final_ready,lcu_rural_manor_hx_45702,local_community_unit,c_11,Glastonmere,hx_45702,T3_ordinary_local_community,village,Paxworth,Paxworth,Paxworth,included_in_source_candidate_lock_view,accepted_unchanged,,,visible_public_name,false,false,false,false,false,false,false,false,false,false,false
lcu:lcu_rural_manor_hx_45964,lcu_working_final_ready,lcu_rural_manor_hx_45964,local_community_unit,c_11,Glastonmere,hx_45964,T3_ordinary_local_community,village,Lilyham,Lilyham,Lilyham,included_in_source_candidate_lock_view,accepted_unchanged,,,visible_public_name,false,false,false,false,false,false,false,false,false,false,false
lcu:lcu_rural_manor_hx_46247,lcu_working_final_ready,lcu_rural_manor_hx_46247,local_community_unit,c_11,Glastonmere,hx_46247,T3_ordinary_local_community,village,Paxwick,Paxwick,Paxwick,included_in_source_candidate_lock_view,accepted_unchanged,,,visible_public_name,false,false,false,false,false,false,false,false,false,false,false
lcu:lcu_rural_manor_hx_46251,lcu_working_final_ready,lcu_rural_manor_hx_46251,local_community_unit,c_11,Glastonmere,hx_46251,T3_ordinary_local_community,village,Saintworth,Saintworth,Saintworth,included_in_source_candidate_lock_view,accepted_unchanged,,,visible_public_name,false,false,false,false,false,false,false,false,false,false,false
lcu:lcu_rural_manor_hx_46797,lcu_working_final_ready,lcu_rural_manor_hx_46797,local_community_unit,c_11,Glastonmere,hx_46797,T3_ordinary_local_community,village,Stanley,Stanley,Stanley,included_in_source_candidate_lock_view,accepted_unchanged,,,visible_public_name,false,false,false,false,false,false,false,false,false,false,false
lcu:lcu_rural_manor_hx_47369,lcu_working_final_ready,lcu_rural_manor_hx_47369,local_community_unit,c_11,Glastonmere,hx_47369,T3_ordinary_local_community,village,Fenfold,Fenfold,Fenfold,included_in_source_candidate_lock_view,accepted_unchanged,,,visible_public_name,false,false,false,false,false,false,false,false,false,false,false
lcu:lcu_rural_manor_hx_43935,lcu_working_final_ready,lcu_rural_manor_hx_43935,local_community_unit,c_12,Harrowfield,hx_43935,T3_ordinary_local_community,hamlet,Harrowminster,Harrowminster,Harrowminster,included_in_source_candidate_lock_view,accepted_unchanged,,,visible_public_name,false,false,false,false,false,false,false,false,false,false,false
lcu:lcu_rural_manor_hx_45058,lcu_working_final_ready,lcu_rural_manor_hx_45058,local_community_unit,c_12,Harrowfield,hx_45058,T3_ordinary_local_community,hamlet,Barnworth,Barnworth,Barnworth,included_in_source_candidate_lock_view,accepted_unchanged,,,visible_public_name,false,false,false,false,false,false,false,false,false,false,false
lcu:lcu_rural_manor_hx_45622,lcu_working_final_ready,lcu_rural_manor_hx_45622,local_community_unit,c_12,Harrowfield,hx_45622,T3_ordinary_local_community,hamlet,Wheatcell,Wheatcell,Wheatcell,included_in_source_candidate_lock_view,accepted_unchanged,,,visible_public_name,false,false,false,false,false,false,false,false,false,false,false
lcu:lcu_rural_manor_hx_45901,lcu_working_final_ready,lcu_rural_manor_hx_45901,local_community_unit,c_12,Harrowfield,hx_45901,T3_ordinary_local_community,hamlet,Greenhallow,Greenhallow,Greenhallow,included_in_source_candidate_lock_view,accepted_unchanged,,,visible_public_name,false,false,false,false,false,false,false,false,false,false,false
lcu:lcu_rural_manor_hx_46463,lcu_working_final_ready,lcu_rural_manor_hx_46463,local_community_unit,c_12,Harrowfield,hx_46463,T3_ordinary_local_community,hamlet,Stonepriory,Stonepriory,Stonepriory,included_in_source_candidate_lock_view,accepted_unchanged,,,visible_public_name,false,false,false,false,false,false,false,false,false,false,false
lcu:lcu_rural_manor_hx_47025,lcu_working_final_ready,lcu_rural_manor_hx_47025,local_community_unit,c_12,Harrowfield,hx_47025,T3_ordinary_local_community,hamlet,Barleyham,Barleyham,Barleyham,included_in_source_candidate_lock_view,accepted_unchanged,,,visible_public_name,false,false,false,false,false,false,false,false,false,false,false
lcu:lcu_rural_manor_hx_50405,lcu_working_final_ready,lcu_rural_manor_hx_50405,local_community_unit,c_12,Harrowfield,hx_50405,T3_ordinary_local_community,hamlet,Fallowfield,Fallowfield,Fallowfield,included_in_source_candidate_lock_view,accepted_unchanged,,,visible_public_name,false,false,false,false,false,false,false,false,false,false,false
lcu:lcu_rural_manor_hx_47029,lcu_working_final_ready,lcu_rural_manor_hx_47029,local_community_unit,c_12,Harrowfield,hx_47029,T2_service_locality,institutional_precinct,Sheafwick,Sheafwick,Sheafwick,included_in_source_candidate_lock_view,accepted_unchanged,,,visible_public_name,false,false,false,false,false,false,false,false,false,false,false
lcu:lcu_rural_manor_hx_47039,lcu_working_final_ready,lcu_rural_manor_hx_47039,local_community_unit,c_12,Harrowfield,hx_47039,T2_service_locality,institutional_precinct,Oatenstow,Oatenstow,Oatenstow,included_in_source_candidate_lock_view,accepted_unchanged,,,visible_public_name,false,false,false,false,false,false,false,false,false,false,false
lcu:lcu_rural_manor_hx_47316,lcu_working_final_ready,lcu_rural_manor_hx_47316,local_community_unit,c_12,Harrowfield,hx_47316,T2_service_locality,institutional_precinct,Maltworth,Maltworth,Maltworth,included_in_source_candidate_lock_view,accepted_unchanged,,,visible_public_name,false,false,false,false,false,false,false,false,false,false,false
lcu:lcu_rural_manor_hx_47318,lcu_working_final_ready,lcu_rural_manor_hx_47318,local_community_unit,c_12,Harrowfield,hx_47318,T2_service_locality,institutional_precinct,Acreham,Acreham,Acreham,included_in_source_candidate_lock_view,accepted_unchanged,,,visible_public_name,false,false,false,false,false,false,false,false,false,false,false
lcu:lcu_rural_manor_hx_47327,lcu_working_final_ready,lcu_rural_manor_hx_47327,local_community_unit,c_12,Harrowfield,hx_47327,T2_service_locality,institutional_precinct,Ploughley,Ploughley,Ploughley,included_in_source_candidate_lock_view,accepted_unchanged,,,visible_public_name,false,false,false,false,false,false,false,false,false,false,false
lcu:lcu_rural_manor_hx_47595,lcu_working_final_ready,lcu_rural_manor_hx_47595,local_community_unit,c_12,Harrowfield,hx_47595,T2_service_locality,institutional_precinct,Harrowcote,Harrowcote,Harrowcote,included_in_source_candidate_lock_view,accepted_unchanged,,,visible_public_name,false,false,false,false,false,false,false,false,false,false,false
lcu:lcu_rural_manor_hx_47872,lcu_working_final_ready,lcu_rural_manor_hx_47872,local_community_unit,c_12,Harrowfield,hx_47872,T2_service_locality,institutional_precinct,Broadfield,Broadfield,Broadfield,included_in_source_candidate_lock_view,accepted_unchanged,,,visible_public_name,false,false,false,false,false,false,false,false,false,false,false
lcu:lcu_rural_manor_hx_47874,lcu_working_final_ready,lcu_rural_manor_hx_47874,local_community_unit,c_12,Harrowfield,hx_47874,T2_service_locality,institutional_precinct,Fallowminster,Fallowminster,Fallowminster,included_in_source_candidate_lock_view,accepted_unchanged,,,visible_public_name,false,false,false,false,false,false,false,false,false,false,false
lcu:lcu_rural_manor_hx_47876,lcu_working_final_ready,lcu_rural_manor_hx_47876,local_community_unit,c_12,Harrowfield,hx_47876,T2_service_locality,institutional_precinct,Barleydown,Barleydown,Barleydown,included_in_source_candidate_lock_view,accepted_unchanged,,,visible_public_name,false,false,false,false,false,false,false,false,false,false,false
lcu:lcu_rural_manor_hx_48149,lcu_working_final_ready,lcu_rural_manor_hx_48149,local_community_unit,c_12,Harrowfield,hx_48149,T2_service_locality,institutional_precinct,Sheafham,Sheafham,Sheafham,included_in_source_candidate_lock_view,accepted_unchanged,,,visible_public_name,false,false,false,false,false,false,false,false,false,false,false
lcu:lcu_rural_manor_hx_48162,lcu_working_final_ready,lcu_rural_manor_hx_48162,local_community_unit,c_12,Harrowfield,hx_48162,T2_service_locality,institutional_precinct,Fieldbrook,Fieldbrook,Fieldbrook,included_in_source_candidate_lock_view,accepted_unchanged,,,visible_public_name,false,false,false,false,false,false,false,false,false,false,false
lcu:lcu_rural_manor_hx_48429,lcu_working_final_ready,lcu_rural_manor_hx_48429,local_community_unit,c_12,Harrowfield,hx_48429,T2_service_locality,institutional_precinct,Maltcote,Maltcote,Maltcote,included_in_source_candidate_lock_view,accepted_unchanged,,,visible_public_name,false,false,false,false,false,false,false,false,false,false,false
lcu:lcu_rural_manor_hx_48439,lcu_working_final_ready,lcu_rural_manor_hx_48439,local_community_unit,c_12,Harrowfield,hx_48439,T2_service_locality,institutional_precinct,Greenstead,Greenstead,Greenstead,included_in_source_candidate_lock_view,accepted_unchanged,,,visible_public_name,false,false,false,false,false,false,false,false,false,false,false
lcu:lcu_rural_manor_hx_48448,lcu_working_final_ready,lcu_rural_manor_hx_48448,local_community_unit,c_12,Harrowfield,hx_48448,T2_service_locality,institutional_precinct,Acrewick,Acrewick,Acrewick,included_in_source_candidate_lock_view,accepted_unchanged,,,visible_public_name,false,false,false,false,false,false,false,false,false,false,false
lcu:lcu_rural_manor_hx_48714,lcu_working_final_ready,lcu_rural_manor_hx_48714,local_community_unit,c_12,Harrowfield,hx_48714,T2_service_locality,institutional_precinct,Ploughton,Ploughton,Ploughton,included_in_source_candidate_lock_view,accepted_unchanged,,,visible_public_name,false,false,false,false,false,false,false,false,false,false,false
lcu:lcu_rural_manor_hx_48730,lcu_working_final_ready,lcu_rural_manor_hx_48730,local_community_unit,c_12,Harrowfield,hx_48730,T2_service_locality,institutional_precinct,Deepminster,Deepminster,Deepminster,included_in_source_candidate_lock_view,accepted_unchanged,,,visible_public_name,false,false,false,false,false,false,false,false,false,false,false
lcu:lcu_rural_manor_hx_49277,lcu_working_final_ready,lcu_rural_manor_hx_49277,local_community_unit,c_12,Harrowfield,hx_49277,T2_service_locality,institutional_precinct,Stonedown,Stonedown,Stonedown,included_in_source_candidate_lock_view,accepted_unchanged,,,visible_public_name,false,false,false,false,false,false,false,false,false,false,false
lcu:lcu_rural_manor_hx_49290,lcu_working_final_ready,lcu_rural_manor_hx_49290,local_community_unit,c_12,Harrowfield,hx_49290,T2_service_locality,institutional_precinct,Broadhallow,Broadhallow,Broadhallow,included_in_source_candidate_lock_view,accepted_unchanged,,,visible_public_name,false,false,false,false,false,false,false,false,false,false,false
lcu:lcu_rural_manor_hx_49566,lcu_working_final_ready,lcu_rural_manor_hx_49566,local_community_unit,c_12,Harrowfield,hx_49566,T2_service_locality,institutional_precinct,Fallowworth,Fallowworth,Fallowworth,included_in_source_candidate_lock_view,accepted_unchanged,,,visible_public_name,false,false,false,false,false,false,false,false,false,false,false
lcu:lcu_rural_manor_hx_49834,lcu_working_final_ready,lcu_rural_manor_hx_49834,local_community_unit,c_12,Harrowfield,hx_49834,T2_service_locality,institutional_precinct,Larkley,Larkley,Larkley,included_in_source_candidate_lock_view,accepted_unchanged,,,visible_public_name,false,false,false,false,false,false,false,false,false,false,false
lcu:lcu_rural_manor_hx_50959,lcu_working_final_ready,lcu_rural_manor_hx_50959,local_community_unit,c_12,Harrowfield,hx_50959,T2_service_locality,institutional_precinct,Sheafdown,Sheafdown,Sheafdown,included_in_source_candidate_lock_view,accepted_unchanged,,,visible_public_name,false,false,false,false,false,false,false,false,false,false,false
lcu:lcu_rural_manor_hx_42259,lcu_working_final_ready,lcu_rural_manor_hx_42259,local_community_unit,c_12,Harrowfield,hx_42259,T4_dependency_or_terrain_edge,terrain-edge cluster,Wheatton,Wheatton,Wheatton,included_in_source_candidate_lock_view,accepted_unchanged,,,visible_public_name,false,false,false,false,false,false,false,false,false,false,false
lcu:lcu_rural_manor_hx_42537,lcu_working_final_ready,lcu_rural_manor_hx_42537,local_community_unit,c_12,Harrowfield,hx_42537,T4_dependency_or_terrain_edge,terrain-edge cluster,Hayfield,Hayfield,Hayfield,included_in_source_candidate_lock_view,accepted_unchanged,,,visible_public_name,false,false,false,false,false,false,false,false,false,false,false
lcu:lcu_rural_manor_hx_42541,lcu_working_final_ready,lcu_rural_manor_hx_42541,local_community_unit,c_12,Harrowfield,hx_42541,T4_dependency_or_terrain_edge,terrain-edge cluster,Sicklebury,Sicklebury,Sicklebury,included_in_source_candidate_lock_view,accepted_unchanged,,,visible_public_name,false,false,false,false,false,false,false,false,false,false,false
lcu:lcu_rural_manor_hx_42823,lcu_working_final_ready,lcu_rural_manor_hx_42823,local_community_unit,c_12,Harrowfield,hx_42823,T4_dependency_or_terrain_edge,terrain-edge cluster,Haycote,Haycote,Haycote,included_in_source_candidate_lock_view,accepted_unchanged,,,visible_public_name,false,false,false,false,false,false,false,false,false,false,false
lcu:lcu_rural_manor_hx_42826,lcu_working_final_ready,lcu_rural_manor_hx_42826,local_community_unit,c_12,Harrowfield,hx_42826,T4_dependency_or_terrain_edge,terrain-edge cluster,Greenstow,Greenstow,Greenstow,included_in_source_candidate_lock_view,accepted_unchanged,,,visible_public_name,false,false,false,false,false,false,false,false,false,false,false
lcu:lcu_rural_manor_hx_43096,lcu_working_final_ready,lcu_rural_manor_hx_43096,local_community_unit,c_12,Harrowfield,hx_43096,T4_dependency_or_terrain_edge,terrain-edge cluster,Stoneedge,Stoneedge,Stoneedge,included_in_source_candidate_lock_view,accepted_unchanged,,,visible_public_name,false,false,false,false,false,false,false,false,false,false,false
lcu:lcu_rural_manor_hx_43099,lcu_working_final_ready,lcu_rural_manor_hx_43099,local_community_unit,c_12,Harrowfield,hx_43099,T4_dependency_or_terrain_edge,terrain-edge cluster,Ploughworth,Ploughworth,Ploughworth,included_in_source_candidate_lock_view,accepted_unchanged,,,visible_public_name,false,false,false,false,false,false,false,false,false,false,false
lcu:lcu_rural_manor_hx_43376,lcu_working_final_ready,lcu_rural_manor_hx_43376,local_community_unit,c_12,Harrowfield,hx_43376,T4_dependency_or_terrain_edge,terrain-edge cluster,Stubblefield,Stubblefield,Stubblefield,included_in_source_candidate_lock_view,accepted_unchanged,,,visible_public_name,false,false,false,false,false,false,false,false,false,false,false
lcu:lcu_rural_manor_hx_43384,lcu_working_final_ready,lcu_rural_manor_hx_43384,local_community_unit,c_12,Harrowfield,hx_43384,T4_dependency_or_terrain_edge,terrain-edge cluster,Stubbleworth,Stubbleworth,Stubbleworth,included_in_source_candidate_lock_view,accepted_unchanged,,,visible_public_name,false,false,false,false,false,false,false,false,false,false,false
lcu:lcu_rural_manor_hx_43386,lcu_working_final_ready,lcu_rural_manor_hx_43386,local_community_unit,c_12,Harrowfield,hx_43386,T4_dependency_or_terrain_edge,terrain-edge cluster,Furrowcroft,Furrowcroft,Furrowcroft,included_in_source_candidate_lock_view,accepted_unchanged,,,visible_public_name,false,false,false,false,false,false,false,false,false,false,false
lcu:lcu_rural_manor_hx_43388,lcu_working_final_ready,lcu_rural_manor_hx_43388,local_community_unit,c_12,Harrowfield,hx_43388,T4_dependency_or_terrain_edge,terrain-edge cluster,Broadworth,Broadworth,Broadworth,included_in_source_candidate_lock_view,accepted_unchanged,,,visible_public_name,false,false,false,false,false,false,false,false,false,false,false
lcu:lcu_rural_manor_hx_43673,lcu_working_final_ready,lcu_rural_manor_hx_43673,local_community_unit,c_12,Harrowfield,hx_43673,T4_dependency_or_terrain_edge,terrain-edge cluster,Ryecroft,Ryecroft,Ryecroft,included_in_source_candidate_lock_view,accepted_unchanged,,,visible_public_name,false,false,false,false,false,false,false,false,false,false,false
lcu:lcu_rural_manor_hx_43940,lcu_working_final_ready,lcu_rural_manor_hx_43940,local_community_unit,c_12,Harrowfield,hx_43940,T4_dependency_or_terrain_edge,terrain-edge cluster,Wheatbank,Wheatbank,Wheatbank,included_in_source_candidate_lock_view,accepted_unchanged,,,visible_public_name,false,false,false,false,false,false,false,false,false,false,false
lcu:lcu_rural_manor_hx_43942,lcu_working_final_ready,lcu_rural_manor_hx_43942,local_community_unit,c_12,Harrowfield,hx_43942,T4_dependency_or_terrain_edge,terrain-edge cluster,Ryewick,Ryewick,Ryewick,included_in_source_candidate_lock_view,accepted_unchanged,,,visible_public_name,false,false,false,false,false,false,false,false,false,false,false
lcu:lcu_rural_manor_hx_43944,lcu_working_final_ready,lcu_rural_manor_hx_43944,local_community_unit,c_12,Harrowfield,hx_43944,T4_dependency_or_terrain_edge,terrain-edge cluster,Larkwell,Larkwell,Larkwell,included_in_source_candidate_lock_view,accepted_unchanged,,,visible_public_name,false,false,false,false,false,false,false,false,false,false,false
lcu:lcu_rural_manor_hx_44219,lcu_working_final_ready,lcu_rural_manor_hx_44219,local_community_unit,c_12,Harrowfield,hx_44219,T4_dependency_or_terrain_edge,terrain-edge cluster,Ridgestead,Ridgestead,Ridgestead,included_in_source_candidate_lock_view,accepted_unchanged,,,visible_public_name,false,false,false,false,false,false,false,false,false,false,false
lcu:lcu_rural_manor_hx_44231,lcu_working_final_ready,lcu_rural_manor_hx_44231,local_community_unit,c_12,Harrowfield,hx_44231,T4_dependency_or_terrain_edge,terrain-edge cluster,Deepcote,Deepcote,Deepcote,included_in_source_candidate_lock_view,accepted_unchanged,,,visible_public_name,false,false,false,false,false,false,false,false,false,false,false
lcu:lcu_rural_manor_hx_44501,lcu_working_final_ready,lcu_rural_manor_hx_44501,local_community_unit,c_12,Harrowfield,hx_44501,T4_dependency_or_terrain_edge,terrain-edge cluster,Furrowley,Furrowley,Furrowley,included_in_source_candidate_lock_view,accepted_unchanged,,,visible_public_name,false,false,false,false,false,false,false,false,false,false,false
lcu:lcu_rural_manor_hx_44785,lcu_working_final_ready,lcu_rural_manor_hx_44785,local_community_unit,c_12,Harrowfield,hx_44785,T4_dependency_or_terrain_edge,terrain-edge cluster,Downton,Downton,Downton,included_in_source_candidate_lock_view,accepted_unchanged,,,visible_public_name,false,false,false,false,false,false,false,false,false,false,false
lcu:lcu_rural_manor_hx_44795,lcu_working_final_ready,lcu_rural_manor_hx_44795,local_community_unit,c_12,Harrowfield,hx_44795,T4_dependency_or_terrain_edge,terrain-edge cluster,Furrowwick,Furrowwick,Furrowwick,included_in_source_candidate_lock_view,accepted_unchanged,,,visible_public_name,false,false,false,false,false,false,false,false,false,false,false
lcu:lcu_rural_manor_hx_45061,lcu_working_final_ready,lcu_rural_manor_hx_45061,local_community_unit,c_12,Harrowfield,hx_45061,T4_dependency_or_terrain_edge,terrain-edge cluster,Barleyedge,Barleyedge,Barleyedge,included_in_source_candidate_lock_view,accepted_unchanged,,,visible_public_name,false,false,false,false,false,false,false,false,false,false,false
lcu:lcu_rural_manor_hx_45062,lcu_working_final_ready,lcu_rural_manor_hx_45062,local_community_unit,c_12,Harrowfield,hx_45062,T4_dependency_or_terrain_edge,terrain-edge cluster,Deepworth,Deepworth,Deepworth,included_in_source_candidate_lock_view,accepted_unchanged,,,visible_public_name,false,false,false,false,false,false,false,false,false,false,false
lcu:lcu_rural_manor_hx_45067,lcu_working_final_ready,lcu_rural_manor_hx_45067,local_community_unit,c_12,Harrowfield,hx_45067,T4_dependency_or_terrain_edge,terrain-edge cluster,Haywick,Haywick,Haywick,included_in_source_candidate_lock_view,accepted_unchanged,,,visible_public_name,false,false,false,false,false,false,false,false,false,false,false
lcu:lcu_rural_manor_hx_45071,lcu_working_final_ready,lcu_rural_manor_hx_45071,local_community_unit,c_12,Harrowfield,hx_45071,T4_dependency_or_terrain_edge,terrain-edge cluster,Acrefold,Acrefold,Acrefold,included_in_source_candidate_lock_view,accepted_unchanged,,,visible_public_name,false,false,false,false,false,false,false,false,false,false,false
lcu:lcu_rural_manor_hx_45079,lcu_working_final_ready,lcu_rural_manor_hx_45079,local_community_unit,c_12,Harrowfield,hx_45079,T4_dependency_or_terrain_edge,terrain-edge cluster,Ridgeham,Ridgeham,Ridgeham,included_in_source_candidate_lock_view,accepted_unchanged,,,visible_public_name,false,false,false,false,false,false,false,false,false,false,false
lcu:lcu_rural_manor_hx_45345,lcu_working_final_ready,lcu_rural_manor_hx_45345,local_community_unit,c_12,Harrowfield,hx_45345,T4_dependency_or_terrain_edge,terrain-edge cluster,Oatenfold,Oatenfold,Oatenfold,included_in_source_candidate_lock_view,accepted_unchanged,,,visible_public_name,false,false,false,false,false,false,false,false,false,false,false
lcu:lcu_rural_manor_hx_45631,lcu_working_final_ready,lcu_rural_manor_hx_45631,local_community_unit,c_12,Harrowfield,hx_45631,T4_dependency_or_terrain_edge,terrain-edge cluster,Barleyton,Barleyton,Barleyton,included_in_source_candidate_lock_view,accepted_unchanged,,,visible_public_name,false,false,false,false,false,false,false,false,false,false,false
lcu:lcu_rural_manor_hx_45635,lcu_working_final_ready,lcu_rural_manor_hx_45635,local_community_unit,c_12,Harrowfield,hx_45635,T4_dependency_or_terrain_edge,terrain-edge cluster,Wheatbrook,Wheatbrook,Wheatbrook,included_in_source_candidate_lock_view,accepted_unchanged,,,visible_public_name,false,false,false,false,false,false,false,false,false,false,false
lcu:lcu_rural_manor_hx_45636,lcu_working_final_ready,lcu_rural_manor_hx_45636,local_community_unit,c_12,Harrowfield,hx_45636,T4_dependency_or_terrain_edge,terrain-edge cluster,Ryecote,Ryecote,Ryecote,included_in_source_candidate_lock_view,accepted_unchanged,,,visible_public_name,false,false,false,false,false,false,false,false,false,false,false
lcu:lcu_rural_manor_hx_45904,lcu_working_final_ready,lcu_rural_manor_hx_45904,local_community_unit,c_12,Harrowfield,hx_45904,T4_dependency_or_terrain_edge,terrain-edge cluster,Downbrook,Downbrook,Downbrook,included_in_source_candidate_lock_view,accepted_unchanged,,,visible_public_name,false,false,false,false,false,false,false,false,false,false,false
lcu:lcu_rural_manor_hx_45906,lcu_working_final_ready,lcu_rural_manor_hx_45906,local_community_unit,c_12,Harrowfield,hx_45906,T4_dependency_or_terrain_edge,terrain-edge cluster,Barnham,Barnham,Barnham,included_in_source_candidate_lock_view,accepted_unchanged,,,visible_public_name,false,false,false,false,false,false,false,false,false,false,false
lcu:lcu_rural_manor_hx_45908,lcu_working_final_ready,lcu_rural_manor_hx_45908,local_community_unit,c_12,Harrowfield,hx_45908,T4_dependency_or_terrain_edge,terrain-edge cluster,Larkworth,Larkworth,Larkworth,included_in_source_candidate_lock_view,accepted_unchanged,,,visible_public_name,false,false,false,false,false,false,false,false,false,false,false
lcu:lcu_rural_manor_hx_45909,lcu_working_final_ready,lcu_rural_manor_hx_45909,local_community_unit,c_12,Harrowfield,hx_45909,T4_dependency_or_terrain_edge,terrain-edge cluster,Maltdown,Maltdown,Maltdown,included_in_source_candidate_lock_view,accepted_unchanged,,,visible_public_name,false,false,false,false,false,false,false,false,false,false,false
lcu:lcu_rural_manor_hx_46466,lcu_working_final_ready,lcu_rural_manor_hx_46466,local_community_unit,c_12,Harrowfield,hx_46466,T4_dependency_or_terrain_edge,terrain-edge cluster,Greenbarrow,Greenbarrow,Greenbarrow,included_in_source_candidate_lock_view,accepted_unchanged,,,visible_public_name,false,false,false,false,false,false,false,false,false,false,false
lcu:lcu_rural_manor_hx_46472,lcu_working_final_ready,lcu_rural_manor_hx_46472,local_community_unit,c_12,Harrowfield,hx_46472,T4_dependency_or_terrain_edge,terrain-edge cluster,Barnwell,Barnwell,Barnwell,included_in_source_candidate_lock_view,accepted_unchanged,,,visible_public_name,false,false,false,false,false,false,false,false,false,false,false
lcu:lcu_rural_manor_hx_46474,lcu_working_final_ready,lcu_rural_manor_hx_46474,local_community_unit,c_12,Harrowfield,hx_46474,T4_dependency_or_terrain_edge,terrain-edge cluster,Oatenfield,Oatenfield,Oatenfield,included_in_source_candidate_lock_view,accepted_unchanged,,,visible_public_name,false,false,false,false,false,false,false,false,false,false,false
lcu:lcu_rural_manor_hx_46476,lcu_working_final_ready,lcu_rural_manor_hx_46476,local_community_unit,c_12,Harrowfield,hx_46476,T4_dependency_or_terrain_edge,terrain-edge cluster,Sicklefield,Sicklefield,Sicklefield,included_in_source_candidate_lock_view,accepted_unchanged,,,visible_public_name,false,false,false,false,false,false,false,false,false,false,false
lcu:lcu_rural_manor_hx_46479,lcu_working_final_ready,lcu_rural_manor_hx_46479,local_community_unit,c_12,Harrowfield,hx_46479,T4_dependency_or_terrain_edge,terrain-edge cluster,Fallowedge,Fallowedge,Fallowedge,included_in_source_candidate_lock_view,accepted_unchanged,,,visible_public_name,false,false,false,false,false,false,false,false,false,false,false
lcu:lcu_rural_manor_hx_46750,lcu_working_final_ready,lcu_rural_manor_hx_46750,local_community_unit,c_12,Harrowfield,hx_46750,T4_dependency_or_terrain_edge,terrain-edge cluster,Sicklewick,Sicklewick,Sicklewick,included_in_source_candidate_lock_view,accepted_unchanged,,,visible_public_name,false,false,false,false,false,false,false,false,false,false,false
lcu:lcu_rural_manor_hx_46751,lcu_working_final_ready,lcu_rural_manor_hx_46751,local_community_unit,c_12,Harrowfield,hx_46751,T4_dependency_or_terrain_edge,terrain-edge cluster,Barley,Barley,Barley,included_in_source_candidate_lock_view,accepted_unchanged,,,visible_public_name,false,false,false,false,false,false,false,false,false,false,false
lcu:lcu_rural_manor_hx_46765,lcu_working_final_ready,lcu_rural_manor_hx_46765,local_community_unit,c_12,Harrowfield,hx_46765,T4_dependency_or_terrain_edge,terrain-edge cluster,Harrowfieldsteadeff7,Harrowfieldsteadeff7,Harrowfieldsteadeff7,included_in_source_candidate_lock_view,accepted_unchanged,,,visible_public_name,false,false,false,false,false,false,false,false,false,false,false
lcu:lcu_rural_manor_hx_47047,lcu_working_final_ready,lcu_rural_manor_hx_47047,local_community_unit,c_12,Harrowfield,hx_47047,T4_dependency_or_terrain_edge,terrain-edge cluster,Harrowfieldsteadfd43,Harrowfieldsteadfd43,Harrowfieldsteadfd43,included_in_source_candidate_lock_view,accepted_unchanged,,,visible_public_name,false,false,false,false,false,false,false,false,false,false,false
lcu:lcu_rural_manor_hx_51811,lcu_working_final_ready,lcu_rural_manor_hx_51811,local_community_unit,c_12,Harrowfield,hx_51811,T4_dependency_or_terrain_edge,terrain-edge cluster,Harrowfieldstead971c,Harrowfieldstead971c,Harrowfieldstead971c,included_in_source_candidate_lock_view,accepted_unchanged,,,visible_public_name,false,false,false,false,false,false,false,false,false,false,false
lcu:lcu_registry_sett_hx_47880,lcu_working_final_ready,lcu_registry_sett_hx_47880,local_community_unit,c_12,Harrowfield,hx_47880,T1_public_center_or_high_consumer,town,Harrowbury,Harrowbury,Harrowbury,included_in_source_candidate_lock_view,approved_multi_anchor_identity_member,,place_identity_county_seat_complex_harrowbury,visible_public_name,false,false,false,false,false,false,false,false,false,false,false
lcu:lcu_registry_sett_hx_48450,lcu_working_final_ready,lcu_registry_sett_hx_48450,local_community_unit,c_12,Harrowfield,hx_48450,T1_public_center_or_high_consumer,town,Harrowfieldsteadc82d,Harrowton,Harrowton,included_in_source_candidate_lock_view,approved_name_repair_applied,PNC-REPAIR-027,,visible_public_name,false,false,false,false,false,false,false,false,false,false,false
lcu:lcu_registry_sett_hx_48725,lcu_working_final_ready,lcu_registry_sett_hx_48725,local_community_unit,c_12,Harrowfield,hx_48725,T1_public_center_or_high_consumer,town,Stubbleham,Stubbleham,Stubbleham,included_in_source_candidate_lock_view,accepted_unchanged,,,visible_public_name,false,false,false,false,false,false,false,false,false,false,false
lcu:lcu_rural_manor_hx_44800,lcu_working_final_ready,lcu_rural_manor_hx_44800,local_community_unit,c_12,Harrowfield,hx_44800,T3_ordinary_local_community,village,Harrowfieldstead0d58,Harrowfieldstead0d58,Harrowfieldstead0d58,included_in_source_candidate_lock_view,accepted_unchanged,,,visible_public_name,false,false,false,false,false,false,false,false,false,false,false
lcu:lcu_rural_manor_hx_51531,lcu_working_final_ready,lcu_rural_manor_hx_51531,local_community_unit,c_12,Harrowfield,hx_51531,T3_ordinary_local_community,village,Harrowfieldstead Vale,Harrowfieldstead Vale,Harrowfieldstead Vale,included_in_source_candidate_lock_view,accepted_unchanged,,,visible_public_name,false,false,false,false,false,false,false,false,false,false,false
lcu:lcu_rural_manor_hx_52093,lcu_working_final_ready,lcu_rural_manor_hx_52093,local_community_unit,c_12,Harrowfield,hx_52093,T3_ordinary_local_community,village,Harrowfieldstead Cross,Harrowfieldstead Cross,Harrowfieldstead Cross,included_in_source_candidate_lock_view,accepted_unchanged,,,visible_public_name,false,false,false,false,false,false,false,false,false,false,false
lcu:lcu_rural_manor_hx_52655,lcu_working_final_ready,lcu_rural_manor_hx_52655,local_community_unit,c_12,Harrowfield,hx_52655,T3_ordinary_local_community,village,Stubblebrook,Stubblebrook,Stubblebrook,included_in_source_candidate_lock_view,accepted_unchanged,,,visible_public_name,false,false,false,false,false,false,false,false,false,false,false
lcu:lcu_rural_manor_hx_45669,lcu_working_final_ready,lcu_rural_manor_hx_45669,local_community_unit,c_13,Ivydale,hx_45669,T4_dependency_or_terrain_edge,dispersed rural community,,Northvale,Northvale,included_in_working_authority_name_closure,approved_blank_name_closure_applied,V04-PLACE-MANOR-LCU-BLANK-NAME-AND-QA-PERSON-NAME-CLOSURE-MATERIALIZATION-001,,visible_public_name,false,false,false,false,false,false,false,false,false,false,false
lcu:lcu_rural_manor_hx_55469,lcu_working_final_ready,lcu_rural_manor_hx_55469,local_community_unit,c_13,Ivydale,hx_55469,T3_ordinary_local_community,hamlet,Greenridge,Greenridge,Greenridge,included_in_source_candidate_lock_view,accepted_unchanged,,,visible_public_name,false,false,false,false,false,false,false,false,false,false,false
lcu:lcu_rural_manor_hx_55753,lcu_working_final_ready,lcu_rural_manor_hx_55753,local_community_unit,c_13,Ivydale,hx_55753,T3_ordinary_local_community,hamlet,Hartfold,Hartfold,Hartfold,included_in_source_candidate_lock_view,accepted_unchanged,,,visible_public_name,false,false,false,false,false,false,false,false,false,false,false
lcu:lcu_rural_manor_hx_47895,lcu_working_final_ready,lcu_rural_manor_hx_47895,local_community_unit,c_13,Ivydale,hx_47895,T2_service_locality,institutional_precinct,Ivyminster,Ivyminster,Ivyminster,included_in_source_candidate_lock_view,accepted_unchanged,,,visible_public_name,false,false,false,false,false,false,false,false,false,false,false
lcu:lcu_rural_manor_hx_49291,lcu_working_final_ready,lcu_rural_manor_hx_49291,local_community_unit,c_13,Ivydale,hx_49291,T2_service_locality,institutional_precinct,Hallowdale,Hallowdale,Hallowdale,included_in_source_candidate_lock_view,accepted_unchanged,,,visible_public_name,false,false,false,false,false,false,false,false,false,false,false
lcu:lcu_rural_manor_hx_50141,lcu_working_final_ready,lcu_rural_manor_hx_50141,local_community_unit,c_13,Ivydale,hx_50141,T2_service_locality,institutional_precinct,Yewchapel,Yewchapel,Yewchapel,included_in_source_candidate_lock_view,accepted_unchanged,,,visible_public_name,false,false,false,false,false,false,false,false,false,false,false
lcu:lcu_rural_manor_hx_47333,lcu_working_final_ready,lcu_rural_manor_hx_47333,local_community_unit,c_13,Ivydale,hx_47333,T2_service_locality,market_village,Fernley,Fernley,Fernley,included_in_source_candidate_lock_view,accepted_unchanged,,,visible_public_name,false,false,false,false,false,false,false,false,false,false,false
lcu:lcu_rural_manor_hx_47616,lcu_working_final_ready,lcu_rural_manor_hx_47616,local_community_unit,c_13,Ivydale,hx_47616,T2_service_locality,market_village,Hazelcote,Hazelcote,Hazelcote,included_in_source_candidate_lock_view,accepted_unchanged,,,visible_public_name,false,false,false,false,false,false,false,false,false,false,false
lcu:lcu_rural_manor_hx_47894,lcu_working_final_ready,lcu_rural_manor_hx_47894,local_community_unit,c_13,Ivydale,hx_47894,T2_service_locality,market_village,Hartdale,Hartdale,Hartdale,included_in_source_candidate_lock_view,accepted_unchanged,,,visible_public_name,false,false,false,false,false,false,false,false,false,false,false
lcu:lcu_rural_manor_hx_48456,lcu_working_final_ready,lcu_rural_manor_hx_48456,local_community_unit,c_13,Ivydale,hx_48456,T2_service_locality,market_village,,Ivycross,Ivycross,included_in_working_authority_name_closure,approved_blank_name_closure_applied,V04-PLACE-MANOR-LCU-BLANK-NAME-AND-QA-PERSON-NAME-CLOSURE-MATERIALIZATION-001,,visible_public_name,false,false,false,false,false,false,false,false,false,false,false
lcu:lcu_rural_manor_hx_48741,lcu_working_final_ready,lcu_rural_manor_hx_48741,local_community_unit,c_13,Ivydale,hx_48741,T2_service_locality,market_village,Mosswick,Mosswick,Mosswick,included_in_source_candidate_lock_view,accepted_unchanged,,,visible_public_name,false,false,false,false,false,false,false,false,false,false,false
lcu:lcu_rural_manor_hx_49017,lcu_working_final_ready,lcu_rural_manor_hx_49017,local_community_unit,c_13,Ivydale,hx_49017,T2_service_locality,market_village,Cloverham,Cloverham,Cloverham,included_in_source_candidate_lock_view,accepted_unchanged,,,visible_public_name,false,false,false,false,false,false,false,false,false,false,false
lcu:lcu_rural_manor_hx_49301,lcu_working_final_ready,lcu_rural_manor_hx_49301,local_community_unit,c_13,Ivydale,hx_49301,T2_service_locality,market_village,Yewstow,Yewstow,Yewstow,included_in_source_candidate_lock_view,accepted_unchanged,,,visible_public_name,false,false,false,false,false,false,false,false,false,false,false
lcu:lcu_rural_manor_hx_49583,lcu_working_final_ready,lcu_rural_manor_hx_49583,local_community_unit,c_13,Ivydale,hx_49583,T2_service_locality,market_village,Holloway,Holloway,Holloway,included_in_source_candidate_lock_view,accepted_unchanged,,,visible_public_name,false,false,false,false,false,false,false,false,false,false,false
lcu:lcu_rural_manor_hx_50143,lcu_working_final_ready,lcu_rural_manor_hx_50143,local_community_unit,c_13,Ivydale,hx_50143,T2_service_locality,market_village,Springwell,Springwell,Springwell,included_in_source_candidate_lock_view,accepted_unchanged,,,visible_public_name,false,false,false,false,false,false,false,false,false,false,false
lcu:lcu_rural_manor_hx_50994,lcu_working_final_ready,lcu_rural_manor_hx_50994,local_community_unit,c_13,Ivydale,hx_50994,T2_service_locality,market_village,Greenvale,Greenvale,Greenvale,included_in_source_candidate_lock_view,accepted_unchanged,,,visible_public_name,false,false,false,false,false,false,false,false,false,false,false
lcu:lcu_rural_manor_hx_51273,lcu_working_final_ready,lcu_rural_manor_hx_51273,local_community_unit,c_13,Ivydale,hx_51273,T2_service_locality,market_village,Thorncote,Thorncote,Thorncote,included_in_source_candidate_lock_view,accepted_unchanged,,,visible_public_name,false,false,false,false,false,false,false,false,false,false,false
lcu:lcu_rural_manor_hx_51555,lcu_working_final_ready,lcu_rural_manor_hx_51555,local_community_unit,c_13,Ivydale,hx_51555,T2_service_locality,market_village,Cloverfield,Cloverdene,Cloverdene,included_in_source_candidate_lock_view,approved_name_repair_applied,PNC-REPAIR-007,,visible_public_name,false,false,false,false,false,false,false,false,false,false,false
lcu:lcu_rural_manor_hx_50707,lcu_working_final_ready,lcu_rural_manor_hx_50707,local_community_unit,c_13,Ivydale,hx_50707,T4_dependency_or_terrain_edge,terrain-edge cluster,Mallowstead,Mallowstead,Mallowstead,included_in_source_candidate_lock_view,accepted_unchanged,,,visible_public_name,false,false,false,false,false,false,false,false,false,false,false
lcu:lcu_rural_manor_hx_54630,lcu_working_final_ready,lcu_rural_manor_hx_54630,local_community_unit,c_13,Ivydale,hx_54630,T4_dependency_or_terrain_edge,terrain-edge cluster,Goatfell,Goatfell,Goatfell,included_in_source_candidate_lock_view,accepted_unchanged,,,visible_public_name,false,false,false,false,false,false,false,false,false,false,false
lcu:lcu_registry_sett_hx_48176,lcu_working_final_ready,lcu_registry_sett_hx_48176,local_community_unit,c_13,Ivydale,hx_48176,T1_public_center_or_high_consumer,town,Ridgestow,Ridgestow,Ridgestow,included_in_source_candidate_lock_view,accepted_unchanged,,,visible_public_name,false,false,false,false,false,false,false,false,false,false,false
lcu:lcu_registry_sett_hx_49581,lcu_working_final_ready,lcu_registry_sett_hx_49581,local_community_unit,c_13,Ivydale,hx_49581,T1_public_center_or_high_consumer,town,Ivybridge,Ivybridge,Ivybridge,included_in_source_candidate_lock_view,approved_multi_anchor_identity_member,,place_identity_county_seat_complex_ivybridge,visible_public_name,false,false,false,false,false,false,false,false,false,false,false
lcu:lcu_registry_sett_hx_51274,lcu_working_final_ready,lcu_registry_sett_hx_51274,local_community_unit,c_13,Ivydale,hx_51274,T1_public_center_or_high_consumer,town,Mosschester,Mosschester,Mosschester,included_in_source_candidate_lock_view,accepted_unchanged,,,visible_public_name,false,false,false,false,false,false,false,false,false,false,false
lcu:lcu_rural_manor_hx_45385,lcu_working_final_ready,lcu_rural_manor_hx_45385,local_community_unit,c_13,Ivydale,hx_45385,T3_ordinary_local_community,village,Yewbarrow,Yewbarrow,Yewbarrow,included_in_source_candidate_lock_view,accepted_unchanged,,,visible_public_name,false,false,false,false,false,false,false,false,false,false,false
lcu:lcu_rural_manor_hx_45648,lcu_working_final_ready,lcu_rural_manor_hx_45648,local_community_unit,c_13,Ivydale,hx_45648,T3_ordinary_local_community,village,Valedale,Valedale,Valedale,included_in_source_candidate_lock_view,accepted_unchanged,,,visible_public_name,false,false,false,false,false,false,false,false,false,false,false
lcu:lcu_rural_manor_hx_45659,lcu_working_final_ready,lcu_rural_manor_hx_45659,local_community_unit,c_13,Ivydale,hx_45659,T3_ordinary_local_community,village,Lindenton,Lindenton,Lindenton,included_in_source_candidate_lock_view,accepted_unchanged,,,visible_public_name,false,false,false,false,false,false,false,false,false,false,false
lcu:lcu_rural_manor_hx_45664,lcu_working_final_ready,lcu_rural_manor_hx_45664,local_community_unit,c_13,Ivydale,hx_45664,T3_ordinary_local_community,village,Ferncote,Ferncote,Ferncote,included_in_source_candidate_lock_view,accepted_unchanged,,,visible_public_name,false,false,false,false,false,false,false,false,false,false,false
lcu:lcu_rural_manor_hx_45933,lcu_working_final_ready,lcu_rural_manor_hx_45933,local_community_unit,c_13,Ivydale,hx_45933,T3_ordinary_local_community,village,Brookworth,Brookworth,Brookworth,included_in_source_candidate_lock_view,accepted_unchanged,,,visible_public_name,false,false,false,false,false,false,false,false,false,false,false
lcu:lcu_rural_manor_hx_45946,lcu_working_final_ready,lcu_rural_manor_hx_45946,local_community_unit,c_13,Ivydale,hx_45946,T3_ordinary_local_community,village,Dalebrook,Dalebrook,Dalebrook,included_in_source_candidate_lock_view,accepted_unchanged,,,visible_public_name,false,false,false,false,false,false,false,false,false,false,false
lcu:lcu_rural_manor_hx_46217,lcu_working_final_ready,lcu_rural_manor_hx_46217,local_community_unit,c_13,Ivydale,hx_46217,T3_ordinary_local_community,village,Goatdale,Goatdale,Goatdale,included_in_source_candidate_lock_view,accepted_unchanged,,,visible_public_name,false,false,false,false,false,false,false,false,false,false,false
lcu:lcu_rural_manor_hx_46771,lcu_working_final_ready,lcu_rural_manor_hx_46771,local_community_unit,c_13,Ivydale,hx_46771,T3_ordinary_local_community,village,Ivyham,Ivyham,Ivyham,included_in_source_candidate_lock_view,accepted_unchanged,,,visible_public_name,false,false,false,false,false,false,false,false,false,false,false
lcu:lcu_rural_manor_hx_46774,lcu_working_final_ready,lcu_rural_manor_hx_46774,local_community_unit,c_13,Ivydale,hx_46774,T3_ordinary_local_community,village,Brookwell,Brookwell,Brookwell,included_in_source_candidate_lock_view,accepted_unchanged,,,visible_public_name,false,false,false,false,false,false,false,false,false,false,false
lcu:lcu_rural_manor_hx_47066,lcu_working_final_ready,lcu_rural_manor_hx_47066,local_community_unit,c_13,Ivydale,hx_47066,T3_ordinary_local_community,village,Goatwell,Goatwell,Goatwell,included_in_source_candidate_lock_view,accepted_unchanged,,,visible_public_name,false,false,false,false,false,false,false,false,false,false,false
lcu:lcu_rural_manor_hx_47069,lcu_working_final_ready,lcu_rural_manor_hx_47069,local_community_unit,c_13,Ivydale,hx_47069,T3_ordinary_local_community,village,Ashwell,Ashwell,Ashwell,included_in_source_candidate_lock_view,accepted_unchanged,,,visible_public_name,false,false,false,false,false,false,false,false,false,false,false
lcu:lcu_rural_manor_hx_47355,lcu_working_final_ready,lcu_rural_manor_hx_47355,local_community_unit,c_13,Ivydale,hx_47355,T3_ordinary_local_community,village,Daleworth,Daleworth,Daleworth,included_in_source_candidate_lock_view,accepted_unchanged,,,visible_public_name,false,false,false,false,false,false,false,false,false,false,false
lcu:lcu_rural_manor_hx_47618,lcu_working_final_ready,lcu_rural_manor_hx_47618,local_community_unit,c_13,Ivydale,hx_47618,T3_ordinary_local_community,village,Valeham,Valeham,Valeham,included_in_source_candidate_lock_view,accepted_unchanged,,,visible_public_name,false,false,false,false,false,false,false,false,false,false,false
lcu:lcu_rural_manor_hx_48189,lcu_working_final_ready,lcu_rural_manor_hx_48189,local_community_unit,c_13,Ivydale,hx_48189,T3_ordinary_local_community,village,Mossworth,Mossworth,Mossworth,included_in_source_candidate_lock_view,accepted_unchanged,,,visible_public_name,false,false,false,false,false,false,false,false,false,false,false
lcu:lcu_rural_manor_hx_48463,lcu_working_final_ready,lcu_rural_manor_hx_48463,local_community_unit,c_13,Ivydale,hx_48463,T3_ordinary_local_community,village,Brookstead,Brookstead,Brookstead,included_in_source_candidate_lock_view,accepted_unchanged,,,visible_public_name,false,false,false,false,false,false,false,false,false,false,false
lcu:lcu_rural_manor_hx_48478,lcu_working_final_ready,lcu_rural_manor_hx_48478,local_community_unit,c_13,Ivydale,hx_48478,T3_ordinary_local_community,village,Ridgecote,Ridgecote,Ridgecote,included_in_source_candidate_lock_view,accepted_unchanged,,,visible_public_name,false,false,false,false,false,false,false,false,false,false,false
lcu:lcu_rural_manor_hx_49026,lcu_working_final_ready,lcu_rural_manor_hx_49026,local_community_unit,c_13,Ivydale,hx_49026,T3_ordinary_local_community,village,Hazelwick,Hazelwick,Hazelwick,included_in_source_candidate_lock_view,accepted_unchanged,,,visible_public_name,false,false,false,false,false,false,false,false,false,false,false
lcu:lcu_rural_manor_hx_49308,lcu_working_final_ready,lcu_rural_manor_hx_49308,local_community_unit,c_13,Ivydale,hx_49308,T3_ordinary_local_community,village,Hollowstow,Hollowstow,Hollowstow,included_in_source_candidate_lock_view,accepted_unchanged,,,visible_public_name,false,false,false,false,false,false,false,false,false,false,false
lcu:lcu_rural_manor_hx_49317,lcu_working_final_ready,lcu_rural_manor_hx_49317,local_community_unit,c_13,Ivydale,hx_49317,T3_ordinary_local_community,village,Springdale,Springdale,Springdale,included_in_source_candidate_lock_view,accepted_unchanged,,,visible_public_name,false,false,false,false,false,false,false,false,false,false,false
lcu:lcu_rural_manor_hx_49874,lcu_working_final_ready,lcu_rural_manor_hx_49874,local_community_unit,c_13,Ivydale,hx_49874,T3_ordinary_local_community,village,Dalecote,Dalecote,Dalecote,included_in_source_candidate_lock_view,accepted_unchanged,,,visible_public_name,false,false,false,false,false,false,false,false,false,false,false
lcu:lcu_rural_manor_hx_50136,lcu_working_final_ready,lcu_rural_manor_hx_50136,local_community_unit,c_13,Ivydale,hx_50136,T3_ordinary_local_community,village,Ashworth,Ashworth,Ashworth,included_in_source_candidate_lock_view,accepted_unchanged,,,visible_public_name,false,false,false,false,false,false,false,false,false,false,false
lcu:lcu_rural_manor_hx_50148,lcu_working_final_ready,lcu_rural_manor_hx_50148,local_community_unit,c_13,Ivydale,hx_50148,T3_ordinary_local_community,village,Ashfield,Ashdown,Ashdown,included_in_source_candidate_lock_view,approved_name_repair_applied,PNC-REPAIR-001,,visible_public_name,false,false,false,false,false,false,false,false,false,false,false
lcu:lcu_rural_manor_hx_50441,lcu_working_final_ready,lcu_rural_manor_hx_50441,local_community_unit,c_13,Ivydale,hx_50441,T3_ordinary_local_community,village,Fernfield,Fernfield,Fernfield,included_in_source_candidate_lock_view,accepted_unchanged,,,visible_public_name,false,false,false,false,false,false,false,false,false,false,false
lcu:lcu_rural_manor_hx_50976,lcu_working_final_ready,lcu_rural_manor_hx_50976,local_community_unit,c_13,Ivydale,hx_50976,T3_ordinary_local_community,village,Springcote,Springcote,Springcote,included_in_source_candidate_lock_view,accepted_unchanged,,,visible_public_name,false,false,false,false,false,false,false,false,false,false,false
lcu:lcu_rural_manor_hx_51262,lcu_working_final_ready,lcu_rural_manor_hx_51262,local_community_unit,c_13,Ivydale,hx_51262,T3_ordinary_local_community,village,Cloverbury,Cloverbury,Cloverbury,included_in_source_candidate_lock_view,accepted_unchanged,,,visible_public_name,false,false,false,false,false,false,false,false,false,false,false
lcu:lcu_rural_manor_hx_51537,lcu_working_final_ready,lcu_rural_manor_hx_51537,local_community_unit,c_13,Ivydale,hx_51537,T3_ordinary_local_community,village,Goatcote,Goatcote,Goatcote,included_in_source_candidate_lock_view,accepted_unchanged,,,visible_public_name,false,false,false,false,false,false,false,false,false,false,false
lcu:lcu_rural_manor_hx_51545,lcu_working_final_ready,lcu_rural_manor_hx_51545,local_community_unit,c_13,Ivydale,hx_51545,T3_ordinary_local_community,village,Yewfield,Yewfield,Yewfield,included_in_source_candidate_lock_view,accepted_unchanged,,,visible_public_name,false,false,false,false,false,false,false,false,false,false,false
lcu:lcu_rural_manor_hx_52382,lcu_working_final_ready,lcu_rural_manor_hx_52382,local_community_unit,c_13,Ivydale,hx_52382,T3_ordinary_local_community,village,Thornworth,Thornworth,Thornworth,included_in_source_candidate_lock_view,accepted_unchanged,,,visible_public_name,false,false,false,false,false,false,false,false,false,false,false
lcu:lcu_rural_manor_hx_52386,lcu_working_final_ready,lcu_rural_manor_hx_52386,local_community_unit,c_13,Ivydale,hx_52386,T3_ordinary_local_community,village,Valebury,Valebury,Valebury,included_in_source_candidate_lock_view,accepted_unchanged,,,visible_public_name,false,false,false,false,false,false,false,false,false,false,false
lcu:lcu_rural_manor_hx_52388,lcu_working_final_ready,lcu_rural_manor_hx_52388,local_community_unit,c_13,Ivydale,hx_52388,T3_ordinary_local_community,village,Shadeworth,Shadeworth,Shadeworth,included_in_source_candidate_lock_view,accepted_unchanged,,,visible_public_name,false,false,false,false,false,false,false,false,false,false,false
lcu:lcu_rural_manor_hx_52954,lcu_working_final_ready,lcu_rural_manor_hx_52954,local_community_unit,c_13,Ivydale,hx_52954,T3_ordinary_local_community,village,Hazelham,Hazelham,Hazelham,included_in_source_candidate_lock_view,accepted_unchanged,,,visible_public_name,false,false,false,false,false,false,false,false,false,false,false
lcu:lcu_rural_manor_hx_53231,lcu_working_final_ready,lcu_rural_manor_hx_53231,local_community_unit,c_13,Ivydale,hx_53231,T3_ordinary_local_community,village,Shadeham,Shadeham,Shadeham,included_in_source_candidate_lock_view,accepted_unchanged,,,visible_public_name,false,false,false,false,false,false,false,false,false,false,false
lcu:lcu_rural_manor_hx_53502,lcu_working_final_ready,lcu_rural_manor_hx_53502,local_community_unit,c_13,Ivydale,hx_53502,T3_ordinary_local_community,village,Daleshaw,Daleshaw,Daleshaw,included_in_source_candidate_lock_view,accepted_unchanged,,,visible_public_name,false,false,false,false,false,false,false,false,false,false,false
lcu:lcu_rural_manor_hx_53510,lcu_working_final_ready,lcu_rural_manor_hx_53510,local_community_unit,c_13,Ivydale,hx_53510,T3_ordinary_local_community,village,Wrenfold,Wrenfold,Wrenfold,included_in_source_candidate_lock_view,accepted_unchanged,,,visible_public_name,false,false,false,false,false,false,false,false,false,false,false
lcu:lcu_rural_manor_hx_53514,lcu_working_final_ready,lcu_rural_manor_hx_53514,local_community_unit,c_13,Ivydale,hx_53514,T3_ordinary_local_community,village,Hartbury,Hartbury,Hartbury,included_in_source_candidate_lock_view,accepted_unchanged,,,visible_public_name,false,false,false,false,false,false,false,false,false,false,false
lcu:lcu_rural_manor_hx_51564,lcu_working_final_ready,lcu_rural_manor_hx_51564,local_community_unit,c_14,Kestrelford,hx_51564,T4_dependency_or_terrain_edge,dispersed rural community,,Gullcote,Gullcote,included_in_working_authority_name_closure,approved_blank_name_closure_applied,V04-PLACE-MANOR-LCU-BLANK-NAME-AND-QA-PERSON-NAME-CLOSURE-MATERIALIZATION-001,,visible_public_name,false,false,false,false,false,false,false,false,false,false,false
lcu:lcu_rural_manor_hx_52685,lcu_working_final_ready,lcu_rural_manor_hx_52685,local_community_unit,c_14,Kestrelford,hx_52685,T4_dependency_or_terrain_edge,dispersed rural community,,Brineham,Brineham,included_in_working_authority_name_closure,approved_blank_name_closure_applied,V04-PLACE-MANOR-LCU-BLANK-NAME-AND-QA-PERSON-NAME-CLOSURE-MATERIALIZATION-001,,visible_public_name,false,false,false,false,false,false,false,false,false,false,false
lcu:lcu_rural_manor_hx_53807,lcu_working_final_ready,lcu_rural_manor_hx_53807,local_community_unit,c_14,Kestrelford,hx_53807,T4_dependency_or_terrain_edge,dispersed rural community,,Cliffton,Cliffton,included_in_working_authority_name_closure,approved_blank_name_closure_applied,V04-PLACE-MANOR-LCU-BLANK-NAME-AND-QA-PERSON-NAME-CLOSURE-MATERIALIZATION-001,,visible_public_name,false,false,false,false,false,false,false,false,false,false,false
lcu:lcu_rural_manor_hx_56617,lcu_working_final_ready,lcu_rural_manor_hx_56617,local_community_unit,c_14,Kestrelford,hx_56617,T1_public_center_or_high_consumer,fortified_settlement,,Kestrelwatch,Kestrelwatch,included_in_working_authority_name_closure,approved_blank_name_closure_applied,V04-PLACE-MANOR-LCU-BLANK-NAME-AND-QA-PERSON-NAME-CLOSURE-MATERIALIZATION-001,,visible_public_name,false,false,false,false,false,false,false,false,false,false,false
lcu:lcu_rural_manor_hx_56893,lcu_working_final_ready,lcu_rural_manor_hx_56893,local_community_unit,c_14,Kestrelford,hx_56893,T1_public_center_or_high_consumer,fortified_settlement,Hawkbury,Hawkbury,Hawkbury,included_in_source_candidate_lock_view,accepted_unchanged,,,visible_public_name,false,false,false,false,false,false,false,false,false,false,false
lcu:lcu_rural_manor_hx_58015,lcu_working_final_ready,lcu_rural_manor_hx_58015,local_community_unit,c_14,Kestrelford,hx_58015,T1_public_center_or_high_consumer,fortified_settlement,,Southwatch,Southwatch,included_in_working_authority_name_closure,approved_blank_name_closure_applied,V04-PLACE-MANOR-LCU-BLANK-NAME-AND-QA-PERSON-NAME-CLOSURE-MATERIALIZATION-001,,visible_public_name,false,false,false,false,false,false,false,false,false,false,false
lcu:lcu_rural_manor_hx_58295,lcu_working_final_ready,lcu_rural_manor_hx_58295,local_community_unit,c_14,Kestrelford,hx_58295,T1_public_center_or_high_consumer,fortified_settlement,Kitegate,Kitegate,Kitegate,included_in_source_candidate_lock_view,accepted_unchanged,,,visible_public_name,false,false,false,false,false,false,false,false,false,false,false
lcu:lcu_rural_manor_hx_58851,lcu_working_final_ready,lcu_rural_manor_hx_58851,local_community_unit,c_14,Kestrelford,hx_58851,T1_public_center_or_high_consumer,fortified_settlement,Ridgecaster,Ridgecaster,Ridgecaster,included_in_source_candidate_lock_view,accepted_unchanged,,,visible_public_name,false,false,false,false,false,false,false,false,false,false,false
lcu:lcu_rural_manor_hx_58011,lcu_working_final_ready,lcu_rural_manor_hx_58011,local_community_unit,c_14,Kestrelford,hx_58011,T3_ordinary_local_community,hamlet,Brackenwick,Brackenwick,Brackenwick,included_in_source_candidate_lock_view,accepted_unchanged,,,visible_public_name,false,false,false,false,false,false,false,false,false,false,false
lcu:lcu_rural_manor_hx_58293,lcu_working_final_ready,lcu_rural_manor_hx_58293,local_community_unit,c_14,Kestrelford,hx_58293,T3_ordinary_local_community,hamlet,Northford,Northford,Northford,included_in_source_candidate_lock_view,accepted_unchanged,,,visible_public_name,false,false,false,false,false,false,false,false,false,false,false
lcu:lcu_rural_manor_hx_58853,lcu_working_final_ready,lcu_rural_manor_hx_58853,local_community_unit,c_14,Kestrelford,hx_58853,T3_ordinary_local_community,hamlet,Windcross,Windcross,Windcross,included_in_source_candidate_lock_view,accepted_unchanged,,,visible_public_name,false,false,false,false,false,false,false,false,false,false,false
lcu:lcu_rural_manor_hx_54939,lcu_working_final_ready,lcu_rural_manor_hx_54939,local_community_unit,c_14,Kestrelford,hx_54939,T2_service_locality,institutional_precinct,Kestrelminster,Kestrelminster,Kestrelminster,included_in_source_candidate_lock_view,accepted_unchanged,,,visible_public_name,false,false,false,false,false,false,false,false,false,false,false
lcu:lcu_rural_manor_hx_52408,lcu_working_final_ready,lcu_rural_manor_hx_52408,local_community_unit,c_14,Kestrelford,hx_52408,T2_service_locality,market_village,Windwick,Windwick,Windwick,included_in_source_candidate_lock_view,accepted_unchanged,,,visible_public_name,false,false,false,false,false,false,false,false,false,false,false
lcu:lcu_rural_manor_hx_53530,lcu_working_final_ready,lcu_rural_manor_hx_53530,local_community_unit,c_14,Kestrelford,hx_53530,T2_service_locality,market_village,Brackenham,Brackenham,Brackenham,included_in_source_candidate_lock_view,accepted_unchanged,,,visible_public_name,false,false,false,false,false,false,false,false,false,false,false
lcu:lcu_rural_manor_hx_54653,lcu_working_final_ready,lcu_rural_manor_hx_54653,local_community_unit,c_14,Kestrelford,hx_54653,T2_service_locality,market_village,Gorseley,Gorseley,Gorseley,included_in_source_candidate_lock_view,accepted_unchanged,,,visible_public_name,false,false,false,false,false,false,false,false,false,false,false
lcu:lcu_rural_manor_hx_54937,lcu_working_final_ready,lcu_rural_manor_hx_54937,local_community_unit,c_14,Kestrelford,hx_54937,T2_service_locality,market_village,Scarstead,Scarstead,Scarstead,included_in_source_candidate_lock_view,accepted_unchanged,,,visible_public_name,false,false,false,false,false,false,false,false,false,false,false
lcu:lcu_rural_manor_hx_55208,lcu_working_final_ready,lcu_rural_manor_hx_55208,local_community_unit,c_14,Kestrelford,hx_55208,T2_service_locality,market_village,Swiftcote,Swiftcote,Swiftcote,included_in_source_candidate_lock_view,accepted_unchanged,,,visible_public_name,false,false,false,false,false,false,false,false,false,false,false
lcu:lcu_rural_manor_hx_55214,lcu_working_final_ready,lcu_rural_manor_hx_55214,local_community_unit,c_14,Kestrelford,hx_55214,T2_service_locality,market_village,Rookridge,Rookridge,Rookridge,included_in_source_candidate_lock_view,accepted_unchanged,,,visible_public_name,false,false,false,false,false,false,false,false,false,false,false
lcu:lcu_rural_manor_hx_55490,lcu_working_final_ready,lcu_rural_manor_hx_55490,local_community_unit,c_14,Kestrelford,hx_55490,T2_service_locality,market_village,Greybarrow,Greybarrow,Greybarrow,included_in_source_candidate_lock_view,accepted_unchanged,,,visible_public_name,false,false,false,false,false,false,false,false,false,false,false
lcu:lcu_rural_manor_hx_55776,lcu_working_final_ready,lcu_rural_manor_hx_55776,local_community_unit,c_14,Kestrelford,hx_55776,T2_service_locality,market_village,Wickbury,Wickbury,Wickbury,included_in_source_candidate_lock_view,accepted_unchanged,,,visible_public_name,false,false,false,false,false,false,false,false,false,false,false
lcu:lcu_rural_manor_hx_56331,lcu_working_final_ready,lcu_rural_manor_hx_56331,local_community_unit,c_14,Kestrelford,hx_56331,T2_service_locality,market_village,Scarstow,Scarstow,Scarstow,included_in_source_candidate_lock_view,accepted_unchanged,,,visible_public_name,false,false,false,false,false,false,false,false,false,false,false
lcu:lcu_rural_manor_hx_55197,lcu_working_final_ready,lcu_rural_manor_hx_55197,local_community_unit,c_14,Kestrelford,hx_55197,T4_dependency_or_terrain_edge,terrain-edge cluster,Kitebridge,Kitebridge,Kitebridge,included_in_source_candidate_lock_view,accepted_unchanged,,,visible_public_name,false,false,false,false,false,false,false,false,false,false,false
lcu:lcu_rural_manor_hx_57452,lcu_working_final_ready,lcu_rural_manor_hx_57452,local_community_unit,c_14,Kestrelford,hx_57452,T4_dependency_or_terrain_edge,terrain-edge cluster,Fordstow,Fordstow,Fordstow,included_in_source_candidate_lock_view,accepted_unchanged,,,visible_public_name,false,false,false,false,false,false,false,false,false,false,false
lcu:lcu_registry_sett_hx_52689,lcu_working_final_ready,lcu_registry_sett_hx_52689,local_community_unit,c_14,Kestrelford,hx_52689,T1_public_center_or_high_consumer,town,Oakford,Oakford,Oakford,included_in_source_candidate_lock_view,accepted_unchanged,,,visible_public_name,false,false,false,false,false,false,false,false,false,false,false
lcu:lcu_registry_sett_hx_54094,lcu_working_final_ready,lcu_registry_sett_hx_54094,local_community_unit,c_14,Kestrelford,hx_54094,T1_public_center_or_high_consumer,town,Ridgechester,Ridgechester,Ridgechester,included_in_source_candidate_lock_view,accepted_unchanged,,,visible_public_name,false,false,false,false,false,false,false,false,false,false,false
lcu:lcu_registry_sett_hx_55495,lcu_working_final_ready,lcu_registry_sett_hx_55495,local_community_unit,c_14,Kestrelford,hx_55495,T1_public_center_or_high_consumer,town,Kestrelcote,Kestrelcote,Kestrelcote,included_in_source_candidate_lock_view,accepted_unchanged,,,visible_public_name,false,false,false,false,false,false,false,false,false,false,false
lcu:lcu_registry_sett_hx_56332,lcu_working_final_ready,lcu_registry_sett_hx_56332,local_community_unit,c_14,Kestrelford,hx_56332,T1_public_center_or_high_consumer,town,Kestrelbury,Kestrelbury,Kestrelbury,included_in_source_candidate_lock_view,accepted_unchanged,,,visible_public_name,false,false,false,false,false,false,false,false,false,false,false
lcu:lcu_rural_manor_hx_51844,lcu_working_final_ready,lcu_rural_manor_hx_51844,local_community_unit,c_14,Kestrelford,hx_51844,T3_ordinary_local_community,village,Stonestreet,Stonestreet,Stonestreet,included_in_source_candidate_lock_view,accepted_unchanged,,,visible_public_name,false,false,false,false,false,false,false,false,false,false,false
lcu:lcu_rural_manor_hx_52124,lcu_working_final_ready,lcu_rural_manor_hx_52124,local_community_unit,c_14,Kestrelford,hx_52124,T3_ordinary_local_community,village,Ashway,Ashway,Ashway,included_in_source_candidate_lock_view,accepted_unchanged,,,visible_public_name,false,false,false,false,false,false,false,false,false,false,false
lcu:lcu_rural_manor_hx_53522,lcu_working_final_ready,lcu_rural_manor_hx_53522,local_community_unit,c_14,Kestrelford,hx_53522,T3_ordinary_local_community,village,Cliffbeck,Cliffbeck,Cliffbeck,included_in_source_candidate_lock_view,accepted_unchanged,,,visible_public_name,false,false,false,false,false,false,false,false,false,false,false
lcu:lcu_rural_manor_hx_54365,lcu_working_final_ready,lcu_rural_manor_hx_54365,local_community_unit,c_14,Kestrelford,hx_54365,T3_ordinary_local_community,village,Stoneridge,Stoneridge,Stoneridge,included_in_source_candidate_lock_view,accepted_unchanged,,,visible_public_name,false,false,false,false,false,false,false,false,false,false,false
lcu:lcu_rural_manor_hx_54924,lcu_working_final_ready,lcu_rural_manor_hx_54924,local_community_unit,c_14,Kestrelford,hx_54924,T3_ordinary_local_community,village,Windbarrow,Windbarrow,Windbarrow,included_in_source_candidate_lock_view,accepted_unchanged,,,visible_public_name,false,false,false,false,false,false,false,false,false,false,false
lcu:lcu_rural_manor_hx_56058,lcu_working_final_ready,lcu_rural_manor_hx_56058,local_community_unit,c_14,Kestrelford,hx_56058,T3_ordinary_local_community,village,Oakwick,Oakwick,Oakwick,included_in_source_candidate_lock_view,accepted_unchanged,,,visible_public_name,false,false,false,false,false,false,false,false,false,false,false
lcu:lcu_rural_manor_hx_31926,lcu_working_final_ready,lcu_rural_manor_hx_31926,local_community_unit,c_2,Larkspire,hx_31926,T4_dependency_or_terrain_edge,dispersed rural community,,Larkhurst,Larkhurst,included_in_working_authority_name_closure,approved_blank_name_closure_applied,V04-PLACE-MANOR-LCU-BLANK-NAME-AND-QA-PERSON-NAME-CLOSURE-MATERIALIZATION-001,,visible_public_name,false,false,false,false,false,false,false,false,false,false,false
lcu:lcu_rural_manor_hx_31929,lcu_working_final_ready,lcu_rural_manor_hx_31929,local_community_unit,c_2,Larkspire,hx_31929,T4_dependency_or_terrain_edge,dispersed rural community,,Fenwick,Fenwick,included_in_working_authority_name_closure,approved_blank_name_closure_applied,V04-PLACE-MANOR-LCU-BLANK-NAME-AND-QA-PERSON-NAME-CLOSURE-MATERIALIZATION-001,,visible_public_name,false,false,false,false,false,false,false,false,false,false,false
lcu:lcu_rural_manor_hx_31070,lcu_working_final_ready,lcu_rural_manor_hx_31070,local_community_unit,c_2,Larkspire,hx_31070,T3_ordinary_local_community,hamlet,Spireminster,Spireminster,Spireminster,included_in_source_candidate_lock_view,accepted_unchanged,,,visible_public_name,false,false,false,false,false,false,false,false,false,false,false
lcu:lcu_rural_manor_hx_31909,lcu_working_final_ready,lcu_rural_manor_hx_31909,local_community_unit,c_2,Larkspire,hx_31909,T3_ordinary_local_community,hamlet,Keldend,Keldend,Keldend,included_in_source_candidate_lock_view,accepted_unchanged,,,visible_public_name,false,false,false,false,false,false,false,false,false,false,false
lcu:lcu_rural_manor_hx_32195,lcu_working_final_ready,lcu_rural_manor_hx_32195,local_community_unit,c_2,Larkspire,hx_32195,T3_ordinary_local_community,hamlet,Hallowwold,Hallowwold,Hallowwold,included_in_source_candidate_lock_view,accepted_unchanged,,,visible_public_name,false,false,false,false,false,false,false,false,false,false,false
lcu:lcu_rural_manor_hx_29396,lcu_working_final_ready,lcu_rural_manor_hx_29396,local_community_unit,c_2,Larkspire,hx_29396,T2_service_locality,institutional_precinct,Greyfriars,Greyfriars,Greyfriars,included_in_source_candidate_lock_view,accepted_unchanged,,,visible_public_name,false,false,false,false,false,false,false,false,false,false,false
lcu:lcu_rural_manor_hx_29676,lcu_working_final_ready,lcu_rural_manor_hx_29676,local_community_unit,c_2,Larkspire,hx_29676,T2_service_locality,institutional_precinct,Stonecell,Stonecell,Stonecell,included_in_source_candidate_lock_view,accepted_unchanged,,,visible_public_name,false,false,false,false,false,false,false,false,false,false,false
lcu:lcu_rural_manor_hx_29959,lcu_working_final_ready,lcu_rural_manor_hx_29959,local_community_unit,c_2,Larkspire,hx_29959,T2_service_locality,institutional_precinct,Keldby,Keldby,Keldby,included_in_source_candidate_lock_view,accepted_unchanged,,,visible_public_name,false,false,false,false,false,false,false,false,false,false,false
lcu:lcu_rural_manor_hx_30238,lcu_working_final_ready,lcu_rural_manor_hx_30238,local_community_unit,c_2,Larkspire,hx_30238,T2_service_locality,institutional_precinct,Breckthorpe,Breckthorpe,Breckthorpe,included_in_source_candidate_lock_view,accepted_unchanged,,,visible_public_name,false,false,false,false,false,false,false,false,false,false,false
lcu:lcu_rural_manor_hx_30514,lcu_working_final_ready,lcu_rural_manor_hx_30514,local_community_unit,c_2,Larkspire,hx_30514,T2_service_locality,institutional_precinct,Spirewold,Spirewold,Spirewold,included_in_source_candidate_lock_view,accepted_unchanged,,,visible_public_name,false,false,false,false,false,false,false,false,false,false,false
lcu:lcu_rural_manor_hx_30517,lcu_working_final_ready,lcu_rural_manor_hx_30517,local_community_unit,c_2,Larkspire,hx_30517,T2_service_locality,institutional_precinct,Halegarth,Halegarth,Halegarth,included_in_source_candidate_lock_view,accepted_unchanged,,,visible_public_name,false,false,false,false,false,false,false,false,false,false,false
lcu:lcu_rural_manor_hx_31074,lcu_working_final_ready,lcu_rural_manor_hx_31074,local_community_unit,c_2,Larkspire,hx_31074,T2_service_locality,institutional_precinct,Larkstow,Larkstow,Larkstow,included_in_source_candidate_lock_view,accepted_unchanged,,,visible_public_name,false,false,false,false,false,false,false,false,false,false,false
lcu:lcu_rural_manor_hx_31081,lcu_working_final_ready,lcu_rural_manor_hx_31081,local_community_unit,c_2,Larkspire,hx_31081,T2_service_locality,institutional_precinct,Windale,Windale,Windale,included_in_source_candidate_lock_view,accepted_unchanged,,,visible_public_name,false,false,false,false,false,false,false,false,false,false,false
lcu:lcu_rural_manor_hx_31361,lcu_working_final_ready,lcu_rural_manor_hx_31361,local_community_unit,c_2,Larkspire,hx_31361,T2_service_locality,institutional_precinct,Greythorpe,Greythorpe,Greythorpe,included_in_source_candidate_lock_view,accepted_unchanged,,,visible_public_name,false,false,false,false,false,false,false,false,false,false,false
lcu:lcu_rural_manor_hx_31362,lcu_working_final_ready,lcu_rural_manor_hx_31362,local_community_unit,c_2,Larkspire,hx_31362,T2_service_locality,institutional_precinct,Skylarkham,Skylarkham,Skylarkham,included_in_source_candidate_lock_view,accepted_unchanged,,,visible_public_name,false,false,false,false,false,false,false,false,false,false,false
lcu:lcu_rural_manor_hx_31632,lcu_working_final_ready,lcu_rural_manor_hx_31632,local_community_unit,c_2,Larkspire,hx_31632,T2_service_locality,institutional_precinct,Stoneby,Stoneby,Stoneby,included_in_source_candidate_lock_view,accepted_unchanged,,,visible_public_name,false,false,false,false,false,false,false,false,false,false,false
lcu:lcu_rural_manor_hx_31634,lcu_working_final_ready,lcu_rural_manor_hx_31634,local_community_unit,c_2,Larkspire,hx_31634,T2_service_locality,institutional_precinct,Windburn,Windburn,Windburn,included_in_source_candidate_lock_view,accepted_unchanged,,,visible_public_name,false,false,false,false,false,false,false,false,false,false,false
lcu:lcu_rural_manor_hx_31636,lcu_working_final_ready,lcu_rural_manor_hx_31636,local_community_unit,c_2,Larkspire,hx_31636,T2_service_locality,institutional_precinct,Fellhallow,Fellhallow,Fellhallow,included_in_source_candidate_lock_view,accepted_unchanged,,,visible_public_name,false,false,false,false,false,false,false,false,false,false,false
lcu:lcu_rural_manor_hx_31637,lcu_working_final_ready,lcu_rural_manor_hx_31637,local_community_unit,c_2,Larkspire,hx_31637,T2_service_locality,institutional_precinct,Keldwick,Keldwick,Keldwick,included_in_source_candidate_lock_view,accepted_unchanged,,,visible_public_name,false,false,false,false,false,false,false,false,false,false,false
lcu:lcu_rural_manor_hx_31647,lcu_working_final_ready,lcu_rural_manor_hx_31647,local_community_unit,c_2,Larkspire,hx_31647,T2_service_locality,institutional_precinct,Daleby,Daleby,Daleby,included_in_source_candidate_lock_view,accepted_unchanged,,,visible_public_name,false,false,false,false,false,false,false,false,false,false,false
lcu:lcu_rural_manor_hx_32203,lcu_working_final_ready,lcu_rural_manor_hx_32203,local_community_unit,c_2,Larkspire,hx_32203,T2_service_locality,institutional_precinct,Greywold,Greywold,Greywold,included_in_source_candidate_lock_view,accepted_unchanged,,,visible_public_name,false,false,false,false,false,false,false,false,false,false,false
lcu:lcu_rural_manor_hx_32206,lcu_working_final_ready,lcu_rural_manor_hx_32206,local_community_unit,c_2,Larkspire,hx_32206,T2_service_locality,institutional_precinct,Hawkby,Hawkby,Hawkby,included_in_source_candidate_lock_view,accepted_unchanged,,,visible_public_name,false,false,false,false,false,false,false,false,false,false,false
lcu:lcu_rural_manor_hx_32476,lcu_working_final_ready,lcu_rural_manor_hx_32476,local_community_unit,c_2,Larkspire,hx_32476,T2_service_locality,institutional_precinct,Hawkwold,Hawkwold,Hawkwold,included_in_source_candidate_lock_view,accepted_unchanged,,,visible_public_name,false,false,false,false,false,false,false,false,false,false,false
lcu:lcu_rural_manor_hx_32763,lcu_working_final_ready,lcu_rural_manor_hx_32763,local_community_unit,c_2,Larkspire,hx_32763,T2_service_locality,institutional_precinct,Larkton,Larkton,Larkton,included_in_source_candidate_lock_view,accepted_unchanged,,,visible_public_name,false,false,false,false,false,false,false,false,false,false,false
lcu:lcu_rural_manor_hx_33033,lcu_working_final_ready,lcu_rural_manor_hx_33033,local_community_unit,c_2,Larkspire,hx_33033,T2_service_locality,institutional_precinct,Ridgeminster,Ridgeminster,Ridgeminster,included_in_source_candidate_lock_view,accepted_unchanged,,,visible_public_name,false,false,false,false,false,false,false,false,false,false,false
lcu:lcu_rural_manor_hx_33037,lcu_working_final_ready,lcu_rural_manor_hx_33037,local_community_unit,c_2,Larkspire,hx_33037,T2_service_locality,institutional_precinct,Bywold,Bywold,Bywold,included_in_source_candidate_lock_view,accepted_unchanged,,,visible_public_name,false,false,false,false,false,false,false,false,false,false,false
lcu:lcu_rural_manor_hx_33041,lcu_working_final_ready,lcu_rural_manor_hx_33041,local_community_unit,c_2,Larkspire,hx_33041,T2_service_locality,institutional_precinct,Thorpewell,Thorpewell,Thorpewell,included_in_source_candidate_lock_view,accepted_unchanged,,,visible_public_name,false,false,false,false,false,false,false,false,false,false,false
lcu:lcu_rural_manor_hx_34443,lcu_working_final_ready,lcu_rural_manor_hx_34443,local_community_unit,c_2,Larkspire,hx_34443,T2_service_locality,institutional_precinct,Windthorpe,Windthorpe,Windthorpe,included_in_source_candidate_lock_view,accepted_unchanged,,,visible_public_name,false,false,false,false,false,false,false,false,false,false,false
lcu:lcu_rural_manor_hx_32484,lcu_working_final_ready,lcu_rural_manor_hx_32484,local_community_unit,c_2,Larkspire,hx_32484,T2_service_locality,market_village,Breckwold,Breckwold,Breckwold,included_in_source_candidate_lock_view,accepted_unchanged,,,visible_public_name,false,false,false,false,false,false,false,false,false,false,false
lcu:lcu_rural_manor_hx_33329,lcu_working_final_ready,lcu_rural_manor_hx_33329,local_community_unit,c_2,Larkspire,hx_33329,T2_service_locality,market_village,Spirestow,Spirestow,Spirestow,included_in_source_candidate_lock_view,accepted_unchanged,,,visible_public_name,false,false,false,false,false,false,false,false,false,false,false
lcu:lcu_rural_manor_hx_33331,lcu_working_final_ready,lcu_rural_manor_hx_33331,local_community_unit,c_2,Larkspire,hx_33331,T2_service_locality,market_village,Hawkburn,Hawkburn,Hawkburn,included_in_source_candidate_lock_view,accepted_unchanged,,,visible_public_name,false,false,false,false,false,false,false,false,false,false,false
lcu:lcu_rural_manor_hx_33891,lcu_working_final_ready,lcu_rural_manor_hx_33891,local_community_unit,c_2,Larkspire,hx_33891,T2_service_locality,market_village,Keldham,Keldham,Keldham,included_in_source_candidate_lock_view,accepted_unchanged,,,visible_public_name,false,false,false,false,false,false,false,false,false,false,false
lcu:lcu_rural_manor_hx_34724,lcu_working_final_ready,lcu_rural_manor_hx_34724,local_community_unit,c_2,Larkspire,hx_34724,T2_service_locality,market_village,Harththorpe,Harththorpe,Harththorpe,included_in_source_candidate_lock_view,accepted_unchanged,,,visible_public_name,false,false,false,false,false,false,false,false,false,false,false
lcu:lcu_rural_manor_hx_29111,lcu_working_final_ready,lcu_rural_manor_hx_29111,local_community_unit,c_2,Larkspire,hx_29111,T4_dependency_or_terrain_edge,terrain-edge cluster,Larkedge,Larkedge,Larkedge,included_in_source_candidate_lock_view,accepted_unchanged,,,visible_public_name,false,false,false,false,false,false,false,false,false,false,false
lcu:lcu_rural_manor_hx_31928,lcu_working_final_ready,lcu_rural_manor_hx_31928,local_community_unit,c_2,Larkspire,hx_31928,T4_dependency_or_terrain_edge,terrain-edge cluster,Breckbarrow,Breckbarrow,Breckbarrow,included_in_source_candidate_lock_view,accepted_unchanged,,,visible_public_name,false,false,false,false,false,false,false,false,false,false,false
lcu:lcu_rural_manor_hx_32757,lcu_working_final_ready,lcu_rural_manor_hx_32757,local_community_unit,c_2,Larkspire,hx_32757,T4_dependency_or_terrain_edge,terrain-edge cluster,Halewold,Halewold,Halewold,included_in_source_candidate_lock_view,accepted_unchanged,,,visible_public_name,false,false,false,false,false,false,false,false,false,false,false
lcu:lcu_rural_manor_hx_33320,lcu_working_final_ready,lcu_rural_manor_hx_33320,local_community_unit,c_2,Larkspire,hx_33320,T4_dependency_or_terrain_edge,terrain-edge cluster,Thorpley,Thorpley,Thorpley,included_in_source_candidate_lock_view,accepted_unchanged,,,visible_public_name,false,false,false,false,false,false,false,false,false,false,false
lcu:lcu_rural_manor_hx_33601,lcu_working_final_ready,lcu_rural_manor_hx_33601,local_community_unit,c_2,Larkspire,hx_33601,T4_dependency_or_terrain_edge,terrain-edge cluster,Thorpeley,Thorpeley,Thorpeley,included_in_source_candidate_lock_view,accepted_unchanged,,,visible_public_name,false,false,false,false,false,false,false,false,false,false,false
lcu:lcu_rural_manor_hx_33875,lcu_working_final_ready,lcu_rural_manor_hx_33875,local_community_unit,c_2,Larkspire,hx_33875,T4_dependency_or_terrain_edge,terrain-edge cluster,Harthcote,Harthcote,Harthcote,included_in_source_candidate_lock_view,accepted_unchanged,,,visible_public_name,false,false,false,false,false,false,false,false,false,false,false
lcu:lcu_registry_sett_hx_32485,lcu_working_final_ready,lcu_registry_sett_hx_32485,local_community_unit,c_2,Larkspire,hx_32485,T1_public_center_or_high_consumer,town,Larkbury,Larkbury,Larkbury,included_in_source_candidate_lock_view,accepted_unchanged,,,visible_public_name,false,false,false,false,false,false,false,false,false,false,false
lcu:lcu_registry_sett_hx_32760,lcu_working_final_ready,lcu_registry_sett_hx_32760,local_community_unit,c_2,Larkspire,hx_32760,T1_public_center_or_high_consumer,town,Thorpstead,Thorpstead,Thorpstead,included_in_source_candidate_lock_view,accepted_unchanged,,,visible_public_name,false,false,false,false,false,false,false,false,false,false,false
lcu:lcu_registry_sett_hx_33050,lcu_working_final_ready,lcu_registry_sett_hx_33050,local_community_unit,c_2,Larkspire,hx_33050,T1_public_center_or_high_consumer,town,Stonebury,Stonebury,Stonebury,included_in_source_candidate_lock_view,accepted_unchanged,,,visible_public_name,false,false,false,false,false,false,false,false,false,false,false
lcu:lcu_registry_sett_hx_33886,lcu_working_final_ready,lcu_registry_sett_hx_33886,local_community_unit,c_2,Larkspire,hx_33886,T1_public_center_or_high_consumer,town,Byham,Byham,Byham,included_in_source_candidate_lock_view,accepted_unchanged,,,visible_public_name,false,false,false,false,false,false,false,false,false,false,false
lcu:lcu_registry_sett_hx_34157,lcu_working_final_ready,lcu_registry_sett_hx_34157,local_community_unit,c_2,Larkspire,hx_34157,T1_public_center_or_high_consumer,town,Stonefield,Stonefield,Stonefield,included_in_source_candidate_lock_view,accepted_unchanged,,,visible_public_name,false,false,false,false,false,false,false,false,false,false,false
lcu:lcu_registry_sett_hx_35003,lcu_working_final_ready,lcu_registry_sett_hx_35003,local_community_unit,c_2,Larkspire,hx_35003,T1_public_center_or_high_consumer,town,Skylarkley,Skylarkley,Skylarkley,included_in_source_candidate_lock_view,accepted_unchanged,,,visible_public_name,false,false,false,false,false,false,false,false,false,false,false
lcu:lcu_registry_sett_hx_31648,lcu_working_final_ready,lcu_registry_sett_hx_31648,local_community_unit,c_2,Larkspire,hx_31648,T3_ordinary_local_community,village,Bycote,Bycote,Bycote,included_in_source_candidate_lock_view,accepted_unchanged,,,visible_public_name,false,false,false,false,false,false,false,false,false,false,false
lcu:lcu_registry_sett_hx_32475,lcu_working_final_ready,lcu_registry_sett_hx_32475,local_community_unit,c_2,Larkspire,hx_32475,T3_ordinary_local_community,village,Langworth,Langworth,Langworth,included_in_source_candidate_lock_view,accepted_unchanged,,,visible_public_name,false,false,false,false,false,false,false,false,false,false,false
lcu:lcu_rural_manor_hx_34736,lcu_working_final_ready,lcu_rural_manor_hx_34736,local_community_unit,c_2,Larkspire,hx_34736,T3_ordinary_local_community,village,Halecote,Halecote,Halecote,included_in_source_candidate_lock_view,accepted_unchanged,,,visible_public_name,false,false,false,false,false,false,false,false,false,false,false
lcu:lcu_rural_manor_hx_35012,lcu_working_final_ready,lcu_rural_manor_hx_35012,local_community_unit,c_2,Larkspire,hx_35012,T3_ordinary_local_community,village,Hawkstead,Hawkstead,Hawkstead,included_in_source_candidate_lock_view,accepted_unchanged,,,visible_public_name,false,false,false,false,false,false,false,false,false,false,false
lcu:lcu_rural_manor_hx_33638,lcu_working_final_ready,lcu_rural_manor_hx_33638,local_community_unit,c_3,Merewatch,hx_33638,T4_dependency_or_terrain_edge,dispersed rural community,,Merecross,Merecross,included_in_working_authority_name_closure,approved_blank_name_closure_applied,V04-PLACE-MANOR-LCU-BLANK-NAME-AND-QA-PERSON-NAME-CLOSURE-MATERIALIZATION-001,,visible_public_name,false,false,false,false,false,false,false,false,false,false,false
lcu:lcu_rural_manor_hx_32521,lcu_working_final_ready,lcu_rural_manor_hx_32521,local_community_unit,c_3,Merewatch,hx_32521,T3_ordinary_local_community,hamlet,Wickton,Wickton,Wickton,included_in_source_candidate_lock_view,accepted_unchanged,,,visible_public_name,false,false,false,false,false,false,false,false,false,false,false
lcu:lcu_rural_manor_hx_33349,lcu_working_final_ready,lcu_rural_manor_hx_33349,local_community_unit,c_3,Merewatch,hx_33349,T3_ordinary_local_community,hamlet,Reedwater,Reedwater,Reedwater,included_in_source_candidate_lock_view,accepted_unchanged,,,visible_public_name,false,false,false,false,false,false,false,false,false,false,false
lcu:lcu_rural_manor_hx_33368,lcu_working_final_ready,lcu_rural_manor_hx_33368,local_community_unit,c_3,Merewatch,hx_33368,T3_ordinary_local_community,hamlet,Sedgepool,Sedgepool,Sedgepool,included_in_source_candidate_lock_view,accepted_unchanged,,,visible_public_name,false,false,false,false,false,false,false,false,false,false,false
lcu:lcu_rural_manor_hx_34488,lcu_working_final_ready,lcu_rural_manor_hx_34488,local_community_unit,c_3,Merewatch,hx_34488,T2_service_locality,institutional_precinct,Watchminster,Watchminster,Watchminster,included_in_source_candidate_lock_view,accepted_unchanged,,,visible_public_name,false,false,false,false,false,false,false,false,false,false,false
lcu:lcu_rural_manor_hx_35039,lcu_working_final_ready,lcu_rural_manor_hx_35039,local_community_unit,c_3,Merewatch,hx_35039,T2_service_locality,institutional_precinct,Reedchapel,Reedchapel,Reedchapel,included_in_source_candidate_lock_view,accepted_unchanged,,,visible_public_name,false,false,false,false,false,false,false,false,false,false,false
lcu:lcu_rural_manor_hx_35321,lcu_working_final_ready,lcu_rural_manor_hx_35321,local_community_unit,c_3,Merewatch,hx_35321,T2_service_locality,institutional_precinct,Willowhallow,Willowhallow,Willowhallow,included_in_source_candidate_lock_view,accepted_unchanged,,,visible_public_name,false,false,false,false,false,false,false,false,false,false,false
lcu:lcu_rural_manor_hx_35885,lcu_working_final_ready,lcu_rural_manor_hx_35885,local_community_unit,c_3,Merewatch,hx_35885,T2_service_locality,institutional_precinct,Fenpriory,Fenpriory,Fenpriory,included_in_source_candidate_lock_view,accepted_unchanged,,,visible_public_name,false,false,false,false,false,false,false,false,false,false,false
lcu:lcu_rural_manor_hx_34764,lcu_working_final_ready,lcu_rural_manor_hx_34764,local_community_unit,c_3,Merewatch,hx_34764,T2_service_locality,market_village,Reedham,Reedham,Reedham,included_in_source_candidate_lock_view,accepted_unchanged,,,visible_public_name,false,false,false,false,false,false,false,false,false,false,false
lcu:lcu_rural_manor_hx_35882,lcu_working_final_ready,lcu_rural_manor_hx_35882,local_community_unit,c_3,Merewatch,hx_35882,T2_service_locality,market_village,Sedgewick,Sedgewick,Sedgewick,included_in_source_candidate_lock_view,accepted_unchanged,,,visible_public_name,false,false,false,false,false,false,false,false,false,false,false
lcu:lcu_rural_manor_hx_36167,lcu_working_final_ready,lcu_rural_manor_hx_36167,local_community_unit,c_3,Merewatch,hx_36167,T2_service_locality,market_village,Willowfen,Willowfen,Willowfen,included_in_source_candidate_lock_view,accepted_unchanged,,,visible_public_name,false,false,false,false,false,false,false,false,false,false,false
lcu:lcu_rural_manor_hx_37001,lcu_working_final_ready,lcu_rural_manor_hx_37001,local_community_unit,c_3,Merewatch,hx_37001,T2_service_locality,market_village,Hernmere,Hernmere,Hernmere,included_in_source_candidate_lock_view,accepted_unchanged,,,visible_public_name,false,false,false,false,false,false,false,false,false,false,false
lcu:lcu_rural_manor_hx_34491,lcu_working_final_ready,lcu_rural_manor_hx_34491,local_community_unit,c_3,Merewatch,hx_34491,T2_service_locality,route_cluster,Watchgate,Watchgate,Watchgate,included_in_source_candidate_lock_view,accepted_unchanged,,,visible_public_name,false,false,false,false,false,false,false,false,false,false,false
lcu:lcu_rural_manor_hx_34492,lcu_working_final_ready,lcu_rural_manor_hx_34492,local_community_unit,c_3,Merewatch,hx_34492,T2_service_locality,route_cluster,Reedbridge,Reedbridge,Reedbridge,included_in_source_candidate_lock_view,accepted_unchanged,,,visible_public_name,false,false,false,false,false,false,false,false,false,false,false
lcu:lcu_rural_manor_hx_32226,lcu_working_final_ready,lcu_rural_manor_hx_32226,local_community_unit,c_3,Merewatch,hx_32226,T4_dependency_or_terrain_edge,terrain-edge cluster,Willowmere,Willowmere,Willowmere,included_in_source_candidate_lock_view,accepted_unchanged,,,visible_public_name,false,false,false,false,false,false,false,false,false,false,false
lcu:lcu_rural_manor_hx_32802,lcu_working_final_ready,lcu_rural_manor_hx_32802,local_community_unit,c_3,Merewatch,hx_32802,T4_dependency_or_terrain_edge,terrain-edge cluster,Eelbrook,Eelbrook,Eelbrook,included_in_source_candidate_lock_view,accepted_unchanged,,,visible_public_name,false,false,false,false,false,false,false,false,false,false,false
lcu:lcu_rural_manor_hx_33066,lcu_working_final_ready,lcu_rural_manor_hx_33066,local_community_unit,c_3,Merewatch,hx_33066,T4_dependency_or_terrain_edge,terrain-edge cluster,Rushfleet,Rushfleet,Rushfleet,included_in_source_candidate_lock_view,accepted_unchanged,,,visible_public_name,false,false,false,false,false,false,false,false,false,false,false
lcu:lcu_rural_manor_hx_33082,lcu_working_final_ready,lcu_rural_manor_hx_33082,local_community_unit,c_3,Merewatch,hx_33082,T4_dependency_or_terrain_edge,terrain-edge cluster,Greyfen,Greyfen,Greyfen,included_in_source_candidate_lock_view,accepted_unchanged,,,visible_public_name,false,false,false,false,false,false,false,false,false,false,false
lcu:lcu_rural_manor_hx_33085,lcu_working_final_ready,lcu_rural_manor_hx_33085,local_community_unit,c_3,Merewatch,hx_33085,T4_dependency_or_terrain_edge,terrain-edge cluster,Wadestow,Wadestow,Wadestow,included_in_source_candidate_lock_view,accepted_unchanged,,,visible_public_name,false,false,false,false,false,false,false,false,false,false,false
lcu:lcu_rural_manor_hx_34473,lcu_working_final_ready,lcu_rural_manor_hx_34473,local_community_unit,c_3,Merewatch,hx_34473,T4_dependency_or_terrain_edge,terrain-edge cluster,Greyfleet,Greyfleet,Greyfleet,included_in_source_candidate_lock_view,accepted_unchanged,,,visible_public_name,false,false,false,false,false,false,false,false,false,false,false
lcu:lcu_rural_manor_hx_35034,lcu_working_final_ready,lcu_rural_manor_hx_35034,local_community_unit,c_3,Merewatch,hx_35034,T4_dependency_or_terrain_edge,terrain-edge cluster,Rushcote,Rushcote,Rushcote,included_in_source_candidate_lock_view,accepted_unchanged,,,visible_public_name,false,false,false,false,false,false,false,false,false,false,false
lcu:lcu_rural_manor_hx_35035,lcu_working_final_ready,lcu_rural_manor_hx_35035,local_community_unit,c_3,Merewatch,hx_35035,T4_dependency_or_terrain_edge,terrain-edge cluster,Eelham,Eelham,Eelham,included_in_source_candidate_lock_view,accepted_unchanged,,,visible_public_name,false,false,false,false,false,false,false,false,false,false,false
lcu:lcu_rural_manor_hx_35307,lcu_working_final_ready,lcu_rural_manor_hx_35307,local_community_unit,c_3,Merewatch,hx_35307,T4_dependency_or_terrain_edge,terrain-edge cluster,Brackley,Brackley,Brackley,included_in_source_candidate_lock_view,accepted_unchanged,,,visible_public_name,false,false,false,false,false,false,false,false,false,false,false
lcu:lcu_rural_manor_hx_35593,lcu_working_final_ready,lcu_rural_manor_hx_35593,local_community_unit,c_3,Merewatch,hx_35593,T4_dependency_or_terrain_edge,terrain-edge cluster,Carrbank,Carrbank,Carrbank,included_in_source_candidate_lock_view,accepted_unchanged,,,visible_public_name,false,false,false,false,false,false,false,false,false,false,false
lcu:lcu_rural_manor_hx_35595,lcu_working_final_ready,lcu_rural_manor_hx_35595,local_community_unit,c_3,Merewatch,hx_35595,T4_dependency_or_terrain_edge,terrain-edge cluster,Poolham,Poolham,Poolham,included_in_source_candidate_lock_view,accepted_unchanged,,,visible_public_name,false,false,false,false,false,false,false,false,false,false,false
lcu:lcu_registry_sett_hx_33083,lcu_working_final_ready,lcu_registry_sett_hx_33083,local_community_unit,c_3,Merewatch,hx_33083,T1_public_center_or_high_consumer,town,Fleetstead,Fleetstead,Fleetstead,included_in_source_candidate_lock_view,accepted_unchanged,,,visible_public_name,false,false,false,false,false,false,false,false,false,false,false
lcu:lcu_registry_sett_hx_34196,lcu_working_final_ready,lcu_registry_sett_hx_34196,local_community_unit,c_3,Merewatch,hx_34196,T1_public_center_or_high_consumer,town,Watchbury,Watchbury,Watchbury,included_in_source_candidate_lock_view,approved_multi_anchor_identity_member,,place_identity_county_seat_complex_watchbury,visible_public_name,false,false,false,false,false,false,false,false,false,false,false
lcu:lcu_registry_sett_hx_34201,lcu_working_final_ready,lcu_registry_sett_hx_34201,local_community_unit,c_3,Merewatch,hx_34201,T1_public_center_or_high_consumer,town,Eelley,Eelley,Eelley,included_in_source_candidate_lock_view,accepted_unchanged,,,visible_public_name,false,false,false,false,false,false,false,false,false,false,false
lcu:lcu_registry_sett_hx_34487,lcu_working_final_ready,lcu_registry_sett_hx_34487,local_community_unit,c_3,Merewatch,hx_34487,T1_public_center_or_high_consumer,town,Waterbailey,Waterbailey,Waterbailey,included_in_source_candidate_lock_view,accepted_unchanged,,,visible_public_name,false,false,false,false,false,false,false,false,false,false,false
lcu:lcu_registry_sett_hx_35602,lcu_working_final_ready,lcu_registry_sett_hx_35602,local_community_unit,c_3,Merewatch,hx_35602,T1_public_center_or_high_consumer,town,Lodeham,Lodeham,Lodeham,included_in_source_candidate_lock_view,accepted_unchanged,,,visible_public_name,false,false,false,false,false,false,false,false,false,false,false
lcu:lcu_rural_manor_hx_36156,lcu_working_final_ready,lcu_rural_manor_hx_36156,local_community_unit,c_3,Merewatch,hx_36156,T3_ordinary_local_community,village,Willowley,Willowley,Willowley,included_in_source_candidate_lock_view,accepted_unchanged,,,visible_public_name,false,false,false,false,false,false,false,false,false,false,false
lcu:lcu_rural_manor_hx_37284,lcu_working_final_ready,lcu_rural_manor_hx_37284,local_community_unit,c_3,Merewatch,hx_37284,T3_ordinary_local_community,village,Reevestow,Reevestow,Reevestow,included_in_source_candidate_lock_view,accepted_unchanged,,,visible_public_name,false,false,false,false,false,false,false,false,false,false,false
lcu:lcu_rural_manor_hx_36407,lcu_working_final_ready,lcu_rural_manor_hx_36407,local_community_unit,c_4,Northwych,hx_36407,T4_dependency_or_terrain_edge,dispersed rural community,,Northgate,Northgate,included_in_working_authority_name_closure,approved_blank_name_closure_applied,V04-PLACE-MANOR-LCU-BLANK-NAME-AND-QA-PERSON-NAME-CLOSURE-MATERIALIZATION-001,,visible_public_name,false,false,false,false,false,false,false,false,false,false,false
lcu:lcu_rural_manor_hx_33873,lcu_working_final_ready,lcu_rural_manor_hx_33873,local_community_unit,c_4,Northwych,hx_33873,T3_ordinary_local_community,hamlet,Wychgate,Wychgate,Wychgate,included_in_source_candidate_lock_view,accepted_unchanged,,,visible_public_name,false,false,false,false,false,false,false,false,false,false,false
lcu:lcu_rural_manor_hx_34150,lcu_working_final_ready,lcu_rural_manor_hx_34150,local_community_unit,c_4,Northwych,hx_34150,T3_ordinary_local_community,hamlet,Kirkcross,Kirkcross,Kirkcross,included_in_source_candidate_lock_view,accepted_unchanged,,,visible_public_name,false,false,false,false,false,false,false,false,false,false,false
lcu:lcu_rural_manor_hx_33309,lcu_working_final_ready,lcu_rural_manor_hx_33309,local_community_unit,c_4,Northwych,hx_33309,T2_service_locality,institutional_precinct,Kirkwych,Kirkwych,Kirkwych,included_in_source_candidate_lock_view,accepted_unchanged,,,visible_public_name,false,false,false,false,false,false,false,false,false,false,false
lcu:lcu_rural_manor_hx_33592,lcu_working_final_ready,lcu_rural_manor_hx_33592,local_community_unit,c_4,Northwych,hx_33592,T2_service_locality,institutional_precinct,Wychminster,Wychminster,Wychminster,included_in_source_candidate_lock_view,accepted_unchanged,,,visible_public_name,false,false,false,false,false,false,false,false,false,false,false
lcu:lcu_rural_manor_hx_34148,lcu_working_final_ready,lcu_rural_manor_hx_34148,local_community_unit,c_4,Northwych,hx_34148,T2_service_locality,institutional_precinct,Ravenchapel,Ravenchapel,Ravenchapel,included_in_source_candidate_lock_view,accepted_unchanged,,,visible_public_name,false,false,false,false,false,false,false,false,false,false,false
lcu:lcu_rural_manor_hx_34427,lcu_working_final_ready,lcu_rural_manor_hx_34427,local_community_unit,c_4,Northwych,hx_34427,T2_service_locality,institutional_precinct,Coldpriory,Coldpriory,Coldpriory,included_in_source_candidate_lock_view,accepted_unchanged,,,visible_public_name,false,false,false,false,false,false,false,false,false,false,false
lcu:lcu_rural_manor_hx_34720,lcu_working_final_ready,lcu_rural_manor_hx_34720,local_community_unit,c_4,Northwych,hx_34720,T2_service_locality,institutional_precinct,Hallowby,Hallowby,Hallowby,included_in_source_candidate_lock_view,accepted_unchanged,,,visible_public_name,false,false,false,false,false,false,false,false,false,false,false
lcu:lcu_rural_manor_hx_34991,lcu_working_final_ready,lcu_rural_manor_hx_34991,local_community_unit,c_4,Northwych,hx_34991,T2_service_locality,institutional_precinct,Kirkby Wych,Kirkby Wych,Kirkby Wych,included_in_source_candidate_lock_view,accepted_unchanged,,,visible_public_name,false,false,false,false,false,false,false,false,false,false,false
lcu:lcu_rural_manor_hx_35284,lcu_working_final_ready,lcu_rural_manor_hx_35284,local_community_unit,c_4,Northwych,hx_35284,T2_service_locality,institutional_precinct,Grimthorpe,Grimthorpe,Grimthorpe,included_in_source_candidate_lock_view,accepted_unchanged,,,visible_public_name,false,false,false,false,false,false,false,false,false,false,false
lcu:lcu_rural_manor_hx_35831,lcu_working_final_ready,lcu_rural_manor_hx_35831,local_community_unit,c_4,Northwych,hx_35831,T2_service_locality,institutional_precinct,Ravenby,Ravenby,Ravenby,included_in_source_candidate_lock_view,accepted_unchanged,,,visible_public_name,false,false,false,false,false,false,false,false,false,false,false
lcu:lcu_rural_manor_hx_36955,lcu_working_final_ready,lcu_rural_manor_hx_36955,local_community_unit,c_4,Northwych,hx_36955,T2_service_locality,institutional_precinct,Coldgarth,Coldgarth,Coldgarth,included_in_source_candidate_lock_view,accepted_unchanged,,,visible_public_name,false,false,false,false,false,false,false,false,false,false,false
lcu:lcu_rural_manor_hx_38639,lcu_working_final_ready,lcu_rural_manor_hx_38639,local_community_unit,c_4,Northwych,hx_38639,T2_service_locality,institutional_precinct,Branthowe,Branthowe,Branthowe,included_in_source_candidate_lock_view,accepted_unchanged,,,visible_public_name,false,false,false,false,false,false,false,false,false,false,false
lcu:lcu_rural_manor_hx_35282,lcu_working_final_ready,lcu_rural_manor_hx_35282,local_community_unit,c_4,Northwych,hx_35282,T2_service_locality,market_village,Ulfham,Ulfham,Ulfham,included_in_source_candidate_lock_view,accepted_unchanged,,,visible_public_name,false,false,false,false,false,false,false,false,false,false,false
lcu:lcu_rural_manor_hx_35564,lcu_working_final_ready,lcu_rural_manor_hx_35564,local_community_unit,c_4,Northwych,hx_35564,T2_service_locality,market_village,Stonebeck,Stonebeck,Stonebeck,included_in_source_candidate_lock_view,accepted_unchanged,,,visible_public_name,false,false,false,false,false,false,false,false,false,false,false
lcu:lcu_rural_manor_hx_37519,lcu_working_final_ready,lcu_rural_manor_hx_37519,local_community_unit,c_4,Northwych,hx_37519,T2_service_locality,market_village,Daneley,Daneley,Daneley,included_in_source_candidate_lock_view,accepted_unchanged,,,visible_public_name,false,false,false,false,false,false,false,false,false,false,false
lcu:lcu_rural_manor_hx_37803,lcu_working_final_ready,lcu_rural_manor_hx_37803,local_community_unit,c_4,Northwych,hx_37803,T2_service_locality,market_village,Frostwick,Frostwick,Frostwick,included_in_source_candidate_lock_view,accepted_unchanged,,,visible_public_name,false,false,false,false,false,false,false,false,false,false,false
lcu:lcu_rural_manor_hx_38364,lcu_working_final_ready,lcu_rural_manor_hx_38364,local_community_unit,c_4,Northwych,hx_38364,T2_service_locality,market_village,Scarby,Scarby,Scarby,included_in_source_candidate_lock_view,accepted_unchanged,,,visible_public_name,false,false,false,false,false,false,false,false,false,false,false
lcu:lcu_rural_manor_hx_38365,lcu_working_final_ready,lcu_rural_manor_hx_38365,local_community_unit,c_4,Northwych,hx_38365,T2_service_locality,market_village,Haldthorpe,Haldthorpe,Haldthorpe,included_in_source_candidate_lock_view,accepted_unchanged,,,visible_public_name,false,false,false,false,false,false,false,false,false,false,false
lcu:lcu_rural_manor_hx_38641,lcu_working_final_ready,lcu_rural_manor_hx_38641,local_community_unit,c_4,Northwych,hx_38641,T2_service_locality,market_village,Kirkthorpe,Kirkthorpe,Kirkthorpe,included_in_source_candidate_lock_view,accepted_unchanged,,,visible_public_name,false,false,false,false,false,false,false,false,false,false,false
lcu:lcu_rural_manor_hx_34437,lcu_working_final_ready,lcu_rural_manor_hx_34437,local_community_unit,c_4,Northwych,hx_34437,T4_dependency_or_terrain_edge,terrain-edge cluster,Ravenbridge,Ravenbridge,Ravenbridge,included_in_source_candidate_lock_view,accepted_unchanged,,,visible_public_name,false,false,false,false,false,false,false,false,false,false,false
lcu:lcu_rural_manor_hx_34994,lcu_working_final_ready,lcu_rural_manor_hx_34994,local_community_unit,c_4,Northwych,hx_34994,T4_dependency_or_terrain_edge,terrain-edge cluster,Daneford,Daneford,Daneford,included_in_source_candidate_lock_view,accepted_unchanged,,,visible_public_name,false,false,false,false,false,false,false,false,false,false,false
lcu:lcu_rural_manor_hx_35276,lcu_working_final_ready,lcu_rural_manor_hx_35276,local_community_unit,c_4,Northwych,hx_35276,T4_dependency_or_terrain_edge,terrain-edge cluster,Ridgewell,Ridgewell,Ridgewell,included_in_source_candidate_lock_view,accepted_unchanged,,,visible_public_name,false,false,false,false,false,false,false,false,false,false,false
lcu:lcu_rural_manor_hx_35555,lcu_working_final_ready,lcu_rural_manor_hx_35555,local_community_unit,c_4,Northwych,hx_35555,T4_dependency_or_terrain_edge,terrain-edge cluster,Thorpstow,Thorpstow,Thorpstow,included_in_source_candidate_lock_view,accepted_unchanged,,,visible_public_name,false,false,false,false,false,false,false,false,false,false,false
lcu:lcu_rural_manor_hx_35559,lcu_working_final_ready,lcu_rural_manor_hx_35559,local_community_unit,c_4,Northwych,hx_35559,T4_dependency_or_terrain_edge,terrain-edge cluster,Stoneway,Stoneway,Stoneway,included_in_source_candidate_lock_view,accepted_unchanged,,,visible_public_name,false,false,false,false,false,false,false,false,false,false,false
lcu:lcu_rural_manor_hx_36398,lcu_working_final_ready,lcu_rural_manor_hx_36398,local_community_unit,c_4,Northwych,hx_36398,T4_dependency_or_terrain_edge,terrain-edge cluster,Danegate,Danegate,Danegate,included_in_source_candidate_lock_view,accepted_unchanged,,,visible_public_name,false,false,false,false,false,false,false,false,false,false,false
lcu:lcu_rural_manor_hx_36400,lcu_working_final_ready,lcu_rural_manor_hx_36400,local_community_unit,c_4,Northwych,hx_36400,T4_dependency_or_terrain_edge,terrain-edge cluster,Scarbeck,Scarbeck,Scarbeck,included_in_source_candidate_lock_view,accepted_unchanged,,,visible_public_name,false,false,false,false,false,false,false,false,false,false,false
lcu:lcu_rural_manor_hx_36678,lcu_working_final_ready,lcu_rural_manor_hx_36678,local_community_unit,c_4,Northwych,hx_36678,T4_dependency_or_terrain_edge,terrain-edge cluster,Scaredge,Scaredge,Scaredge,included_in_source_candidate_lock_view,accepted_unchanged,,,visible_public_name,false,false,false,false,false,false,false,false,false,false,false
lcu:lcu_rural_manor_hx_36679,lcu_working_final_ready,lcu_rural_manor_hx_36679,local_community_unit,c_4,Northwych,hx_36679,T4_dependency_or_terrain_edge,terrain-edge cluster,Howebarrow,Howebarrow,Howebarrow,included_in_source_candidate_lock_view,accepted_unchanged,,,visible_public_name,false,false,false,false,false,false,false,false,false,false,false
lcu:lcu_registry_sett_hx_37798,lcu_working_final_ready,lcu_registry_sett_hx_37798,local_community_unit,c_4,Northwych,hx_37798,T1_public_center_or_high_consumer,town,Howebeck,Howebeck,Howebeck,included_in_source_candidate_lock_view,accepted_unchanged,,,visible_public_name,false,false,false,false,false,false,false,false,false,false,false
lcu:lcu_registry_sett_hx_38085,lcu_working_final_ready,lcu_registry_sett_hx_38085,local_community_unit,c_4,Northwych,hx_38085,T1_public_center_or_high_consumer,town,Northby,Northby,Northby,included_in_source_candidate_lock_view,approved_multi_anchor_identity_member,,place_identity_county_seat_complex_northby,visible_public_name,false,false,false,false,false,false,false,false,false,false,false
lcu:lcu_registry_sett_hx_36396,lcu_working_final_ready,lcu_registry_sett_hx_36396,local_community_unit,c_4,Northwych,hx_36396,T3_ordinary_local_community,village,Woldhowe,Woldhowe,Woldhowe,included_in_source_candidate_lock_view,accepted_unchanged,,,visible_public_name,false,false,false,false,false,false,false,false,false,false,false
lcu:lcu_rural_manor_hx_36127,lcu_working_final_ready,lcu_rural_manor_hx_36127,local_community_unit,c_4,Northwych,hx_36127,T3_ordinary_local_community,village,Grimton,Grimton,Grimton,included_in_source_candidate_lock_view,accepted_unchanged,,,visible_public_name,false,false,false,false,false,false,false,false,false,false,false
lcu:lcu_rural_manor_hx_36689,lcu_working_final_ready,lcu_rural_manor_hx_36689,local_community_unit,c_4,Northwych,hx_36689,T3_ordinary_local_community,village,Brantstead,Brantstead,Brantstead,included_in_source_candidate_lock_view,accepted_unchanged,,,visible_public_name,false,false,false,false,false,false,false,false,false,false,false
lcu:lcu_rural_manor_hx_36965,lcu_working_final_ready,lcu_rural_manor_hx_36965,local_community_unit,c_4,Northwych,hx_36965,T3_ordinary_local_community,village,Northstead,Northstead,Northstead,included_in_source_candidate_lock_view,accepted_unchanged,,,visible_public_name,false,false,false,false,false,false,false,false,false,false,false
lcu:lcu_rural_manor_hx_38090,lcu_working_final_ready,lcu_rural_manor_hx_38090,local_community_unit,c_4,Northwych,hx_38090,T3_ordinary_local_community,village,Grimwold,Grimwold,Grimwold,included_in_source_candidate_lock_view,accepted_unchanged,,,visible_public_name,false,false,false,false,false,false,false,false,false,false,false
lcu:lcu_rural_manor_hx_39209,lcu_working_final_ready,lcu_rural_manor_hx_39209,local_community_unit,c_4,Northwych,hx_39209,T3_ordinary_local_community,village,Scarcote,Scarcote,Scarcote,included_in_source_candidate_lock_view,accepted_unchanged,,,visible_public_name,false,false,false,false,false,false,false,false,false,false,false
lcu:lcu_rural_manor_hx_39488,lcu_working_final_ready,lcu_rural_manor_hx_39488,local_community_unit,c_4,Northwych,hx_39488,T3_ordinary_local_community,village,Ulffield,Ulffield,Ulffield,included_in_source_candidate_lock_view,accepted_unchanged,,,visible_public_name,false,false,false,false,false,false,false,false,false,false,false
lcu:lcu_rural_manor_hx_39765,lcu_working_final_ready,lcu_rural_manor_hx_39765,local_community_unit,c_4,Northwych,hx_39765,T3_ordinary_local_community,village,Ulfthorpe,Ulfthorpe,Ulfthorpe,included_in_source_candidate_lock_view,accepted_unchanged,,,visible_public_name,false,false,false,false,false,false,false,false,false,false,false
lcu:lcu_rural_manor_hx_40324,lcu_working_final_ready,lcu_rural_manor_hx_40324,local_community_unit,c_4,Northwych,hx_40324,T3_ordinary_local_community,village,Beck,Beck,Beck,included_in_source_candidate_lock_view,accepted_unchanged,,,visible_public_name,false,false,false,false,false,false,false,false,false,false,false
lcu:lcu_rural_manor_hx_40613,lcu_working_final_ready,lcu_rural_manor_hx_40613,local_community_unit,c_4,Northwych,hx_40613,T3_ordinary_local_community,village,Haldbeck,Haldbeck,Haldbeck,included_in_source_candidate_lock_view,accepted_unchanged,,,visible_public_name,false,false,false,false,false,false,false,false,false,false,false
lcu:lcu_rural_manor_hx_40888,lcu_working_final_ready,lcu_rural_manor_hx_40888,local_community_unit,c_4,Northwych,hx_40888,T3_ordinary_local_community,village,Langgate,Langgate,Langgate,included_in_source_candidate_lock_view,accepted_unchanged,,,visible_public_name,false,false,false,false,false,false,false,false,false,false,false
lcu:lcu_rural_manor_hx_41455,lcu_working_final_ready,lcu_rural_manor_hx_41455,local_community_unit,c_4,Northwych,hx_41455,T3_ordinary_local_community,village,Haldham,Haldham,Haldham,included_in_source_candidate_lock_view,accepted_unchanged,,,visible_public_name,false,false,false,false,false,false,false,false,false,false,false
lcu:lcu_rural_manor_hx_42010,lcu_working_final_ready,lcu_rural_manor_hx_42010,local_community_unit,c_4,Northwych,hx_42010,T3_ordinary_local_community,village,Woldthorpe,Woldthorpe,Woldthorpe,included_in_source_candidate_lock_view,accepted_unchanged,,,visible_public_name,false,false,false,false,false,false,false,false,false,false,false
lcu:lcu_rural_manor_hx_35305,lcu_working_final_ready,lcu_rural_manor_hx_35305,local_community_unit,c_5,Orchardmere,hx_35305,T4_dependency_or_terrain_edge,dispersed rural community,,Appletree,Appletree,included_in_working_authority_name_closure,approved_blank_name_closure_applied,V04-PLACE-MANOR-LCU-BLANK-NAME-AND-QA-PERSON-NAME-CLOSURE-MATERIALIZATION-001,,visible_public_name,false,false,false,false,false,false,false,false,false,false,false
lcu:lcu_rural_manor_hx_35586,lcu_working_final_ready,lcu_rural_manor_hx_35586,local_community_unit,c_5,Orchardmere,hx_35586,T4_dependency_or_terrain_edge,dispersed rural community,,Withybridge,Withybridge,included_in_working_authority_name_closure,approved_blank_name_closure_applied,V04-PLACE-MANOR-LCU-BLANK-NAME-AND-QA-PERSON-NAME-CLOSURE-MATERIALIZATION-001,,visible_public_name,false,false,false,false,false,false,false,false,false,false,false
lcu:lcu_rural_manor_hx_33619,lcu_working_final_ready,lcu_rural_manor_hx_33619,local_community_unit,c_5,Orchardmere,hx_33619,T2_service_locality,market_village,Meadley,Meadley,Meadley,included_in_source_candidate_lock_view,accepted_unchanged,,,visible_public_name,false,false,false,false,false,false,false,false,false,false,false
lcu:lcu_rural_manor_hx_33902,lcu_working_final_ready,lcu_rural_manor_hx_33902,local_community_unit,c_5,Orchardmere,hx_33902,T2_service_locality,market_village,Appleton,Appleton,Appleton,included_in_source_candidate_lock_view,accepted_unchanged,,,visible_public_name,false,false,false,false,false,false,false,false,false,false,false
lcu:lcu_rural_manor_hx_34179,lcu_working_final_ready,lcu_rural_manor_hx_34179,local_community_unit,c_5,Orchardmere,hx_34179,T2_service_locality,market_village,Pearham,Pearham,Pearham,included_in_source_candidate_lock_view,accepted_unchanged,,,visible_public_name,false,false,false,false,false,false,false,false,false,false,false
lcu:lcu_rural_manor_hx_34462,lcu_working_final_ready,lcu_rural_manor_hx_34462,local_community_unit,c_5,Orchardmere,hx_34462,T2_service_locality,market_village,Lindenacre,Lindenacre,Lindenacre,included_in_source_candidate_lock_view,accepted_unchanged,,,visible_public_name,false,false,false,false,false,false,false,false,false,false,false
lcu:lcu_rural_manor_hx_36716,lcu_working_final_ready,lcu_rural_manor_hx_36716,local_community_unit,c_5,Orchardmere,hx_36716,T2_service_locality,market_village,Meadford,Meadford,Meadford,included_in_source_candidate_lock_view,accepted_unchanged,,,visible_public_name,false,false,false,false,false,false,false,false,false,false,false
lcu:lcu_rural_manor_hx_37269,lcu_working_final_ready,lcu_rural_manor_hx_37269,local_community_unit,c_5,Orchardmere,hx_37269,T2_service_locality,market_village,Honeywick,Honeywick,Honeywick,included_in_source_candidate_lock_view,accepted_unchanged,,,visible_public_name,false,false,false,false,false,false,false,false,false,false,false
lcu:lcu_rural_manor_hx_37279,lcu_working_final_ready,lcu_rural_manor_hx_37279,local_community_unit,c_5,Orchardmere,hx_37279,T2_service_locality,market_village,Mallowfield,Mallowdene,Mallowdene,included_in_source_candidate_lock_view,approved_name_repair_applied,PNC-REPAIR-011,,visible_public_name,false,false,false,false,false,false,false,false,false,false,false
lcu:lcu_rural_manor_hx_34466,lcu_working_final_ready,lcu_rural_manor_hx_34466,local_community_unit,c_5,Orchardmere,hx_34466,T4_dependency_or_terrain_edge,terrain-edge cluster,Meadstow,Meadstow,Meadstow,included_in_source_candidate_lock_view,accepted_unchanged,,,visible_public_name,false,false,false,false,false,false,false,false,false,false,false
lcu:lcu_rural_manor_hx_34468,lcu_working_final_ready,lcu_rural_manor_hx_34468,local_community_unit,c_5,Orchardmere,hx_34468,T4_dependency_or_terrain_edge,terrain-edge cluster,Applecross,Applecross,Applecross,included_in_source_candidate_lock_view,accepted_unchanged,,,visible_public_name,false,false,false,false,false,false,false,false,false,false,false
lcu:lcu_registry_sett_hx_33900,lcu_working_final_ready,lcu_registry_sett_hx_33900,local_community_unit,c_5,Orchardmere,hx_33900,T1_public_center_or_high_consumer,town,Dovecote,Dovecote,Dovecote,included_in_source_candidate_lock_view,accepted_unchanged,,,visible_public_name,false,false,false,false,false,false,false,false,false,false,false
lcu:lcu_registry_sett_hx_36989,lcu_working_final_ready,lcu_registry_sett_hx_36989,local_community_unit,c_5,Orchardmere,hx_36989,T1_public_center_or_high_consumer,town,Orchardham,Orchardham,Orchardham,included_in_source_candidate_lock_view,approved_multi_anchor_identity_member,,place_identity_county_seat_complex_orchardham,visible_public_name,false,false,false,false,false,false,false,false,false,false,false
lcu:lcu_registry_sett_hx_36998,lcu_working_final_ready,lcu_registry_sett_hx_36998,local_community_unit,c_5,Orchardmere,hx_36998,T1_public_center_or_high_consumer,town,Oatenworth,Oatenworth,Oatenworth,included_in_source_candidate_lock_view,accepted_unchanged,,,visible_public_name,false,false,false,false,false,false,false,false,false,false,false
lcu:lcu_rural_manor_hx_35579,lcu_working_final_ready,lcu_rural_manor_hx_35579,local_community_unit,c_5,Orchardmere,hx_35579,T3_ordinary_local_community,village,Orchardgate,Orchardgate,Orchardgate,included_in_source_candidate_lock_view,accepted_unchanged,,,visible_public_name,false,false,false,false,false,false,false,false,false,false,false
lcu:lcu_rural_manor_hx_35585,lcu_working_final_ready,lcu_rural_manor_hx_35585,local_community_unit,c_5,Orchardmere,hx_35585,T3_ordinary_local_community,village,Bloombridge,Bloombridge,Bloombridge,included_in_source_candidate_lock_view,accepted_unchanged,,,visible_public_name,false,false,false,false,false,false,false,false,false,false,false
lcu:lcu_rural_manor_hx_35867,lcu_working_final_ready,lcu_rural_manor_hx_35867,local_community_unit,c_5,Orchardmere,hx_35867,T3_ordinary_local_community,village,Haystreet,Haystreet,Haystreet,included_in_source_candidate_lock_view,accepted_unchanged,,,visible_public_name,false,false,false,false,false,false,false,false,false,false,false
lcu:lcu_rural_manor_hx_36426,lcu_working_final_ready,lcu_rural_manor_hx_36426,local_community_unit,c_5,Orchardmere,hx_36426,T3_ordinary_local_community,village,Greenford,Greenford,Greenford,included_in_source_candidate_lock_view,accepted_unchanged,,,visible_public_name,false,false,false,false,false,false,false,false,false,false,false
lcu:lcu_rural_manor_hx_36983,lcu_working_final_ready,lcu_rural_manor_hx_36983,local_community_unit,c_5,Orchardmere,hx_36983,T3_ordinary_local_community,village,Doveworth,Doveworth,Doveworth,included_in_source_candidate_lock_view,accepted_unchanged,,,visible_public_name,false,false,false,false,false,false,false,false,false,false,false
lcu:lcu_rural_manor_hx_37556,lcu_working_final_ready,lcu_rural_manor_hx_37556,local_community_unit,c_5,Orchardmere,hx_37556,T3_ordinary_local_community,village,Pearmead,Pearmead,Pearmead,included_in_source_candidate_lock_view,accepted_unchanged,,,visible_public_name,false,false,false,false,false,false,false,false,false,false,false
lcu:lcu_rural_manor_hx_37840,lcu_working_final_ready,lcu_rural_manor_hx_37840,local_community_unit,c_5,Orchardmere,hx_37840,T3_ordinary_local_community,village,Lindenbury,Lindenbury,Lindenbury,included_in_source_candidate_lock_view,accepted_unchanged,,,visible_public_name,false,false,false,false,false,false,false,false,false,false,false
lcu:lcu_rural_manor_hx_38387,lcu_working_final_ready,lcu_rural_manor_hx_38387,local_community_unit,c_5,Orchardmere,hx_38387,T3_ordinary_local_community,village,Greenwick,Greenwick,Greenwick,included_in_source_candidate_lock_view,accepted_unchanged,,,visible_public_name,false,false,false,false,false,false,false,false,false,false,false
lcu:lcu_rural_manor_hx_38390,lcu_working_final_ready,lcu_rural_manor_hx_38390,local_community_unit,c_5,Orchardmere,hx_38390,T3_ordinary_local_community,village,Plumcote,Plumcote,Plumcote,included_in_source_candidate_lock_view,accepted_unchanged,,,visible_public_name,false,false,false,false,false,false,false,false,false,false,false
lcu:lcu_rural_manor_hx_38393,lcu_working_final_ready,lcu_rural_manor_hx_38393,local_community_unit,c_5,Orchardmere,hx_38393,T3_ordinary_local_community,village,Mallowbury,Mallowbury,Mallowbury,included_in_source_candidate_lock_view,accepted_unchanged,,,visible_public_name,false,false,false,false,false,false,false,false,false,false,false
lcu:lcu_rural_manor_hx_38962,lcu_working_final_ready,lcu_rural_manor_hx_38962,local_community_unit,c_5,Orchardmere,hx_38962,T3_ordinary_local_community,village,Pearwick,Pearwick,Pearwick,included_in_source_candidate_lock_view,accepted_unchanged,,,visible_public_name,false,false,false,false,false,false,false,false,false,false,false
lcu:lcu_rural_manor_hx_38963,lcu_working_final_ready,lcu_rural_manor_hx_38963,local_community_unit,c_5,Orchardmere,hx_38963,T3_ordinary_local_community,village,Honeyley,Honeyley,Honeyley,included_in_source_candidate_lock_view,accepted_unchanged,,,visible_public_name,false,false,false,false,false,false,false,false,false,false,false
lcu:lcu_rural_manor_hx_39792,lcu_working_final_ready,lcu_rural_manor_hx_39792,local_community_unit,c_5,Orchardmere,hx_39792,T3_ordinary_local_community,village,Wheatstow,Wheatstow,Wheatstow,included_in_source_candidate_lock_view,accepted_unchanged,,,visible_public_name,false,false,false,false,false,false,false,false,false,false,false
lcu:lcu_rural_manor_hx_40634,lcu_working_final_ready,lcu_rural_manor_hx_40634,local_community_unit,c_5,Orchardmere,hx_40634,T3_ordinary_local_community,village,Oatenstead,Oatenstead,Oatenstead,included_in_source_candidate_lock_view,accepted_unchanged,,,visible_public_name,false,false,false,false,false,false,false,false,false,false,false
lcu:lcu_rural_manor_hx_28237,lcu_working_final_ready,lcu_rural_manor_hx_28237,local_community_unit,c_6,Wyrmford,hx_28237,T4_dependency_or_terrain_edge,dispersed rural community,,Wyrmcote,Wyrmcote,included_in_working_authority_name_closure,approved_blank_name_closure_applied,V04-PLACE-MANOR-LCU-BLANK-NAME-AND-QA-PERSON-NAME-CLOSURE-MATERIALIZATION-001,,visible_public_name,false,false,false,false,false,false,false,false,false,false,false
lcu:lcu_rural_manor_hx_26835,lcu_working_final_ready,lcu_rural_manor_hx_26835,local_community_unit,c_6,Wyrmford,hx_26835,T3_ordinary_local_community,hamlet,Narrowworth,Narrowworth,Narrowworth,included_in_source_candidate_lock_view,accepted_unchanged,,,visible_public_name,false,false,false,false,false,false,false,false,false,false,false
lcu:lcu_rural_manor_hx_27117,lcu_working_final_ready,lcu_rural_manor_hx_27117,local_community_unit,c_6,Wyrmford,hx_27117,T3_ordinary_local_community,hamlet,Eddywick,Eddywick,Eddywick,included_in_source_candidate_lock_view,accepted_unchanged,,,visible_public_name,false,false,false,false,false,false,false,false,false,false,false
lcu:lcu_rural_manor_hx_27419,lcu_working_final_ready,lcu_rural_manor_hx_27419,local_community_unit,c_6,Wyrmford,hx_27419,T3_ordinary_local_community,hamlet,Bramford,Bramford,Bramford,included_in_source_candidate_lock_view,accepted_unchanged,,,visible_public_name,false,false,false,false,false,false,false,false,false,false,false
lcu:lcu_rural_manor_hx_27957,lcu_working_final_ready,lcu_rural_manor_hx_27957,local_community_unit,c_6,Wyrmford,hx_27957,T3_ordinary_local_community,hamlet,Waterstow,Waterstow,Waterstow,included_in_source_candidate_lock_view,accepted_unchanged,,,visible_public_name,false,false,false,false,false,false,false,false,false,false,false
lcu:lcu_rural_manor_hx_27978,lcu_working_final_ready,lcu_rural_manor_hx_27978,local_community_unit,c_6,Wyrmford,hx_27978,T3_ordinary_local_community,hamlet,Wyrecote,Wyrecote,Wyrecote,included_in_source_candidate_lock_view,accepted_unchanged,,,visible_public_name,false,false,false,false,false,false,false,false,false,false,false
lcu:lcu_rural_manor_hx_28259,lcu_working_final_ready,lcu_rural_manor_hx_28259,local_community_unit,c_6,Wyrmford,hx_28259,T3_ordinary_local_community,hamlet,Withyham,Withyham,Withyham,included_in_source_candidate_lock_view,accepted_unchanged,,,visible_public_name,false,false,false,false,false,false,false,false,false,false,false
lcu:lcu_rural_manor_hx_29946,lcu_working_final_ready,lcu_rural_manor_hx_29946,local_community_unit,c_6,Wyrmford,hx_29946,T3_ordinary_local_community,hamlet,Bendwick,Bendwick,Bendwick,included_in_source_candidate_lock_view,accepted_unchanged,,,visible_public_name,false,false,false,false,false,false,false,false,false,false,false
lcu:lcu_rural_manor_hx_30506,lcu_working_final_ready,lcu_rural_manor_hx_30506,local_community_unit,c_6,Wyrmford,hx_30506,T3_ordinary_local_community,hamlet,Rookstow,Rookstow,Rookstow,included_in_source_candidate_lock_view,accepted_unchanged,,,visible_public_name,false,false,false,false,false,false,false,false,false,false,false
lcu:lcu_rural_manor_hx_30787,lcu_working_final_ready,lcu_rural_manor_hx_30787,local_community_unit,c_6,Wyrmford,hx_30787,T3_ordinary_local_community,hamlet,Ashwyre,Ashwyre,Ashwyre,included_in_source_candidate_lock_view,accepted_unchanged,,,visible_public_name,false,false,false,false,false,false,false,false,false,false,false
lcu:lcu_rural_manor_hx_31042,lcu_working_final_ready,lcu_rural_manor_hx_31042,local_community_unit,c_6,Wyrmford,hx_31042,T3_ordinary_local_community,hamlet,Redbrook,Redbrook,Redbrook,included_in_source_candidate_lock_view,accepted_unchanged,,,visible_public_name,false,false,false,false,false,false,false,false,false,false,false
lcu:lcu_rural_manor_hx_32188,lcu_working_final_ready,lcu_rural_manor_hx_32188,local_community_unit,c_6,Wyrmford,hx_32188,T3_ordinary_local_community,hamlet,Swanley,Swanley,Swanley,included_in_source_candidate_lock_view,accepted_unchanged,,,visible_public_name,false,false,false,false,false,false,false,false,false,false,false
lcu:lcu_rural_manor_hx_33578,lcu_working_final_ready,lcu_rural_manor_hx_33578,local_community_unit,c_6,Wyrmford,hx_33578,T3_ordinary_local_community,hamlet,Harrowby,Harrowby,Harrowby,included_in_source_candidate_lock_view,accepted_unchanged,,,visible_public_name,false,false,false,false,false,false,false,false,false,false,false
lcu:lcu_rural_manor_hx_33582,lcu_working_final_ready,lcu_rural_manor_hx_33582,local_community_unit,c_6,Wyrmford,hx_33582,T3_ordinary_local_community,hamlet,Wyrmton,Wyrmton,Wyrmton,included_in_source_candidate_lock_view,accepted_unchanged,,,visible_public_name,false,false,false,false,false,false,false,false,false,false,false
lcu:lcu_rural_manor_hx_33860,lcu_working_final_ready,lcu_rural_manor_hx_33860,local_community_unit,c_6,Wyrmford,hx_33860,T3_ordinary_local_community,hamlet,Clifffield,Clifffield,Clifffield,included_in_source_candidate_lock_view,accepted_unchanged,,,visible_public_name,false,false,false,false,false,false,false,false,false,false,false
lcu:lcu_rural_manor_hx_22639,lcu_working_final_ready,lcu_rural_manor_hx_22639,local_community_unit,c_6,Wyrmford,hx_22639,T2_service_locality,institutional_precinct,Wyreminster,Wyreminster,Wyreminster,included_in_source_candidate_lock_view,accepted_unchanged,,,visible_public_name,false,false,false,false,false,false,false,false,false,false,false
lcu:lcu_rural_manor_hx_22640,lcu_working_final_ready,lcu_rural_manor_hx_22640,local_community_unit,c_6,Wyrmford,hx_22640,T2_service_locality,institutional_precinct,Wyrmchapel,Wyrmchapel,Wyrmchapel,included_in_source_candidate_lock_view,accepted_unchanged,,,visible_public_name,false,false,false,false,false,false,false,false,false,false,false
lcu:lcu_rural_manor_hx_23194,lcu_working_final_ready,lcu_rural_manor_hx_23194,local_community_unit,c_6,Wyrmford,hx_23194,T2_service_locality,institutional_precinct,Hallowwyre,Hallowwyre,Hallowwyre,included_in_source_candidate_lock_view,accepted_unchanged,,,visible_public_name,false,false,false,false,false,false,false,false,false,false,false
lcu:lcu_rural_manor_hx_23483,lcu_working_final_ready,lcu_rural_manor_hx_23483,local_community_unit,c_6,Wyrmford,hx_23483,T2_service_locality,institutional_precinct,Reedpriory,Reedpriory,Reedpriory,included_in_source_candidate_lock_view,accepted_unchanged,,,visible_public_name,false,false,false,false,false,false,false,false,false,false,false
lcu:lcu_rural_manor_hx_23757,lcu_working_final_ready,lcu_rural_manor_hx_23757,local_community_unit,c_6,Wyrmford,hx_23757,T2_service_locality,institutional_precinct,Reedminster,Reedminster,Reedminster,included_in_source_candidate_lock_view,accepted_unchanged,,,visible_public_name,false,false,false,false,false,false,false,false,false,false,false
lcu:lcu_rural_manor_hx_23761,lcu_working_final_ready,lcu_rural_manor_hx_23761,local_community_unit,c_6,Wyrmford,hx_23761,T2_service_locality,institutional_precinct,Reedworth,Reedworth,Reedworth,included_in_source_candidate_lock_view,accepted_unchanged,,,visible_public_name,false,false,false,false,false,false,false,false,false,false,false
lcu:lcu_rural_manor_hx_24043,lcu_working_final_ready,lcu_rural_manor_hx_24043,local_community_unit,c_6,Wyrmford,hx_24043,T2_service_locality,institutional_precinct,Reedcote,Reedcote,Reedcote,included_in_source_candidate_lock_view,accepted_unchanged,,,visible_public_name,false,false,false,false,false,false,false,false,false,false,false
lcu:lcu_rural_manor_hx_24326,lcu_working_final_ready,lcu_rural_manor_hx_24326,local_community_unit,c_6,Wyrmford,hx_24326,T2_service_locality,institutional_precinct,Cairnbrook,Cairnbrook,Cairnbrook,included_in_source_candidate_lock_view,accepted_unchanged,,,visible_public_name,false,false,false,false,false,false,false,false,false,false,false
lcu:lcu_rural_manor_hx_25163,lcu_working_final_ready,lcu_rural_manor_hx_25163,local_community_unit,c_6,Wyrmford,hx_25163,T2_service_locality,institutional_precinct,Withychapel,Withychapel,Withychapel,included_in_source_candidate_lock_view,accepted_unchanged,,,visible_public_name,false,false,false,false,false,false,false,false,false,false,false
lcu:lcu_rural_manor_hx_26285,lcu_working_final_ready,lcu_rural_manor_hx_26285,local_community_unit,c_6,Wyrmford,hx_26285,T2_service_locality,institutional_precinct,Cliffwell,Cliffwell,Cliffwell,included_in_source_candidate_lock_view,accepted_unchanged,,,visible_public_name,false,false,false,false,false,false,false,false,false,false,false
lcu:lcu_rural_manor_hx_26562,lcu_working_final_ready,lcu_rural_manor_hx_26562,local_community_unit,c_6,Wyrmford,hx_26562,T2_service_locality,institutional_precinct,Cairnchapel,Cairnchapel,Cairnchapel,included_in_source_candidate_lock_view,accepted_unchanged,,,visible_public_name,false,false,false,false,false,false,false,false,false,false,false
lcu:lcu_rural_manor_hx_26839,lcu_working_final_ready,lcu_rural_manor_hx_26839,local_community_unit,c_6,Wyrmford,hx_26839,T2_service_locality,institutional_precinct,Bramhallow,Bramhallow,Bramhallow,included_in_source_candidate_lock_view,accepted_unchanged,,,visible_public_name,false,false,false,false,false,false,false,false,false,false,false
lcu:lcu_rural_manor_hx_26846,lcu_working_final_ready,lcu_rural_manor_hx_26846,local_community_unit,c_6,Wyrmford,hx_26846,T2_service_locality,institutional_precinct,Swancote,Swancote,Swancote,included_in_source_candidate_lock_view,accepted_unchanged,,,visible_public_name,false,false,false,false,false,false,false,false,false,false,false
lcu:lcu_rural_manor_hx_27129,lcu_working_final_ready,lcu_rural_manor_hx_27129,local_community_unit,c_6,Wyrmford,hx_27129,T2_service_locality,institutional_precinct,Redton,Redton,Redton,included_in_source_candidate_lock_view,accepted_unchanged,,,visible_public_name,false,false,false,false,false,false,false,false,false,false,false
lcu:lcu_rural_manor_hx_27681,lcu_working_final_ready,lcu_rural_manor_hx_27681,local_community_unit,c_6,Wyrmford,hx_27681,T2_service_locality,institutional_precinct,Wyrechapel,Wyrechapel,Wyrechapel,included_in_source_candidate_lock_view,accepted_unchanged,,,visible_public_name,false,false,false,false,false,false,false,false,false,false,false
lcu:lcu_rural_manor_hx_27685,lcu_working_final_ready,lcu_rural_manor_hx_27685,local_community_unit,c_6,Wyrmford,hx_27685,T2_service_locality,institutional_precinct,Redley,Redley,Redley,included_in_source_candidate_lock_view,accepted_unchanged,,,visible_public_name,false,false,false,false,false,false,false,false,false,false,false
lcu:lcu_rural_manor_hx_27690,lcu_working_final_ready,lcu_rural_manor_hx_27690,local_community_unit,c_6,Wyrmford,hx_27690,T2_service_locality,institutional_precinct,Fenford,Fenford,Fenford,included_in_source_candidate_lock_view,accepted_unchanged,,,visible_public_name,false,false,false,false,false,false,false,false,false,false,false
lcu:lcu_rural_manor_hx_27692,lcu_working_final_ready,lcu_rural_manor_hx_27692,local_community_unit,c_6,Wyrmford,hx_27692,T2_service_locality,institutional_precinct,Swanford,Swanford,Swanford,included_in_source_candidate_lock_view,accepted_unchanged,,,visible_public_name,false,false,false,false,false,false,false,false,false,false,false
lcu:lcu_rural_manor_hx_29093,lcu_working_final_ready,lcu_rural_manor_hx_29093,local_community_unit,c_6,Wyrmford,hx_29093,T2_service_locality,institutional_precinct,Fenminster,Fenminster,Fenminster,included_in_source_candidate_lock_view,accepted_unchanged,,,visible_public_name,false,false,false,false,false,false,false,false,false,false,false
lcu:lcu_rural_manor_hx_33292,lcu_working_final_ready,lcu_rural_manor_hx_33292,local_community_unit,c_6,Wyrmford,hx_33292,T2_service_locality,institutional_precinct,Rookwell,Rookwell,Rookwell,included_in_source_candidate_lock_view,accepted_unchanged,,,visible_public_name,false,false,false,false,false,false,false,false,false,false,false
lcu:lcu_rural_manor_hx_29091,lcu_working_final_ready,lcu_rural_manor_hx_29091,local_community_unit,c_6,Wyrmford,hx_29091,T2_service_locality,market_village,Harrowstow,Harrowstow,Harrowstow,included_in_source_candidate_lock_view,accepted_unchanged,,,visible_public_name,false,false,false,false,false,false,false,false,false,false,false
lcu:lcu_rural_manor_hx_29652,lcu_working_final_ready,lcu_rural_manor_hx_29652,local_community_unit,c_6,Wyrmford,hx_29652,T2_service_locality,market_village,Cliffley,Cliffley,Cliffley,included_in_source_candidate_lock_view,accepted_unchanged,,,visible_public_name,false,false,false,false,false,false,false,false,false,false,false
lcu:lcu_rural_manor_hx_32747,lcu_working_final_ready,lcu_rural_manor_hx_32747,local_community_unit,c_6,Wyrmford,hx_32747,T2_service_locality,market_village,Blackstead,Redfield,Redfield,included_in_source_candidate_lock_view,approved_name_repair_applied,PNC-REPAIR-003,,visible_public_name,false,false,false,false,false,false,false,false,false,false,false
lcu:lcu_rural_manor_hx_33867,lcu_working_final_ready,lcu_rural_manor_hx_33867,local_community_unit,c_6,Wyrmford,hx_33867,T2_service_locality,market_village,Rookstead,Rookstead,Rookstead,included_in_source_candidate_lock_view,accepted_unchanged,,,visible_public_name,false,false,false,false,false,false,false,false,false,false,false
lcu:lcu_rural_manor_hx_34144,lcu_working_final_ready,lcu_rural_manor_hx_34144,local_community_unit,c_6,Wyrmford,hx_34144,T2_service_locality,market_village,Eddyford,Eddyford,Eddyford,included_in_source_candidate_lock_view,accepted_unchanged,,,visible_public_name,false,false,false,false,false,false,false,false,false,false,false
lcu:lcu_rural_manor_hx_26853,lcu_working_final_ready,lcu_rural_manor_hx_26853,local_community_unit,c_6,Wyrmford,hx_26853,T4_dependency_or_terrain_edge,terrain-edge cluster,Greenedge,Greenedge,Greenedge,included_in_source_candidate_lock_view,accepted_unchanged,,,visible_public_name,false,false,false,false,false,false,false,false,false,false,false
lcu:lcu_rural_manor_hx_27416,lcu_working_final_ready,lcu_rural_manor_hx_27416,local_community_unit,c_6,Wyrmford,hx_27416,T4_dependency_or_terrain_edge,terrain-edge cluster,Osierford,Osierford,Osierford,included_in_source_candidate_lock_view,accepted_unchanged,,,visible_public_name,false,false,false,false,false,false,false,false,false,false,false
lcu:lcu_rural_manor_hx_28240,lcu_working_final_ready,lcu_rural_manor_hx_28240,local_community_unit,c_6,Wyrmford,hx_28240,T4_dependency_or_terrain_edge,terrain-edge cluster,Bendham,Bendham,Bendham,included_in_source_candidate_lock_view,accepted_unchanged,,,visible_public_name,false,false,false,false,false,false,false,false,false,false,false
lcu:lcu_rural_manor_hx_28524,lcu_working_final_ready,lcu_rural_manor_hx_28524,local_community_unit,c_6,Wyrmford,hx_28524,T4_dependency_or_terrain_edge,terrain-edge cluster,Brambrook,Brambrook,Brambrook,included_in_source_candidate_lock_view,accepted_unchanged,,,visible_public_name,false,false,false,false,false,false,false,false,false,false,false
lcu:lcu_rural_manor_hx_28527,lcu_working_final_ready,lcu_rural_manor_hx_28527,local_community_unit,c_6,Wyrmford,hx_28527,T4_dependency_or_terrain_edge,terrain-edge cluster,Blackwick,Blackwick,Blackwick,included_in_source_candidate_lock_view,accepted_unchanged,,,visible_public_name,false,false,false,false,false,false,false,false,false,false,false
lcu:lcu_rural_manor_hx_28540,lcu_working_final_ready,lcu_rural_manor_hx_28540,local_community_unit,c_6,Wyrmford,hx_28540,T4_dependency_or_terrain_edge,terrain-edge cluster,Osiercroft,Osiercroft,Osiercroft,included_in_source_candidate_lock_view,accepted_unchanged,,,visible_public_name,false,false,false,false,false,false,false,false,false,false,false
lcu:lcu_rural_manor_hx_28802,lcu_working_final_ready,lcu_rural_manor_hx_28802,local_community_unit,c_6,Wyrmford,hx_28802,T4_dependency_or_terrain_edge,terrain-edge cluster,Hatchham,Hatchham,Hatchham,included_in_source_candidate_lock_view,accepted_unchanged,,,visible_public_name,false,false,false,false,false,false,false,false,false,false,false
lcu:lcu_rural_manor_hx_29366,lcu_working_final_ready,lcu_rural_manor_hx_29366,local_community_unit,c_6,Wyrmford,hx_29366,T4_dependency_or_terrain_edge,terrain-edge cluster,Watermere,Watermere,Watermere,included_in_source_candidate_lock_view,accepted_unchanged,,,visible_public_name,false,false,false,false,false,false,false,false,false,false,false
lcu:lcu_rural_manor_hx_29383,lcu_working_final_ready,lcu_rural_manor_hx_29383,local_community_unit,c_6,Wyrmford,hx_29383,T4_dependency_or_terrain_edge,terrain-edge cluster,Cairnton,Cairnton,Cairnton,included_in_source_candidate_lock_view,accepted_unchanged,,,visible_public_name,false,false,false,false,false,false,false,false,false,false,false
lcu:lcu_rural_manor_hx_29388,lcu_working_final_ready,lcu_rural_manor_hx_29388,local_community_unit,c_6,Wyrmford,hx_29388,T4_dependency_or_terrain_edge,terrain-edge cluster,Cairnstead,Bramfold,Bramfold,included_in_source_candidate_lock_view,approved_name_repair_applied,PNC-REPAIR-005,,visible_public_name,false,false,false,false,false,false,false,false,false,false,false
lcu:lcu_rural_manor_hx_29942,lcu_working_final_ready,lcu_rural_manor_hx_29942,local_community_unit,c_6,Wyrmford,hx_29942,T4_dependency_or_terrain_edge,terrain-edge cluster,Fenstead,Fenstead,Fenstead,included_in_source_candidate_lock_view,accepted_unchanged,,,visible_public_name,false,false,false,false,false,false,false,false,false,false,false
lcu:lcu_rural_manor_hx_30200,lcu_working_final_ready,lcu_rural_manor_hx_30200,local_community_unit,c_6,Wyrmford,hx_30200,T4_dependency_or_terrain_edge,terrain-edge cluster,Blackshaw,Blackshaw,Blackshaw,included_in_source_candidate_lock_view,accepted_unchanged,,,visible_public_name,false,false,false,false,false,false,false,false,false,false,false
lcu:lcu_rural_manor_hx_30487,lcu_working_final_ready,lcu_rural_manor_hx_30487,local_community_unit,c_6,Wyrmford,hx_30487,T4_dependency_or_terrain_edge,terrain-edge cluster,Eddyworth,Eddyworth,Eddyworth,included_in_source_candidate_lock_view,accepted_unchanged,,,visible_public_name,false,false,false,false,false,false,false,false,false,false,false
lcu:lcu_rural_manor_hx_30501,lcu_working_final_ready,lcu_rural_manor_hx_30501,local_community_unit,c_6,Wyrmford,hx_30501,T4_dependency_or_terrain_edge,terrain-edge cluster,Brambend,Brambend,Brambend,included_in_source_candidate_lock_view,accepted_unchanged,,,visible_public_name,false,false,false,false,false,false,false,false,false,false,false
lcu:lcu_rural_manor_hx_30504,lcu_working_final_ready,lcu_rural_manor_hx_30504,local_community_unit,c_6,Wyrmford,hx_30504,T4_dependency_or_terrain_edge,terrain-edge cluster,Harrowworth,Harrowworth,Harrowworth,included_in_source_candidate_lock_view,accepted_unchanged,,,visible_public_name,false,false,false,false,false,false,false,false,false,false,false
lcu:lcu_rural_manor_hx_31062,lcu_working_final_ready,lcu_rural_manor_hx_31062,local_community_unit,c_6,Wyrmford,hx_31062,T4_dependency_or_terrain_edge,terrain-edge cluster,Harrowford,Harrowford,Harrowford,included_in_source_candidate_lock_view,accepted_unchanged,,,visible_public_name,false,false,false,false,false,false,false,false,false,false,false
lcu:lcu_rural_manor_hx_31605,lcu_working_final_ready,lcu_rural_manor_hx_31605,local_community_unit,c_6,Wyrmford,hx_31605,T4_dependency_or_terrain_edge,terrain-edge cluster,Wadeham,Wadeham,Wadeham,included_in_source_candidate_lock_view,accepted_unchanged,,,visible_public_name,false,false,false,false,false,false,false,false,false,false,false
lcu:lcu_rural_manor_hx_31891,lcu_working_final_ready,lcu_rural_manor_hx_31891,local_community_unit,c_6,Wyrmford,hx_31891,T4_dependency_or_terrain_edge,terrain-edge cluster,Narrowley,Narrowley,Narrowley,included_in_source_candidate_lock_view,accepted_unchanged,,,visible_public_name,false,false,false,false,false,false,false,false,false,false,false
lcu:lcu_rural_manor_hx_32174,lcu_working_final_ready,lcu_rural_manor_hx_32174,local_community_unit,c_6,Wyrmford,hx_32174,T4_dependency_or_terrain_edge,terrain-edge cluster,Hatchford,Hatchford,Hatchford,included_in_source_candidate_lock_view,accepted_unchanged,,,visible_public_name,false,false,false,false,false,false,false,false,false,false,false
lcu:lcu_rural_manor_hx_32176,lcu_working_final_ready,lcu_rural_manor_hx_32176,local_community_unit,c_6,Wyrmford,hx_32176,T4_dependency_or_terrain_edge,terrain-edge cluster,Waterfield,Waterfield,Waterfield,included_in_source_candidate_lock_view,accepted_unchanged,,,visible_public_name,false,false,false,false,false,false,false,false,false,false,false
lcu:lcu_rural_manor_hx_32185,lcu_working_final_ready,lcu_rural_manor_hx_32185,local_community_unit,c_6,Wyrmford,hx_32185,T4_dependency_or_terrain_edge,terrain-edge cluster,Hatchcroft,Hatchcroft,Hatchcroft,included_in_source_candidate_lock_view,accepted_unchanged,,,visible_public_name,false,false,false,false,false,false,false,false,false,false,false
lcu:lcu_rural_manor_hx_32186,lcu_working_final_ready,lcu_rural_manor_hx_32186,local_community_unit,c_6,Wyrmford,hx_32186,T4_dependency_or_terrain_edge,terrain-edge cluster,Withybank,Withybank,Withybank,included_in_source_candidate_lock_view,accepted_unchanged,,,visible_public_name,false,false,false,false,false,false,false,false,false,false,false
lcu:lcu_rural_manor_hx_32459,lcu_working_final_ready,lcu_rural_manor_hx_32459,local_community_unit,c_6,Wyrmford,hx_32459,T4_dependency_or_terrain_edge,terrain-edge cluster,Wadebank,Wadebank,Wadebank,included_in_source_candidate_lock_view,accepted_unchanged,,,visible_public_name,false,false,false,false,false,false,false,false,false,false,false
lcu:lcu_rural_manor_hx_32730,lcu_working_final_ready,lcu_rural_manor_hx_32730,local_community_unit,c_6,Wyrmford,hx_32730,T4_dependency_or_terrain_edge,terrain-edge cluster,Bendstead,Bendstead,Bendstead,included_in_source_candidate_lock_view,accepted_unchanged,,,visible_public_name,false,false,false,false,false,false,false,false,false,false,false
lcu:lcu_rural_manor_hx_32740,lcu_working_final_ready,lcu_rural_manor_hx_32740,local_community_unit,c_6,Wyrmford,hx_32740,T4_dependency_or_terrain_edge,terrain-edge cluster,Withybarrow,Withybarrow,Withybarrow,included_in_source_candidate_lock_view,accepted_unchanged,,,visible_public_name,false,false,false,false,false,false,false,false,false,false,false
lcu:lcu_rural_manor_hx_33013,lcu_working_final_ready,lcu_rural_manor_hx_33013,local_community_unit,c_6,Wyrmford,hx_33013,T4_dependency_or_terrain_edge,terrain-edge cluster,Osierstead,Osierstead,Osierstead,included_in_source_candidate_lock_view,accepted_unchanged,,,visible_public_name,false,false,false,false,false,false,false,false,false,false,false
lcu:lcu_rural_manor_hx_33015,lcu_working_final_ready,lcu_rural_manor_hx_33015,local_community_unit,c_6,Wyrmford,hx_33015,T4_dependency_or_terrain_edge,terrain-edge cluster,Greenton,Greenton,Greenton,included_in_source_candidate_lock_view,accepted_unchanged,,,visible_public_name,false,false,false,false,false,false,false,false,false,false,false
lcu:lcu_rural_manor_hx_33024,lcu_working_final_ready,lcu_rural_manor_hx_33024,local_community_unit,c_6,Wyrmford,hx_33024,T4_dependency_or_terrain_edge,terrain-edge cluster,Wyrebend,Wyrebend,Wyrebend,included_in_source_candidate_lock_view,accepted_unchanged,,,visible_public_name,false,false,false,false,false,false,false,false,false,false,false
lcu:lcu_rural_manor_hx_33299,lcu_working_final_ready,lcu_rural_manor_hx_33299,local_community_unit,c_6,Wyrmford,hx_33299,T4_dependency_or_terrain_edge,terrain-edge cluster,Swanbend,Swanbend,Swanbend,included_in_source_candidate_lock_view,accepted_unchanged,,,visible_public_name,false,false,false,false,false,false,false,false,false,false,false
lcu:lcu_rural_manor_hx_33576,lcu_working_final_ready,lcu_rural_manor_hx_33576,local_community_unit,c_6,Wyrmford,hx_33576,T4_dependency_or_terrain_edge,terrain-edge cluster,Crossbend,Crossbend,Crossbend,included_in_source_candidate_lock_view,accepted_unchanged,,,visible_public_name,false,false,false,false,false,false,false,false,false,false,false
lcu:lcu_rural_manor_hx_33577,lcu_working_final_ready,lcu_rural_manor_hx_33577,local_community_unit,c_6,Wyrmford,hx_33577,T4_dependency_or_terrain_edge,terrain-edge cluster,Fordmere,Fordmere,Fordmere,included_in_source_candidate_lock_view,accepted_unchanged,,,visible_public_name,false,false,false,false,false,false,false,false,false,false,false
lcu:lcu_rural_manor_hx_33858,lcu_working_final_ready,lcu_rural_manor_hx_33858,local_community_unit,c_6,Wyrmford,hx_33858,T4_dependency_or_terrain_edge,terrain-edge cluster,Brambank,Brambank,Brambank,included_in_source_candidate_lock_view,accepted_unchanged,,,visible_public_name,false,false,false,false,false,false,false,false,false,false,false
lcu:lcu_registry_sett_hx_27972,lcu_working_final_ready,lcu_registry_sett_hx_27972,local_community_unit,c_6,Wyrmford,hx_27972,T1_public_center_or_high_consumer,town,Greenham,Greenham,Greenham,included_in_source_candidate_lock_view,accepted_unchanged,,,visible_public_name,false,false,false,false,false,false,false,false,false,false,false
lcu:lcu_registry_sett_hx_29372,lcu_working_final_ready,lcu_registry_sett_hx_29372,local_community_unit,c_6,Wyrmford,hx_29372,T1_public_center_or_high_consumer,town,Wyrmbury,Wyrmbury,Wyrmbury,included_in_source_candidate_lock_view,approved_multi_anchor_identity_member,,place_identity_county_seat_complex_wyrmbury,visible_public_name,false,false,false,false,false,false,false,false,false,false,false
lcu:lcu_registry_sett_hx_28247,lcu_working_final_ready,lcu_registry_sett_hx_28247,local_community_unit,c_6,Wyrmford,hx_28247,T3_ordinary_local_community,village,Narrowwell,Narrowwell,Narrowwell,included_in_source_candidate_lock_view,accepted_unchanged,,,visible_public_name,false,false,false,false,false,false,false,false,false,false,false
lcu:lcu_rural_manor_hx_29100,lcu_working_final_ready,lcu_rural_manor_hx_29100,local_community_unit,c_6,Wyrmford,hx_29100,T3_ordinary_local_community,village,Wadecroft,Wadecroft,Wadecroft,included_in_source_candidate_lock_view,accepted_unchanged,,,visible_public_name,false,false,false,false,false,false,false,false,false,false,false
lcu:lcu_rural_manor_hx_29381,lcu_working_final_ready,lcu_rural_manor_hx_29381,local_community_unit,c_6,Wyrmford,hx_29381,T3_ordinary_local_community,village,Greenworth,Greenworth,Greenworth,included_in_source_candidate_lock_view,accepted_unchanged,,,visible_public_name,false,false,false,false,false,false,false,false,false,false,false
lcu:lcu_rural_manor_hx_30210,lcu_working_final_ready,lcu_rural_manor_hx_30210,local_community_unit,c_6,Wyrmford,hx_30210,T3_ordinary_local_community,village,Narrowbend,Narrowbend,Narrowbend,included_in_source_candidate_lock_view,accepted_unchanged,,,visible_public_name,false,false,false,false,false,false,false,false,false,false,false
lcu:lcu_rural_manor_hx_30219,lcu_working_final_ready,lcu_rural_manor_hx_30219,local_community_unit,c_6,Wyrmford,hx_30219,T3_ordinary_local_community,village,Reedbend,Reedbend,Reedbend,included_in_source_candidate_lock_view,accepted_unchanged,,,visible_public_name,false,false,false,false,false,false,false,false,false,false,false
lcu:lcu_rural_manor_hx_30492,lcu_working_final_ready,lcu_rural_manor_hx_30492,local_community_unit,c_6,Wyrmford,hx_30492,T3_ordinary_local_community,village,Fordwick,Fordwick,Fordwick,included_in_source_candidate_lock_view,accepted_unchanged,,,visible_public_name,false,false,false,false,false,false,false,false,false,false,false
lcu:lcu_rural_manor_hx_30498,lcu_working_final_ready,lcu_rural_manor_hx_30498,local_community_unit,c_6,Wyrmford,hx_30498,T3_ordinary_local_community,village,Eddybend,Eddybend,Eddybend,included_in_source_candidate_lock_view,accepted_unchanged,,,visible_public_name,false,false,false,false,false,false,false,false,false,false,false
lcu:lcu_rural_manor_hx_31612,lcu_working_final_ready,lcu_rural_manor_hx_31612,local_community_unit,c_6,Wyrmford,hx_31612,T3_ordinary_local_community,village,Fordham,Fordham,Fordham,included_in_source_candidate_lock_view,accepted_unchanged,,,visible_public_name,false,false,false,false,false,false,false,false,false,false,false
lcu:lcu_rural_manor_hx_31898,lcu_working_final_ready,lcu_rural_manor_hx_31898,local_community_unit,c_6,Wyrmford,hx_31898,T3_ordinary_local_community,village,Harrowbend,Harrowbend,Harrowbend,included_in_source_candidate_lock_view,accepted_unchanged,,,visible_public_name,false,false,false,false,false,false,false,false,false,false,false
lcu:lcu_rural_manor_hx_37570,lcu_working_final_ready,lcu_rural_manor_hx_37570,local_community_unit,c_7,Crowmarsh,hx_37570,T4_dependency_or_terrain_edge,dispersed rural community,,Crowfold,Crowfold,included_in_working_authority_name_closure,approved_blank_name_closure_applied,V04-PLACE-MANOR-LCU-BLANK-NAME-AND-QA-PERSON-NAME-CLOSURE-MATERIALIZATION-001,,visible_public_name,false,false,false,false,false,false,false,false,false,false,false
lcu:lcu_rural_manor_hx_42063,lcu_working_final_ready,lcu_rural_manor_hx_42063,local_community_unit,c_7,Crowmarsh,hx_42063,T4_dependency_or_terrain_edge,dispersed rural community,,Kingsfen,Kingsfen,included_in_working_authority_name_closure,approved_blank_name_closure_applied,V04-PLACE-MANOR-LCU-BLANK-NAME-AND-QA-PERSON-NAME-CLOSURE-MATERIALIZATION-001,,visible_public_name,false,false,false,false,false,false,false,false,false,false,false
lcu:lcu_rural_manor_hx_36184,lcu_working_final_ready,lcu_rural_manor_hx_36184,local_community_unit,c_7,Crowmarsh,hx_36184,T1_public_center_or_high_consumer,fortified_settlement,,Reedcastle,Reedcastle,included_in_working_authority_name_closure,approved_blank_name_closure_applied,V04-PLACE-MANOR-LCU-BLANK-NAME-AND-QA-PERSON-NAME-CLOSURE-MATERIALIZATION-001,,visible_public_name,false,false,false,false,false,false,false,false,false,false,false
lcu:lcu_rural_manor_hx_36745,lcu_working_final_ready,lcu_rural_manor_hx_36745,local_community_unit,c_7,Crowmarsh,hx_36745,T1_public_center_or_high_consumer,fortified_settlement,,Marshgate,Marshgate,included_in_working_authority_name_closure,approved_blank_name_closure_applied,V04-PLACE-MANOR-LCU-BLANK-NAME-AND-QA-PERSON-NAME-CLOSURE-MATERIALIZATION-001,,visible_public_name,false,false,false,false,false,false,false,false,false,false,false
lcu:lcu_rural_manor_hx_37306,lcu_working_final_ready,lcu_rural_manor_hx_37306,local_community_unit,c_7,Crowmarsh,hx_37306,T1_public_center_or_high_consumer,fortified_settlement,,Eelbridge,Eelbridge,included_in_working_authority_name_closure,approved_blank_name_closure_applied,V04-PLACE-MANOR-LCU-BLANK-NAME-AND-QA-PERSON-NAME-CLOSURE-MATERIALIZATION-001,,visible_public_name,false,false,false,false,false,false,false,false,false,false,false
lcu:lcu_rural_manor_hx_38424,lcu_working_final_ready,lcu_rural_manor_hx_38424,local_community_unit,c_7,Crowmarsh,hx_38424,T1_public_center_or_high_consumer,fortified_settlement,Wadebury,Wadebury,Wadebury,included_in_source_candidate_lock_view,accepted_unchanged,,,visible_public_name,false,false,false,false,false,false,false,false,false,false,false
lcu:lcu_rural_manor_hx_39824,lcu_working_final_ready,lcu_rural_manor_hx_39824,local_community_unit,c_7,Crowmarsh,hx_39824,T1_public_center_or_high_consumer,fortified_settlement,,Blackmarsh,Blackmarsh,included_in_working_authority_name_closure,approved_blank_name_closure_applied,V04-PLACE-MANOR-LCU-BLANK-NAME-AND-QA-PERSON-NAME-CLOSURE-MATERIALIZATION-001,,visible_public_name,false,false,false,false,false,false,false,false,false,false,false
lcu:lcu_rural_manor_hx_40104,lcu_working_final_ready,lcu_rural_manor_hx_40104,local_community_unit,c_7,Crowmarsh,hx_40104,T1_public_center_or_high_consumer,fortified_settlement,,Rookgap Field,Rookgap Field,included_in_working_authority_name_closure,approved_blank_name_closure_applied,V04-PLACE-MANOR-LCU-BLANK-NAME-AND-QA-PERSON-NAME-CLOSURE-MATERIALIZATION-001,,visible_public_name,false,false,false,false,false,false,false,false,false,false,false
lcu:lcu_rural_manor_hx_35615,lcu_working_final_ready,lcu_rural_manor_hx_35615,local_community_unit,c_7,Crowmarsh,hx_35615,T3_ordinary_local_community,hamlet,Lowlode,Lowlode,Lowlode,included_in_source_candidate_lock_view,accepted_unchanged,,,visible_public_name,false,false,false,false,false,false,false,false,false,false,false
lcu:lcu_rural_manor_hx_36744,lcu_working_final_ready,lcu_rural_manor_hx_36744,local_community_unit,c_7,Crowmarsh,hx_36744,T3_ordinary_local_community,hamlet,Rookwater,Rookwater,Rookwater,included_in_source_candidate_lock_view,accepted_unchanged,,,visible_public_name,false,false,false,false,false,false,false,false,false,false,false
lcu:lcu_rural_manor_hx_38984,lcu_working_final_ready,lcu_rural_manor_hx_38984,local_community_unit,c_7,Crowmarsh,hx_38984,T3_ordinary_local_community,hamlet,Saltmere,Saltmere,Saltmere,included_in_source_candidate_lock_view,accepted_unchanged,,,visible_public_name,false,false,false,false,false,false,false,false,false,false,false
lcu:lcu_rural_manor_hx_39261,lcu_working_final_ready,lcu_rural_manor_hx_39261,local_community_unit,c_7,Crowmarsh,hx_39261,T2_service_locality,institutional_precinct,Crowminster,Crowminster,Crowminster,included_in_source_candidate_lock_view,accepted_unchanged,,,visible_public_name,false,false,false,false,false,false,false,false,false,false,false
lcu:lcu_rural_manor_hx_39541,lcu_working_final_ready,lcu_rural_manor_hx_39541,local_community_unit,c_7,Crowmarsh,hx_39541,T2_service_locality,institutional_precinct,Hallowfen,Hallowfen,Hallowfen,included_in_source_candidate_lock_view,accepted_unchanged,,,visible_public_name,false,false,false,false,false,false,false,false,false,false,false
lcu:lcu_rural_manor_hx_42620,lcu_working_final_ready,lcu_rural_manor_hx_42620,local_community_unit,c_7,Crowmarsh,hx_42620,T2_service_locality,institutional_precinct,Rookcell,Rookcell,Rookcell,included_in_source_candidate_lock_view,accepted_unchanged,,,visible_public_name,false,false,false,false,false,false,false,false,false,false,false
lcu:lcu_rural_manor_hx_38141,lcu_working_final_ready,lcu_rural_manor_hx_38141,local_community_unit,c_7,Crowmarsh,hx_38141,T2_service_locality,market_village,Rookham,Rookham,Rookham,included_in_source_candidate_lock_view,accepted_unchanged,,,visible_public_name,false,false,false,false,false,false,false,false,false,false,false
lcu:lcu_rural_manor_hx_38418,lcu_working_final_ready,lcu_rural_manor_hx_38418,local_community_unit,c_7,Crowmarsh,hx_38418,T2_service_locality,market_village,Saltwick,Saltwick,Saltwick,included_in_source_candidate_lock_view,accepted_unchanged,,,visible_public_name,false,false,false,false,false,false,false,false,false,false,false
lcu:lcu_rural_manor_hx_38695,lcu_working_final_ready,lcu_rural_manor_hx_38695,local_community_unit,c_7,Crowmarsh,hx_38695,T2_service_locality,market_village,Heronfen,Heronfen,Heronfen,included_in_source_candidate_lock_view,accepted_unchanged,,,visible_public_name,false,false,false,false,false,false,false,false,false,false,false
lcu:lcu_rural_manor_hx_38975,lcu_working_final_ready,lcu_rural_manor_hx_38975,local_community_unit,c_7,Crowmarsh,hx_38975,T2_service_locality,market_village,Brinecote,Brinecote,Brinecote,included_in_source_candidate_lock_view,accepted_unchanged,,,visible_public_name,false,false,false,false,false,false,false,false,false,false,false
lcu:lcu_rural_manor_hx_40103,lcu_working_final_ready,lcu_rural_manor_hx_40103,local_community_unit,c_7,Crowmarsh,hx_40103,T2_service_locality,market_village,Sedgeley,Sedgeley,Sedgeley,included_in_source_candidate_lock_view,accepted_unchanged,,,visible_public_name,false,false,false,false,false,false,false,false,false,false,false
lcu:lcu_rural_manor_hx_40377,lcu_working_final_ready,lcu_rural_manor_hx_40377,local_community_unit,c_7,Crowmarsh,hx_40377,T2_service_locality,market_village,Carrstow,Carrstow,Carrstow,included_in_source_candidate_lock_view,accepted_unchanged,,,visible_public_name,false,false,false,false,false,false,false,false,false,false,false
lcu:lcu_rural_manor_hx_40661,lcu_working_final_ready,lcu_rural_manor_hx_40661,local_community_unit,c_7,Crowmarsh,hx_40661,T2_service_locality,market_village,Wadeworth,Wadeworth,Wadeworth,included_in_source_candidate_lock_view,accepted_unchanged,,,visible_public_name,false,false,false,false,false,false,false,false,false,false,false
lcu:lcu_rural_manor_hx_42058,lcu_working_final_ready,lcu_rural_manor_hx_42058,local_community_unit,c_7,Crowmarsh,hx_42058,T2_service_locality,market_village,Dikeham,Dikeham,Dikeham,included_in_source_candidate_lock_view,accepted_unchanged,,,visible_public_name,false,false,false,false,false,false,false,false,false,false,false
lcu:lcu_rural_manor_hx_34771,lcu_working_final_ready,lcu_rural_manor_hx_34771,local_community_unit,c_7,Crowmarsh,hx_34771,T2_service_locality,route_cluster,Crowgate,Crowgate,Crowgate,included_in_source_candidate_lock_view,accepted_unchanged,,,visible_public_name,false,false,false,false,false,false,false,false,false,false,false
lcu:lcu_rural_manor_hx_36458,lcu_working_final_ready,lcu_rural_manor_hx_36458,local_community_unit,c_7,Crowmarsh,hx_36458,T4_dependency_or_terrain_edge,terrain-edge cluster,Crowwater,Crowwater,Crowwater,included_in_source_candidate_lock_view,accepted_unchanged,,,visible_public_name,false,false,false,false,false,false,false,false,false,false,false
lcu:lcu_rural_manor_hx_36463,lcu_working_final_ready,lcu_rural_manor_hx_36463,local_community_unit,c_7,Crowmarsh,hx_36463,T4_dependency_or_terrain_edge,terrain-edge cluster,Heronpool,Heronpool,Heronpool,included_in_source_candidate_lock_view,accepted_unchanged,,,visible_public_name,false,false,false,false,false,false,false,false,false,false,false
lcu:lcu_rural_manor_hx_37583,lcu_working_final_ready,lcu_rural_manor_hx_37583,local_community_unit,c_7,Crowmarsh,hx_37583,T4_dependency_or_terrain_edge,terrain-edge cluster,Brinefleet,Brinefleet,Brinefleet,included_in_source_candidate_lock_view,accepted_unchanged,,,visible_public_name,false,false,false,false,false,false,false,false,false,false,false
lcu:lcu_registry_sett_hx_37858,lcu_working_final_ready,lcu_registry_sett_hx_37858,local_community_unit,c_7,Crowmarsh,hx_37858,T1_public_center_or_high_consumer,town,Glassmere,Glassmere,Glassmere,included_in_source_candidate_lock_view,accepted_unchanged,,,visible_public_name,false,false,false,false,false,false,false,false,false,false,false
lcu:lcu_registry_sett_hx_39260,lcu_working_final_ready,lcu_registry_sett_hx_39260,local_community_unit,c_7,Crowmarsh,hx_39260,T1_public_center_or_high_consumer,town,Crowwick,Crowwick,Crowwick,included_in_source_candidate_lock_view,accepted_unchanged,,,visible_public_name,false,false,false,false,false,false,false,false,false,false,false
lcu:lcu_registry_sett_hx_40658,lcu_working_final_ready,lcu_registry_sett_hx_40658,local_community_unit,c_7,Crowmarsh,hx_40658,T1_public_center_or_high_consumer,town,Fencote,Fencote,Fencote,included_in_source_candidate_lock_view,accepted_unchanged,,,visible_public_name,false,false,false,false,false,false,false,false,false,false,false
lcu:lcu_rural_manor_hx_36173,lcu_working_final_ready,lcu_rural_manor_hx_36173,local_community_unit,c_7,Crowmarsh,hx_36173,T3_ordinary_local_community,village,Dikewater,Dikewater,Dikewater,included_in_source_candidate_lock_view,accepted_unchanged,,,visible_public_name,false,false,false,false,false,false,false,false,false,false,false
lcu:lcu_rural_manor_hx_37009,lcu_working_final_ready,lcu_rural_manor_hx_37009,local_community_unit,c_7,Crowmarsh,hx_37009,T3_ordinary_local_community,village,Sedgefen,Sedgefen,Sedgefen,included_in_source_candidate_lock_view,accepted_unchanged,,,visible_public_name,false,false,false,false,false,false,false,false,false,false,false
lcu:lcu_rural_manor_hx_37020,lcu_working_final_ready,lcu_rural_manor_hx_37020,local_community_unit,c_7,Crowmarsh,hx_37020,T3_ordinary_local_community,village,Blackley,Blackley,Blackley,included_in_source_candidate_lock_view,accepted_unchanged,,,visible_public_name,false,false,false,false,false,false,false,false,false,false,false
lcu:lcu_rural_manor_hx_38127,lcu_working_final_ready,lcu_rural_manor_hx_38127,local_community_unit,c_7,Crowmarsh,hx_38127,T3_ordinary_local_community,village,Eelton,Eelton,Eelton,included_in_source_candidate_lock_view,accepted_unchanged,,,visible_public_name,false,false,false,false,false,false,false,false,false,false,false
lcu:lcu_rural_manor_hx_40372,lcu_working_final_ready,lcu_rural_manor_hx_40372,local_community_unit,c_7,Crowmarsh,hx_40372,T3_ordinary_local_community,village,Carrbrook,Carrbrook,Carrbrook,included_in_source_candidate_lock_view,accepted_unchanged,,,visible_public_name,false,false,false,false,false,false,false,false,false,false,false
lcu:lcu_rural_manor_hx_31597,lcu_working_final_ready,lcu_rural_manor_hx_31597,local_community_unit,c_8,Dunmere,hx_31597,T4_dependency_or_terrain_edge,dispersed rural community,,Dunfield,Dunfield,included_in_working_authority_name_closure,approved_blank_name_closure_applied,V04-PLACE-MANOR-LCU-BLANK-NAME-AND-QA-PERSON-NAME-CLOSURE-MATERIALIZATION-001,,visible_public_name,false,false,false,false,false,false,false,false,false,false,false
lcu:lcu_rural_manor_hx_33277,lcu_working_final_ready,lcu_rural_manor_hx_33277,local_community_unit,c_8,Dunmere,hx_33277,T4_dependency_or_terrain_edge,dispersed rural community,,Westmere,Westmere,included_in_working_authority_name_closure,approved_blank_name_closure_applied,V04-PLACE-MANOR-LCU-BLANK-NAME-AND-QA-PERSON-NAME-CLOSURE-MATERIALIZATION-001,,visible_public_name,false,false,false,false,false,false,false,false,false,false,false
lcu:lcu_rural_manor_hx_36644,lcu_working_final_ready,lcu_rural_manor_hx_36644,local_community_unit,c_8,Dunmere,hx_36644,T4_dependency_or_terrain_edge,dispersed rural community,,Stoneford,Stoneford,included_in_working_authority_name_closure,approved_blank_name_closure_applied,V04-PLACE-MANOR-LCU-BLANK-NAME-AND-QA-PERSON-NAME-CLOSURE-MATERIALIZATION-001,,visible_public_name,false,false,false,false,false,false,false,false,false,false,false
lcu:lcu_rural_manor_hx_37475,lcu_working_final_ready,lcu_rural_manor_hx_37475,local_community_unit,c_8,Dunmere,hx_37475,T4_dependency_or_terrain_edge,dispersed rural community,,Reedley,Reedley,included_in_working_authority_name_closure,approved_blank_name_closure_applied,V04-PLACE-MANOR-LCU-BLANK-NAME-AND-QA-PERSON-NAME-CLOSURE-MATERIALIZATION-001,,visible_public_name,false,false,false,false,false,false,false,false,false,false,false
lcu:lcu_rural_manor_hx_37490,lcu_working_final_ready,lcu_rural_manor_hx_37490,local_community_unit,c_8,Dunmere,hx_37490,T4_dependency_or_terrain_edge,dispersed rural community,,Dunhall,Dunhall,included_in_working_authority_name_closure,approved_blank_name_closure_applied,V04-PLACE-MANOR-LCU-BLANK-NAME-AND-QA-PERSON-NAME-CLOSURE-MATERIALIZATION-001,,visible_public_name,false,false,false,false,false,false,false,false,false,false,false
lcu:lcu_rural_manor_hx_38613,lcu_working_final_ready,lcu_rural_manor_hx_38613,local_community_unit,c_8,Dunmere,hx_38613,T4_dependency_or_terrain_edge,dispersed rural community,,Deepford,Deepford,included_in_working_authority_name_closure,approved_blank_name_closure_applied,V04-PLACE-MANOR-LCU-BLANK-NAME-AND-QA-PERSON-NAME-CLOSURE-MATERIALIZATION-001,,visible_public_name,false,false,false,false,false,false,false,false,false,false,false
lcu:lcu_rural_manor_hx_38877,lcu_working_final_ready,lcu_rural_manor_hx_38877,local_community_unit,c_8,Dunmere,hx_38877,T4_dependency_or_terrain_edge,dispersed rural community,,Brookcote,Brookcote,included_in_working_authority_name_closure,approved_blank_name_closure_applied,V04-PLACE-MANOR-LCU-BLANK-NAME-AND-QA-PERSON-NAME-CLOSURE-MATERIALIZATION-001,,visible_public_name,false,false,false,false,false,false,false,false,false,false,false
lcu:lcu_rural_manor_hx_39719,lcu_working_final_ready,lcu_rural_manor_hx_39719,local_community_unit,c_8,Dunmere,hx_39719,T4_dependency_or_terrain_edge,dispersed rural community,,Ashenmere,Ashenmere,included_in_working_authority_name_closure,approved_blank_name_closure_applied,V04-PLACE-MANOR-LCU-BLANK-NAME-AND-QA-PERSON-NAME-CLOSURE-MATERIALIZATION-001,,visible_public_name,false,false,false,false,false,false,false,false,false,false,false
lcu:lcu_rural_manor_hx_31040,lcu_working_final_ready,lcu_rural_manor_hx_31040,local_community_unit,c_8,Dunmere,hx_31040,T3_ordinary_local_community,hamlet,Sailstow,Sailstow,Sailstow,included_in_source_candidate_lock_view,accepted_unchanged,,,visible_public_name,false,false,false,false,false,false,false,false,false,false,false
lcu:lcu_rural_manor_hx_31879,lcu_working_final_ready,lcu_rural_manor_hx_31879,local_community_unit,c_8,Dunmere,hx_31879,T3_ordinary_local_community,hamlet,Dunestow,Dunestow,Dunestow,included_in_source_candidate_lock_view,accepted_unchanged,,,visible_public_name,false,false,false,false,false,false,false,false,false,false,false
lcu:lcu_rural_manor_hx_31882,lcu_working_final_ready,lcu_rural_manor_hx_31882,local_community_unit,c_8,Dunmere,hx_31882,T3_ordinary_local_community,hamlet,Strandwick,Strandwick,Strandwick,included_in_source_candidate_lock_view,accepted_unchanged,,,visible_public_name,false,false,false,false,false,false,false,false,false,false,false
lcu:lcu_rural_manor_hx_33555,lcu_working_final_ready,lcu_rural_manor_hx_33555,local_community_unit,c_8,Dunmere,hx_33555,T3_ordinary_local_community,hamlet,Brinewater,Brinewater,Brinewater,included_in_source_candidate_lock_view,accepted_unchanged,,,visible_public_name,false,false,false,false,false,false,false,false,false,false,false
lcu:lcu_rural_manor_hx_33557,lcu_working_final_ready,lcu_rural_manor_hx_33557,local_community_unit,c_8,Dunmere,hx_33557,T3_ordinary_local_community,hamlet,Gullfleet,Gullfleet,Gullfleet,included_in_source_candidate_lock_view,accepted_unchanged,,,visible_public_name,false,false,false,false,false,false,false,false,false,false,false
lcu:lcu_rural_manor_hx_34701,lcu_working_final_ready,lcu_rural_manor_hx_34701,local_community_unit,c_8,Dunmere,hx_34701,T3_ordinary_local_community,hamlet,Tidebrook,Tidebrook,Tidebrook,included_in_source_candidate_lock_view,accepted_unchanged,,,visible_public_name,false,false,false,false,false,false,false,false,false,false,false
lcu:lcu_rural_manor_hx_35539,lcu_working_final_ready,lcu_rural_manor_hx_35539,local_community_unit,c_8,Dunmere,hx_35539,T3_ordinary_local_community,hamlet,Keelwater,Keelwater,Keelwater,included_in_source_candidate_lock_view,accepted_unchanged,,,visible_public_name,false,false,false,false,false,false,false,false,false,false,false
lcu:lcu_rural_manor_hx_35799,lcu_working_final_ready,lcu_rural_manor_hx_35799,local_community_unit,c_8,Dunmere,hx_35799,T3_ordinary_local_community,hamlet,Keelham,Keelham,Keelham,included_in_source_candidate_lock_view,accepted_unchanged,,,visible_public_name,false,false,false,false,false,false,false,false,false,false,false
lcu:lcu_rural_manor_hx_36099,lcu_working_final_ready,lcu_rural_manor_hx_36099,local_community_unit,c_8,Dunmere,hx_36099,T3_ordinary_local_community,hamlet,Sandwick,Sandwick,Sandwick,included_in_source_candidate_lock_view,accepted_unchanged,,,visible_public_name,false,false,false,false,false,false,false,false,false,false,false
lcu:lcu_rural_manor_hx_36657,lcu_working_final_ready,lcu_rural_manor_hx_36657,local_community_unit,c_8,Dunmere,hx_36657,T3_ordinary_local_community,hamlet,Gullhithe,Gullhithe,Gullhithe,included_in_source_candidate_lock_view,accepted_unchanged,,,visible_public_name,false,false,false,false,false,false,false,false,false,false,false
lcu:lcu_rural_manor_hx_36660,lcu_working_final_ready,lcu_rural_manor_hx_36660,local_community_unit,c_8,Dunmere,hx_36660,T3_ordinary_local_community,hamlet,Tideworth,Tideworth,Tideworth,included_in_source_candidate_lock_view,accepted_unchanged,,,visible_public_name,false,false,false,false,false,false,false,false,false,false,false
lcu:lcu_rural_manor_hx_36919,lcu_working_final_ready,lcu_rural_manor_hx_36919,local_community_unit,c_8,Dunmere,hx_36919,T3_ordinary_local_community,hamlet,Dunware,Dunware,Dunware,included_in_source_candidate_lock_view,accepted_unchanged,,,visible_public_name,false,false,false,false,false,false,false,false,false,false,false
lcu:lcu_rural_manor_hx_36920,lcu_working_final_ready,lcu_rural_manor_hx_36920,local_community_unit,c_8,Dunmere,hx_36920,T3_ordinary_local_community,hamlet,Havenham,Havenham,Havenham,included_in_source_candidate_lock_view,accepted_unchanged,,,visible_public_name,false,false,false,false,false,false,false,false,false,false,false
lcu:lcu_rural_manor_hx_37499,lcu_working_final_ready,lcu_rural_manor_hx_37499,local_community_unit,c_8,Dunmere,hx_37499,T3_ordinary_local_community,hamlet,Shellmere,Shellmere,Shellmere,included_in_source_candidate_lock_view,accepted_unchanged,,,visible_public_name,false,false,false,false,false,false,false,false,false,false,false
lcu:lcu_rural_manor_hx_37759,lcu_working_final_ready,lcu_rural_manor_hx_37759,local_community_unit,c_8,Dunmere,hx_37759,T3_ordinary_local_community,hamlet,Greystrand,Greystrand,Greystrand,included_in_source_candidate_lock_view,accepted_unchanged,,,visible_public_name,false,false,false,false,false,false,false,false,false,false,false
lcu:lcu_rural_manor_hx_37761,lcu_working_final_ready,lcu_rural_manor_hx_37761,local_community_unit,c_8,Dunmere,hx_37761,T3_ordinary_local_community,hamlet,Greywell,Greywell,Greywell,included_in_source_candidate_lock_view,accepted_unchanged,,,visible_public_name,false,false,false,false,false,false,false,false,false,false,false
lcu:lcu_rural_manor_hx_37763,lcu_working_final_ready,lcu_rural_manor_hx_37763,local_community_unit,c_8,Dunmere,hx_37763,T3_ordinary_local_community,hamlet,Brineley,Brineley,Brineley,included_in_source_candidate_lock_view,accepted_unchanged,,,visible_public_name,false,false,false,false,false,false,false,false,false,false,false
lcu:lcu_rural_manor_hx_38034,lcu_working_final_ready,lcu_rural_manor_hx_38034,local_community_unit,c_8,Dunmere,hx_38034,T3_ordinary_local_community,hamlet,Flemingwick,Flemingwick,Flemingwick,included_in_source_candidate_lock_view,accepted_unchanged,,,visible_public_name,false,false,false,false,false,false,false,false,false,false,false
lcu:lcu_rural_manor_hx_38038,lcu_working_final_ready,lcu_rural_manor_hx_38038,local_community_unit,c_8,Dunmere,hx_38038,T3_ordinary_local_community,hamlet,Warecote,Warecote,Warecote,included_in_source_candidate_lock_view,accepted_unchanged,,,visible_public_name,false,false,false,false,false,false,false,false,false,false,false
lcu:lcu_rural_manor_hx_38045,lcu_working_final_ready,lcu_rural_manor_hx_38045,local_community_unit,c_8,Dunmere,hx_38045,T3_ordinary_local_community,hamlet,Stonestrand,Stonestrand,Stonestrand,included_in_source_candidate_lock_view,accepted_unchanged,,,visible_public_name,false,false,false,false,false,false,false,false,false,false,false
lcu:lcu_rural_manor_hx_38322,lcu_working_final_ready,lcu_rural_manor_hx_38322,local_community_unit,c_8,Dunmere,hx_38322,T3_ordinary_local_community,hamlet,Sandhaven,Sandhaven,Sandhaven,included_in_source_candidate_lock_view,accepted_unchanged,,,visible_public_name,false,false,false,false,false,false,false,false,false,false,false
lcu:lcu_rural_manor_hx_38890,lcu_working_final_ready,lcu_rural_manor_hx_38890,local_community_unit,c_8,Dunmere,hx_38890,T3_ordinary_local_community,hamlet,Coblestrand,Coblestrand,Coblestrand,included_in_source_candidate_lock_view,accepted_unchanged,,,visible_public_name,false,false,false,false,false,false,false,false,false,false,false
lcu:lcu_rural_manor_hx_39173,lcu_working_final_ready,lcu_rural_manor_hx_39173,local_community_unit,c_8,Dunmere,hx_39173,T3_ordinary_local_community,hamlet,Landinghaven,Landinghaven,Landinghaven,included_in_source_candidate_lock_view,accepted_unchanged,,,visible_public_name,false,false,false,false,false,false,false,false,false,false,false
lcu:lcu_rural_manor_hx_39720,lcu_working_final_ready,lcu_rural_manor_hx_39720,local_community_unit,c_8,Dunmere,hx_39720,T3_ordinary_local_community,hamlet,Tideley,Tideley,Tideley,included_in_source_candidate_lock_view,accepted_unchanged,,,visible_public_name,false,false,false,false,false,false,false,false,false,false,false
lcu:lcu_rural_manor_hx_40297,lcu_working_final_ready,lcu_rural_manor_hx_40297,local_community_unit,c_8,Dunmere,hx_40297,T3_ordinary_local_community,hamlet,Shellwell,Shellwell,Shellwell,included_in_source_candidate_lock_view,accepted_unchanged,,,visible_public_name,false,false,false,false,false,false,false,false,false,false,false
lcu:lcu_rural_manor_hx_40836,lcu_working_final_ready,lcu_rural_manor_hx_40836,local_community_unit,c_8,Dunmere,hx_40836,T3_ordinary_local_community,hamlet,Greywick,Greywick,Greywick,included_in_source_candidate_lock_view,accepted_unchanged,,,visible_public_name,false,false,false,false,false,false,false,false,false,false,false
lcu:lcu_rural_manor_hx_40837,lcu_working_final_ready,lcu_rural_manor_hx_40837,local_community_unit,c_8,Dunmere,hx_40837,T3_ordinary_local_community,hamlet,Landingham,Landingham,Landingham,included_in_source_candidate_lock_view,accepted_unchanged,,,visible_public_name,false,false,false,false,false,false,false,false,false,false,false
lcu:lcu_rural_manor_hx_40842,lcu_working_final_ready,lcu_rural_manor_hx_40842,local_community_unit,c_8,Dunmere,hx_40842,T3_ordinary_local_community,hamlet,Netfleet,Netfleet,Netfleet,included_in_source_candidate_lock_view,accepted_unchanged,,,visible_public_name,false,false,false,false,false,false,false,false,false,false,false
lcu:lcu_rural_manor_hx_40846,lcu_working_final_ready,lcu_rural_manor_hx_40846,local_community_unit,c_8,Dunmere,hx_40846,T3_ordinary_local_community,hamlet,Dunley,Dunley,Dunley,included_in_source_candidate_lock_view,accepted_unchanged,,,visible_public_name,false,false,false,false,false,false,false,false,false,false,false
lcu:lcu_rural_manor_hx_41126,lcu_working_final_ready,lcu_rural_manor_hx_41126,local_community_unit,c_8,Dunmere,hx_41126,T3_ordinary_local_community,hamlet,Flemingstead,Flemingstead,Flemingstead,included_in_source_candidate_lock_view,accepted_unchanged,,,visible_public_name,false,false,false,false,false,false,false,false,false,false,false
lcu:lcu_rural_manor_hx_41399,lcu_working_final_ready,lcu_rural_manor_hx_41399,local_community_unit,c_8,Dunmere,hx_41399,T3_ordinary_local_community,hamlet,Mereham,Mereham,Mereham,included_in_source_candidate_lock_view,accepted_unchanged,,,visible_public_name,false,false,false,false,false,false,false,false,false,false,false
lcu:lcu_rural_manor_hx_41405,lcu_working_final_ready,lcu_rural_manor_hx_41405,local_community_unit,c_8,Dunmere,hx_41405,T3_ordinary_local_community,hamlet,Tidestrand,Tidestrand,Tidestrand,included_in_source_candidate_lock_view,accepted_unchanged,,,visible_public_name,false,false,false,false,false,false,false,false,false,false,false
lcu:lcu_rural_manor_hx_41684,lcu_working_final_ready,lcu_rural_manor_hx_41684,local_community_unit,c_8,Dunmere,hx_41684,T3_ordinary_local_community,hamlet,Warestrand,Warestrand,Warestrand,included_in_source_candidate_lock_view,accepted_unchanged,,,visible_public_name,false,false,false,false,false,false,false,false,false,false,false
lcu:lcu_rural_manor_hx_41687,lcu_working_final_ready,lcu_rural_manor_hx_41687,local_community_unit,c_8,Dunmere,hx_41687,T3_ordinary_local_community,hamlet,Keelend,Keelend,Keelend,included_in_source_candidate_lock_view,accepted_unchanged,,,visible_public_name,false,false,false,false,false,false,false,false,false,false,false
lcu:lcu_rural_manor_hx_41961,lcu_working_final_ready,lcu_rural_manor_hx_41961,local_community_unit,c_8,Dunmere,hx_41961,T3_ordinary_local_community,hamlet,Marshstow,Marshstow,Marshstow,included_in_source_candidate_lock_view,accepted_unchanged,,,visible_public_name,false,false,false,false,false,false,false,false,false,false,false
lcu:lcu_rural_manor_hx_42249,lcu_working_final_ready,lcu_rural_manor_hx_42249,local_community_unit,c_8,Dunmere,hx_42249,T3_ordinary_local_community,hamlet,Cobleham,Cobleham,Cobleham,included_in_source_candidate_lock_view,accepted_unchanged,,,visible_public_name,false,false,false,false,false,false,false,false,false,false,false
lcu:lcu_rural_manor_hx_42525,lcu_working_final_ready,lcu_rural_manor_hx_42525,local_community_unit,c_8,Dunmere,hx_42525,T3_ordinary_local_community,hamlet,Flemingstrand,Flemingstrand,Flemingstrand,included_in_source_candidate_lock_view,accepted_unchanged,,,visible_public_name,false,false,false,false,false,false,false,false,false,false,false
lcu:lcu_rural_manor_hx_43091,lcu_working_final_ready,lcu_rural_manor_hx_43091,local_community_unit,c_8,Dunmere,hx_43091,T3_ordinary_local_community,hamlet,Shellton,Shellton,Shellton,included_in_source_candidate_lock_view,accepted_unchanged,,,visible_public_name,false,false,false,false,false,false,false,false,false,false,false
lcu:lcu_rural_manor_hx_43650,lcu_working_final_ready,lcu_rural_manor_hx_43650,local_community_unit,c_8,Dunmere,hx_43650,T3_ordinary_local_community,hamlet,Sandstow,Sandstow,Sandstow,included_in_source_candidate_lock_view,accepted_unchanged,,,visible_public_name,false,false,false,false,false,false,false,false,false,false,false
lcu:lcu_rural_manor_hx_45336,lcu_working_final_ready,lcu_rural_manor_hx_45336,local_community_unit,c_8,Dunmere,hx_45336,T3_ordinary_local_community,hamlet,Sailley,Sailley,Sailley,included_in_source_candidate_lock_view,accepted_unchanged,,,visible_public_name,false,false,false,false,false,false,false,false,false,false,false
lcu:lcu_rural_manor_hx_45898,lcu_working_final_ready,lcu_rural_manor_hx_45898,local_community_unit,c_8,Dunmere,hx_45898,T3_ordinary_local_community,hamlet,Warewick,Warewick,Warewick,included_in_source_candidate_lock_view,accepted_unchanged,,,visible_public_name,false,false,false,false,false,false,false,false,false,false,false
lcu:lcu_rural_manor_hx_46460,lcu_working_final_ready,lcu_rural_manor_hx_46460,local_community_unit,c_8,Dunmere,hx_46460,T3_ordinary_local_community,hamlet,Coblefleet,Coblefleet,Coblefleet,included_in_source_candidate_lock_view,accepted_unchanged,,,visible_public_name,false,false,false,false,false,false,false,false,false,false,false
lcu:lcu_rural_manor_hx_47021,lcu_working_final_ready,lcu_rural_manor_hx_47021,local_community_unit,c_8,Dunmere,hx_47021,T3_ordinary_local_community,hamlet,Haventon,Haventon,Haventon,included_in_source_candidate_lock_view,accepted_unchanged,,,visible_public_name,false,false,false,false,false,false,false,false,false,false,false
lcu:lcu_rural_manor_hx_32166,lcu_working_final_ready,lcu_rural_manor_hx_32166,local_community_unit,c_8,Dunmere,hx_32166,T2_service_locality,institutional_precinct,Dunminster,Dunminster,Dunminster,included_in_source_candidate_lock_view,accepted_unchanged,,,visible_public_name,false,false,false,false,false,false,false,false,false,false,false
lcu:lcu_rural_manor_hx_33006,lcu_working_final_ready,lcu_rural_manor_hx_33006,local_community_unit,c_8,Dunmere,hx_33006,T2_service_locality,institutional_precinct,Hallowhithe,Hallowhithe,Hallowhithe,included_in_source_candidate_lock_view,accepted_unchanged,,,visible_public_name,false,false,false,false,false,false,false,false,false,false,false
lcu:lcu_rural_manor_hx_33288,lcu_working_final_ready,lcu_rural_manor_hx_33288,local_community_unit,c_8,Dunmere,hx_33288,T2_service_locality,institutional_precinct,Strandchapel,Strandchapel,Strandchapel,included_in_source_candidate_lock_view,accepted_unchanged,,,visible_public_name,false,false,false,false,false,false,false,false,false,false,false
lcu:lcu_rural_manor_hx_33564,lcu_working_final_ready,lcu_rural_manor_hx_33564,local_community_unit,c_8,Dunmere,hx_33564,T2_service_locality,institutional_precinct,Saltcell,Saltcell,Saltcell,included_in_source_candidate_lock_view,accepted_unchanged,,,visible_public_name,false,false,false,false,false,false,false,false,false,false,false
lcu:lcu_rural_manor_hx_33566,lcu_working_final_ready,lcu_rural_manor_hx_33566,local_community_unit,c_8,Dunmere,hx_33566,T2_service_locality,institutional_precinct,Brinechapel,Brinechapel,Brinechapel,included_in_source_candidate_lock_view,accepted_unchanged,,,visible_public_name,false,false,false,false,false,false,false,false,false,false,false
lcu:lcu_rural_manor_hx_33853,lcu_working_final_ready,lcu_rural_manor_hx_33853,local_community_unit,c_8,Dunmere,hx_33853,T2_service_locality,institutional_precinct,Harborton,Harborton,Harborton,included_in_source_candidate_lock_view,accepted_unchanged,,,visible_public_name,false,false,false,false,false,false,false,false,false,false,false
lcu:lcu_rural_manor_hx_34409,lcu_working_final_ready,lcu_rural_manor_hx_34409,local_community_unit,c_8,Dunmere,hx_34409,T2_service_locality,institutional_precinct,Hitheworth,Hitheworth,Hitheworth,included_in_source_candidate_lock_view,accepted_unchanged,,,visible_public_name,false,false,false,false,false,false,false,false,false,false,false
lcu:lcu_rural_manor_hx_34413,lcu_working_final_ready,lcu_rural_manor_hx_34413,local_community_unit,c_8,Dunmere,hx_34413,T2_service_locality,institutional_precinct,Flemingbrook,Flemingbrook,Flemingbrook,included_in_source_candidate_lock_view,accepted_unchanged,,,visible_public_name,false,false,false,false,false,false,false,false,false,false,false
lcu:lcu_rural_manor_hx_34416,lcu_working_final_ready,lcu_rural_manor_hx_34416,local_community_unit,c_8,Dunmere,hx_34416,T2_service_locality,institutional_precinct,Fiskwick,Fiskwick,Fiskwick,included_in_source_candidate_lock_view,accepted_unchanged,,,visible_public_name,false,false,false,false,false,false,false,false,false,false,false
lcu:lcu_rural_manor_hx_34688,lcu_working_final_ready,lcu_rural_manor_hx_34688,local_community_unit,c_8,Dunmere,hx_34688,T2_service_locality,institutional_precinct,Saltstrand,Saltstrand,Saltstrand,included_in_source_candidate_lock_view,accepted_unchanged,,,visible_public_name,false,false,false,false,false,false,false,false,false,false,false
lcu:lcu_rural_manor_hx_34974,lcu_working_final_ready,lcu_rural_manor_hx_34974,local_community_unit,c_8,Dunmere,hx_34974,T2_service_locality,institutional_precinct,Landingworth,Landingworth,Landingworth,included_in_source_candidate_lock_view,accepted_unchanged,,,visible_public_name,false,false,false,false,false,false,false,false,false,false,false
lcu:lcu_rural_manor_hx_34975,lcu_working_final_ready,lcu_rural_manor_hx_34975,local_community_unit,c_8,Dunmere,hx_34975,T2_service_locality,institutional_precinct,Warehaven,Warehaven,Warehaven,included_in_source_candidate_lock_view,accepted_unchanged,,,visible_public_name,false,false,false,false,false,false,false,false,false,false,false
lcu:lcu_rural_manor_hx_35254,lcu_working_final_ready,lcu_rural_manor_hx_35254,local_community_unit,c_8,Dunmere,hx_35254,T2_service_locality,institutional_precinct,Harborhithe,Harborhithe,Harborhithe,included_in_source_candidate_lock_view,accepted_unchanged,,,visible_public_name,false,false,false,false,false,false,false,false,false,false,false
lcu:lcu_rural_manor_hx_35259,lcu_working_final_ready,lcu_rural_manor_hx_35259,local_community_unit,c_8,Dunmere,hx_35259,T2_service_locality,institutional_precinct,Coblewick,Coblewick,Coblewick,included_in_source_candidate_lock_view,accepted_unchanged,,,visible_public_name,false,false,false,false,false,false,false,false,false,false,false
lcu:lcu_rural_manor_hx_35528,lcu_working_final_ready,lcu_rural_manor_hx_35528,local_community_unit,c_8,Dunmere,hx_35528,T2_service_locality,institutional_precinct,Keelhallow,Keelhallow,Keelhallow,included_in_source_candidate_lock_view,accepted_unchanged,,,visible_public_name,false,false,false,false,false,false,false,false,false,false,false
lcu:lcu_rural_manor_hx_36098,lcu_working_final_ready,lcu_rural_manor_hx_36098,local_community_unit,c_8,Dunmere,hx_36098,T2_service_locality,institutional_precinct,Warequay,Warequay,Warequay,included_in_source_candidate_lock_view,accepted_unchanged,,,visible_public_name,false,false,false,false,false,false,false,false,false,false,false
lcu:lcu_rural_manor_hx_37492,lcu_working_final_ready,lcu_rural_manor_hx_37492,local_community_unit,c_8,Dunmere,hx_37492,T2_service_locality,institutional_precinct,Brinehallow,Brinehallow,Brinehallow,included_in_source_candidate_lock_view,accepted_unchanged,,,visible_public_name,false,false,false,false,false,false,false,false,false,false,false
lcu:lcu_rural_manor_hx_39179,lcu_working_final_ready,lcu_rural_manor_hx_39179,local_community_unit,c_8,Dunmere,hx_39179,T2_service_locality,institutional_precinct,Gullwell,Gullwell,Gullwell,included_in_source_candidate_lock_view,accepted_unchanged,,,visible_public_name,false,false,false,false,false,false,false,false,false,false,false
lcu:lcu_rural_manor_hx_39452,lcu_working_final_ready,lcu_rural_manor_hx_39452,local_community_unit,c_8,Dunmere,hx_39452,T2_service_locality,institutional_precinct,Ferrychapel,Ferrychapel,Ferrychapel,included_in_source_candidate_lock_view,accepted_unchanged,,,visible_public_name,false,false,false,false,false,false,false,false,false,false,false
lcu:lcu_rural_manor_hx_40010,lcu_working_final_ready,lcu_rural_manor_hx_40010,local_community_unit,c_8,Dunmere,hx_40010,T2_service_locality,institutional_precinct,Havenwell,Havenwell,Havenwell,included_in_source_candidate_lock_view,accepted_unchanged,,,visible_public_name,false,false,false,false,false,false,false,false,false,false,false
lcu:lcu_rural_manor_hx_40283,lcu_working_final_ready,lcu_rural_manor_hx_40283,local_community_unit,c_8,Dunmere,hx_40283,T2_service_locality,institutional_precinct,Sailmere,Sailmere,Sailmere,included_in_source_candidate_lock_view,accepted_unchanged,,,visible_public_name,false,false,false,false,false,false,false,false,false,false,false
lcu:lcu_rural_manor_hx_40285,lcu_working_final_ready,lcu_rural_manor_hx_40285,local_community_unit,c_8,Dunmere,hx_40285,T2_service_locality,institutional_precinct,Dunstrand,Dunstrand,Dunstrand,included_in_source_candidate_lock_view,accepted_unchanged,,,visible_public_name,false,false,false,false,false,false,false,false,false,false,false
lcu:lcu_rural_manor_hx_40291,lcu_working_final_ready,lcu_rural_manor_hx_40291,local_community_unit,c_8,Dunmere,hx_40291,T2_service_locality,institutional_precinct,Dunewick,Dunewick,Dunewick,included_in_source_candidate_lock_view,accepted_unchanged,,,visible_public_name,false,false,false,false,false,false,false,false,false,false,false
lcu:lcu_rural_manor_hx_40294,lcu_working_final_ready,lcu_rural_manor_hx_40294,local_community_unit,c_8,Dunmere,hx_40294,T2_service_locality,institutional_precinct,Hithebrook,Hithebrook,Hithebrook,included_in_source_candidate_lock_view,accepted_unchanged,,,visible_public_name,false,false,false,false,false,false,false,false,false,false,false
lcu:lcu_rural_manor_hx_34964,lcu_working_final_ready,lcu_rural_manor_hx_34964,local_community_unit,c_8,Dunmere,hx_34964,T2_service_locality,market_village,Landinghithe,Landinghithe,Landinghithe,included_in_source_candidate_lock_view,accepted_unchanged,,,visible_public_name,false,false,false,false,false,false,false,false,false,false,false
lcu:lcu_rural_manor_hx_36087,lcu_working_final_ready,lcu_rural_manor_hx_36087,local_community_unit,c_8,Dunmere,hx_36087,T2_service_locality,market_village,Greyhaven,Greyhaven,Greyhaven,included_in_source_candidate_lock_view,accepted_unchanged,,,visible_public_name,false,false,false,false,false,false,false,false,false,false,false
lcu:lcu_rural_manor_hx_38606,lcu_working_final_ready,lcu_rural_manor_hx_38606,local_community_unit,c_8,Dunmere,hx_38606,T2_service_locality,market_village,Oarmere,Oarmere,Oarmere,included_in_source_candidate_lock_view,accepted_unchanged,,,visible_public_name,false,false,false,false,false,false,false,false,false,false,false
lcu:lcu_rural_manor_hx_38893,lcu_working_final_ready,lcu_rural_manor_hx_38893,local_community_unit,c_8,Dunmere,hx_38893,T2_service_locality,market_village,,Maltwick,Maltwick,included_in_working_authority_name_closure,approved_blank_name_closure_applied,V04-PLACE-MANOR-LCU-BLANK-NAME-AND-QA-PERSON-NAME-CLOSURE-MATERIALIZATION-001,,visible_public_name,false,false,false,false,false,false,false,false,false,false,false
lcu:lcu_rural_manor_hx_39450,lcu_working_final_ready,lcu_rural_manor_hx_39450,local_community_unit,c_8,Dunmere,hx_39450,T2_service_locality,market_village,Landingstrand,Landingstrand,Landingstrand,included_in_source_candidate_lock_view,accepted_unchanged,,,visible_public_name,false,false,false,false,false,false,false,false,false,false,false
lcu:lcu_rural_manor_hx_37497,lcu_working_final_ready,lcu_rural_manor_hx_37497,local_community_unit,c_8,Dunmere,hx_37497,T2_service_locality,route_cluster,Saltcross,Saltcross,Saltcross,included_in_source_candidate_lock_view,accepted_unchanged,,,visible_public_name,false,false,false,false,false,false,false,false,false,false,false
lcu:lcu_rural_manor_hx_38336,lcu_working_final_ready,lcu_rural_manor_hx_38336,local_community_unit,c_8,Dunmere,hx_38336,T2_service_locality,route_cluster,Marshhithe,Marshhithe,Marshhithe,included_in_source_candidate_lock_view,accepted_unchanged,,,visible_public_name,false,false,false,false,false,false,false,false,false,false,false
lcu:lcu_rural_manor_hx_38616,lcu_working_final_ready,lcu_rural_manor_hx_38616,local_community_unit,c_8,Dunmere,hx_38616,T2_service_locality,route_cluster,Hithegate,Hithegate,Hithegate,included_in_source_candidate_lock_view,accepted_unchanged,,,visible_public_name,false,false,false,false,false,false,false,false,false,false,false
lcu:lcu_rural_manor_hx_38619,lcu_working_final_ready,lcu_rural_manor_hx_38619,local_community_unit,c_8,Dunmere,hx_38619,T2_service_locality,route_cluster,Ferrycross,Ferrycross,Ferrycross,included_in_source_candidate_lock_view,accepted_unchanged,,,visible_public_name,false,false,false,false,false,false,false,false,false,false,false
lcu:lcu_rural_manor_hx_38620,lcu_working_final_ready,lcu_rural_manor_hx_38620,local_community_unit,c_8,Dunmere,hx_38620,T2_service_locality,route_cluster,Sandbridge,Sandbridge,Sandbridge,included_in_source_candidate_lock_view,accepted_unchanged,,,visible_public_name,false,false,false,false,false,false,false,false,false,false,false
lcu:lcu_rural_manor_hx_38900,lcu_working_final_ready,lcu_rural_manor_hx_38900,local_community_unit,c_8,Dunmere,hx_38900,T2_service_locality,route_cluster,Saltbridge,Saltbridge,Saltbridge,included_in_source_candidate_lock_view,accepted_unchanged,,,visible_public_name,false,false,false,false,false,false,false,false,false,false,false
lcu:lcu_rural_manor_hx_33000,lcu_working_final_ready,lcu_rural_manor_hx_33000,local_community_unit,c_8,Dunmere,hx_33000,T4_dependency_or_terrain_edge,terrain-edge cluster,Quayworth,Quayworth,Quayworth,included_in_source_candidate_lock_view,accepted_unchanged,,,visible_public_name,false,false,false,false,false,false,false,false,false,false,false
lcu:lcu_rural_manor_hx_34400,lcu_working_final_ready,lcu_rural_manor_hx_34400,local_community_unit,c_8,Dunmere,hx_34400,T4_dependency_or_terrain_edge,terrain-edge cluster,Quayham,Quayham,Quayham,included_in_source_candidate_lock_view,accepted_unchanged,,,visible_public_name,false,false,false,false,false,false,false,false,false,false,false
lcu:lcu_rural_manor_hx_34699,lcu_working_final_ready,lcu_rural_manor_hx_34699,local_community_unit,c_8,Dunmere,hx_34699,T4_dependency_or_terrain_edge,terrain-edge cluster,Wareshaw,Wareshaw,Wareshaw,included_in_source_candidate_lock_view,accepted_unchanged,,,visible_public_name,false,false,false,false,false,false,false,false,false,false,false
lcu:lcu_rural_manor_hx_35803,lcu_working_final_ready,lcu_rural_manor_hx_35803,local_community_unit,c_8,Dunmere,hx_35803,T4_dependency_or_terrain_edge,terrain-edge cluster,Harborquay,Harborquay,Harborquay,included_in_source_candidate_lock_view,accepted_unchanged,,,visible_public_name,false,false,false,false,false,false,false,false,false,false,false
lcu:lcu_rural_manor_hx_36363,lcu_working_final_ready,lcu_rural_manor_hx_36363,local_community_unit,c_8,Dunmere,hx_36363,T4_dependency_or_terrain_edge,terrain-edge cluster,Quaywick,Quaywick,Quaywick,included_in_source_candidate_lock_view,accepted_unchanged,,,visible_public_name,false,false,false,false,false,false,false,false,false,false,false
lcu:lcu_rural_manor_hx_36645,lcu_working_final_ready,lcu_rural_manor_hx_36645,local_community_unit,c_8,Dunmere,hx_36645,T4_dependency_or_terrain_edge,terrain-edge cluster,Mereshaw,Mereshaw,Mereshaw,included_in_source_candidate_lock_view,accepted_unchanged,,,visible_public_name,false,false,false,false,false,false,false,false,false,false,false
lcu:lcu_rural_manor_hx_36925,lcu_working_final_ready,lcu_rural_manor_hx_36925,local_community_unit,c_8,Dunmere,hx_36925,T4_dependency_or_terrain_edge,terrain-edge cluster,Hithewater,Hithewater,Hithewater,included_in_source_candidate_lock_view,accepted_unchanged,,,visible_public_name,false,false,false,false,false,false,false,false,false,false,false
lcu:lcu_rural_manor_hx_37781,lcu_working_final_ready,lcu_rural_manor_hx_37781,local_community_unit,c_8,Dunmere,hx_37781,T4_dependency_or_terrain_edge,terrain-edge cluster,Netcote,Netcote,Netcote,included_in_source_candidate_lock_view,accepted_unchanged,,,visible_public_name,false,false,false,false,false,false,false,false,false,false,false
lcu:lcu_rural_manor_hx_38046,lcu_working_final_ready,lcu_rural_manor_hx_38046,local_community_unit,c_8,Dunmere,hx_38046,T4_dependency_or_terrain_edge,terrain-edge cluster,Dunestrand,Dunestrand,Dunestrand,included_in_source_candidate_lock_view,accepted_unchanged,,,visible_public_name,false,false,false,false,false,false,false,false,false,false,false
lcu:lcu_rural_manor_hx_38060,lcu_working_final_ready,lcu_rural_manor_hx_38060,local_community_unit,c_8,Dunmere,hx_38060,T4_dependency_or_terrain_edge,terrain-edge cluster,Netley,Netley,Netley,included_in_source_candidate_lock_view,accepted_unchanged,,,visible_public_name,false,false,false,false,false,false,false,false,false,false,false
lcu:lcu_rural_manor_hx_38612,lcu_working_final_ready,lcu_rural_manor_hx_38612,local_community_unit,c_8,Dunmere,hx_38612,T4_dependency_or_terrain_edge,terrain-edge cluster,Flemingedge,Flemingedge,Flemingedge,included_in_source_candidate_lock_view,accepted_unchanged,,,visible_public_name,false,false,false,false,false,false,false,false,false,false,false
lcu:lcu_rural_manor_hx_39177,lcu_working_final_ready,lcu_rural_manor_hx_39177,local_community_unit,c_8,Dunmere,hx_39177,T4_dependency_or_terrain_edge,terrain-edge cluster,Marshstrand,Marshstrand,Marshstrand,included_in_source_candidate_lock_view,accepted_unchanged,,,visible_public_name,false,false,false,false,false,false,false,false,false,false,false
lcu:lcu_rural_manor_hx_40575,lcu_working_final_ready,lcu_rural_manor_hx_40575,local_community_unit,c_8,Dunmere,hx_40575,T4_dependency_or_terrain_edge,terrain-edge cluster,Keelwell,Keelwell,Keelwell,included_in_source_candidate_lock_view,accepted_unchanged,,,visible_public_name,false,false,false,false,false,false,false,false,false,false,false
lcu:lcu_rural_manor_hx_40577,lcu_working_final_ready,lcu_rural_manor_hx_40577,local_community_unit,c_8,Dunmere,hx_40577,T4_dependency_or_terrain_edge,terrain-edge cluster,Tidehaven,Tidehaven,Tidehaven,included_in_source_candidate_lock_view,accepted_unchanged,,,visible_public_name,false,false,false,false,false,false,false,false,false,false,false
lcu:lcu_rural_manor_hx_40857,lcu_working_final_ready,lcu_rural_manor_hx_40857,local_community_unit,c_8,Dunmere,hx_40857,T4_dependency_or_terrain_edge,terrain-edge cluster,Oarwick,Oarwick,Oarwick,included_in_source_candidate_lock_view,accepted_unchanged,,,visible_public_name,false,false,false,false,false,false,false,false,false,false,false
lcu:lcu_rural_manor_hx_40860,lcu_working_final_ready,lcu_rural_manor_hx_40860,local_community_unit,c_8,Dunmere,hx_40860,T4_dependency_or_terrain_edge,terrain-edge cluster,Merebank,Merebank,Merebank,included_in_source_candidate_lock_view,accepted_unchanged,,,visible_public_name,false,false,false,false,false,false,false,false,false,false,false
lcu:lcu_rural_manor_hx_40861,lcu_working_final_ready,lcu_rural_manor_hx_40861,local_community_unit,c_8,Dunmere,hx_40861,T4_dependency_or_terrain_edge,terrain-edge cluster,Oarcote,Oarcote,Oarcote,included_in_source_candidate_lock_view,accepted_unchanged,,,visible_public_name,false,false,false,false,false,false,false,false,false,false,false
lcu:lcu_rural_manor_hx_41127,lcu_working_final_ready,lcu_rural_manor_hx_41127,local_community_unit,c_8,Dunmere,hx_41127,T4_dependency_or_terrain_edge,terrain-edge cluster,Oarquay,Oarquay,Oarquay,included_in_source_candidate_lock_view,accepted_unchanged,,,visible_public_name,false,false,false,false,false,false,false,false,false,false,false
lcu:lcu_rural_manor_hx_41134,lcu_working_final_ready,lcu_rural_manor_hx_41134,local_community_unit,c_8,Dunmere,hx_41134,T4_dependency_or_terrain_edge,terrain-edge cluster,Quayquay,Quayquay,Quayquay,included_in_source_candidate_lock_view,accepted_unchanged,,,visible_public_name,false,false,false,false,false,false,false,false,false,false,false
lcu:lcu_rural_manor_hx_41414,lcu_working_final_ready,lcu_rural_manor_hx_41414,local_community_unit,c_8,Dunmere,hx_41414,T4_dependency_or_terrain_edge,terrain-edge cluster,Hitheedge,Hitheedge,Hitheedge,included_in_source_candidate_lock_view,accepted_unchanged,,,visible_public_name,false,false,false,false,false,false,false,false,false,false,false
lcu:lcu_rural_manor_hx_41700,lcu_working_final_ready,lcu_rural_manor_hx_41700,local_community_unit,c_8,Dunmere,hx_41700,T4_dependency_or_terrain_edge,terrain-edge cluster,Harborshaw,Harborshaw,Harborshaw,included_in_source_candidate_lock_view,accepted_unchanged,,,visible_public_name,false,false,false,false,false,false,false,false,false,false,false
lcu:lcu_rural_manor_hx_41970,lcu_working_final_ready,lcu_rural_manor_hx_41970,local_community_unit,c_8,Dunmere,hx_41970,T4_dependency_or_terrain_edge,terrain-edge cluster,Greyshaw,Greyshaw,Greyshaw,included_in_source_candidate_lock_view,accepted_unchanged,,,visible_public_name,false,false,false,false,false,false,false,false,false,false,false
lcu:lcu_rural_manor_hx_41974,lcu_working_final_ready,lcu_rural_manor_hx_41974,local_community_unit,c_8,Dunmere,hx_41974,T4_dependency_or_terrain_edge,terrain-edge cluster,Coblehaven,Coblehaven,Coblehaven,included_in_source_candidate_lock_view,accepted_unchanged,,,visible_public_name,false,false,false,false,false,false,false,false,false,false,false
lcu:lcu_rural_manor_hx_42533,lcu_working_final_ready,lcu_rural_manor_hx_42533,local_community_unit,c_8,Dunmere,hx_42533,T4_dependency_or_terrain_edge,terrain-edge cluster,Oarstrand,Oarstrand,Oarstrand,included_in_source_candidate_lock_view,accepted_unchanged,,,visible_public_name,false,false,false,false,false,false,false,false,false,false,false
lcu:lcu_rural_manor_hx_42534,lcu_working_final_ready,lcu_rural_manor_hx_42534,local_community_unit,c_8,Dunmere,hx_42534,T4_dependency_or_terrain_edge,terrain-edge cluster,Duneton,Duneton,Duneton,included_in_source_candidate_lock_view,accepted_unchanged,,,visible_public_name,false,false,false,false,false,false,false,false,false,false,false
lcu:lcu_rural_manor_hx_42812,lcu_working_final_ready,lcu_rural_manor_hx_42812,local_community_unit,c_8,Dunmere,hx_42812,T4_dependency_or_terrain_edge,terrain-edge cluster,Tideshaw,Tideshaw,Tideshaw,included_in_source_candidate_lock_view,accepted_unchanged,,,visible_public_name,false,false,false,false,false,false,false,false,false,false,false
lcu:lcu_registry_sett_hx_34404,lcu_working_final_ready,lcu_registry_sett_hx_34404,local_community_unit,c_8,Dunmere,hx_34404,T1_public_center_or_high_consumer,town,Merechester,Merechester,Merechester,included_in_source_candidate_lock_view,accepted_unchanged,,,visible_public_name,false,false,false,false,false,false,false,false,false,false,false
lcu:lcu_registry_sett_hx_35807,lcu_working_final_ready,lcu_registry_sett_hx_35807,local_community_unit,c_8,Dunmere,hx_35807,T1_public_center_or_high_consumer,town,Duncaster,Duncaster,Duncaster,included_in_source_candidate_lock_view,approved_multi_anchor_identity_member,,place_identity_county_seat_complex_duncaster,visible_public_name,false,false,false,false,false,false,false,false,false,false,false
lcu:lcu_registry_sett_hx_35821,lcu_working_final_ready,lcu_registry_sett_hx_35821,local_community_unit,c_8,Dunmere,hx_35821,T1_public_center_or_high_consumer,town,Sandstrand,Sandstrand,Sandstrand,included_in_source_candidate_lock_view,accepted_unchanged,,,visible_public_name,false,false,false,false,false,false,false,false,false,false,false
lcu:lcu_registry_sett_hx_38340,lcu_working_final_ready,lcu_registry_sett_hx_38340,local_community_unit,c_8,Dunmere,hx_38340,T1_public_center_or_high_consumer,town,Ferryham,Ferryham,Ferryham,included_in_source_candidate_lock_view,accepted_unchanged,,,visible_public_name,false,false,false,false,false,false,false,false,false,false,false
lcu:lcu_registry_sett_hx_33002,lcu_working_final_ready,lcu_registry_sett_hx_33002,local_community_unit,c_8,Dunmere,hx_33002,T3_ordinary_local_community,village,Sailquay,Sailquay,Sailquay,included_in_source_candidate_lock_view,accepted_unchanged,,,visible_public_name,false,false,false,false,false,false,false,false,false,false,false
lcu:lcu_registry_sett_hx_39442,lcu_working_final_ready,lcu_registry_sett_hx_39442,local_community_unit,c_8,Dunmere,hx_39442,T3_ordinary_local_community,village,Fleming Hythe,Fleming Hythe,Fleming Hythe,included_in_source_candidate_lock_view,accepted_unchanged,,,visible_public_name,false,false,false,false,false,false,false,false,false,false,false
lcu:lcu_registry_sett_hx_40014,lcu_working_final_ready,lcu_registry_sett_hx_40014,local_community_unit,c_8,Dunmere,hx_40014,T3_ordinary_local_community,village,Strandstow,Strandstow,Strandstow,included_in_source_candidate_lock_view,accepted_unchanged,,,visible_public_name,false,false,false,false,false,false,false,false,false,false,false
lcu:lcu_rural_manor_hx_36647,lcu_working_final_ready,lcu_rural_manor_hx_36647,local_community_unit,c_8,Dunmere,hx_36647,T3_ordinary_local_community,village,Seamere,Seamere,Seamere,included_in_source_candidate_lock_view,accepted_unchanged,,,visible_public_name,false,false,false,false,false,false,false,false,false,false,false
lcu:lcu_rural_manor_hx_38054,lcu_working_final_ready,lcu_rural_manor_hx_38054,local_community_unit,c_8,Dunmere,hx_38054,T3_ordinary_local_community,village,Strandstrand,Strandstrand,Strandstrand,included_in_source_candidate_lock_view,accepted_unchanged,,,visible_public_name,false,false,false,false,false,false,false,false,false,false,false
lcu:lcu_rural_manor_hx_34702,lcu_working_final_ready,lcu_rural_manor_hx_34702,local_community_unit,c_9,Eldham,hx_34702,T3_ordinary_local_community,hamlet,Eldcote,Eldcote,Eldcote,included_in_source_candidate_lock_view,accepted_unchanged,,,visible_public_name,false,false,false,false,false,false,false,false,false,false,false
lcu:lcu_rural_manor_hx_36382,lcu_working_final_ready,lcu_rural_manor_hx_36382,local_community_unit,c_9,Eldham,hx_36382,T3_ordinary_local_community,hamlet,Bedeham,Bedeham,Bedeham,included_in_source_candidate_lock_view,accepted_unchanged,,,visible_public_name,false,false,false,false,false,false,false,false,false,false,false
lcu:lcu_rural_manor_hx_36663,lcu_working_final_ready,lcu_rural_manor_hx_36663,local_community_unit,c_9,Eldham,hx_36663,T3_ordinary_local_community,hamlet,Bellwick,Bellwick,Bellwick,included_in_source_candidate_lock_view,accepted_unchanged,,,visible_public_name,false,false,false,false,false,false,false,false,false,false,false
lcu:lcu_rural_manor_hx_35544,lcu_working_final_ready,lcu_rural_manor_hx_35544,local_community_unit,c_9,Eldham,hx_35544,T2_service_locality,institutional_precinct,Eldminster,Eldminster,Eldminster,included_in_source_candidate_lock_view,accepted_unchanged,,,visible_public_name,false,false,false,false,false,false,false,false,false,false,false
lcu:lcu_rural_manor_hx_35826,lcu_working_final_ready,lcu_rural_manor_hx_35826,local_community_unit,c_9,Eldham,hx_35826,T2_service_locality,institutional_precinct,Bellpriory,Bellpriory,Bellpriory,included_in_source_candidate_lock_view,accepted_unchanged,,,visible_public_name,false,false,false,false,false,false,false,false,false,false,false
lcu:lcu_rural_manor_hx_35830,lcu_working_final_ready,lcu_rural_manor_hx_35830,local_community_unit,c_9,Eldham,hx_35830,T2_service_locality,institutional_precinct,Bedecell,Bedecell,Bedecell,included_in_source_candidate_lock_view,accepted_unchanged,,,visible_public_name,false,false,false,false,false,false,false,false,false,false,false
lcu:lcu_rural_manor_hx_36103,lcu_working_final_ready,lcu_rural_manor_hx_36103,local_community_unit,c_9,Eldham,hx_36103,T2_service_locality,institutional_precinct,Clerkstow,Clerkstow,Clerkstow,included_in_source_candidate_lock_view,accepted_unchanged,,,visible_public_name,false,false,false,false,false,false,false,false,false,false,false
lcu:lcu_rural_manor_hx_36106,lcu_working_final_ready,lcu_rural_manor_hx_36106,local_community_unit,c_9,Eldham,hx_36106,T2_service_locality,institutional_precinct,Bookham,Bookham,Bookham,included_in_source_candidate_lock_view,accepted_unchanged,,,visible_public_name,false,false,false,false,false,false,false,false,false,false,false
lcu:lcu_rural_manor_hx_36388,lcu_working_final_ready,lcu_rural_manor_hx_36388,local_community_unit,c_9,Eldham,hx_36388,T2_service_locality,institutional_precinct,Clerkbury,Clerkbury,Clerkbury,included_in_source_candidate_lock_view,accepted_unchanged,,,visible_public_name,false,false,false,false,false,false,false,false,false,false,false
lcu:lcu_rural_manor_hx_36945,lcu_working_final_ready,lcu_rural_manor_hx_36945,local_community_unit,c_9,Eldham,hx_36945,T2_service_locality,institutional_precinct,Yewhallow,Yewhallow,Yewhallow,included_in_source_candidate_lock_view,accepted_unchanged,,,visible_public_name,false,false,false,false,false,false,false,false,false,false,false
lcu:lcu_rural_manor_hx_36949,lcu_working_final_ready,lcu_rural_manor_hx_36949,local_community_unit,c_9,Eldham,hx_36949,T2_service_locality,institutional_precinct,,Cuthbertfield,Cuthbertfield,included_in_working_authority_name_closure,approved_blank_name_closure_applied,V04-PLACE-MANOR-LCU-BLANK-NAME-AND-QA-PERSON-NAME-CLOSURE-MATERIALIZATION-001,,visible_public_name,false,false,false,false,false,false,false,false,false,false,false
lcu:lcu_rural_manor_hx_36952,lcu_working_final_ready,lcu_rural_manor_hx_36952,local_community_unit,c_9,Eldham,hx_36952,T2_service_locality,institutional_precinct,,Abbeymead,Abbeymead,included_in_working_authority_name_closure,approved_blank_name_closure_applied,V04-PLACE-MANOR-LCU-BLANK-NAME-AND-QA-PERSON-NAME-CLOSURE-MATERIALIZATION-001,,visible_public_name,false,false,false,false,false,false,false,false,false,false,false
lcu:lcu_rural_manor_hx_37231,lcu_working_final_ready,lcu_rural_manor_hx_37231,local_community_unit,c_9,Eldham,hx_37231,T2_service_locality,institutional_precinct,Bedestead,Bedestead,Bedestead,included_in_source_candidate_lock_view,accepted_unchanged,,,visible_public_name,false,false,false,false,false,false,false,false,false,false,false
lcu:lcu_rural_manor_hx_38068,lcu_working_final_ready,lcu_rural_manor_hx_38068,local_community_unit,c_9,Eldham,hx_38068,T2_service_locality,institutional_precinct,Bellley,Bellfield,Bellfield,included_in_source_candidate_lock_view,approved_name_repair_applied,PNC-REPAIR-029,,visible_public_name,false,false,false,false,false,false,false,false,false,false,false
lcu:lcu_rural_manor_hx_38352,lcu_working_final_ready,lcu_rural_manor_hx_38352,local_community_unit,c_9,Eldham,hx_38352,T2_service_locality,institutional_precinct,Minsterbrook,Minsterbrook,Minsterbrook,included_in_source_candidate_lock_view,accepted_unchanged,,,visible_public_name,false,false,false,false,false,false,false,false,false,false,false
lcu:lcu_rural_manor_hx_38629,lcu_working_final_ready,lcu_rural_manor_hx_38629,local_community_unit,c_9,Eldham,hx_38629,T2_service_locality,institutional_precinct,Bridgewick,Bridgewick,Bridgewick,included_in_source_candidate_lock_view,accepted_unchanged,,,visible_public_name,false,false,false,false,false,false,false,false,false,false,false
lcu:lcu_rural_manor_hx_38632,lcu_working_final_ready,lcu_rural_manor_hx_38632,local_community_unit,c_9,Eldham,hx_38632,T2_service_locality,institutional_precinct,Bridgeminster,Bridgeminster,Bridgeminster,included_in_source_candidate_lock_view,accepted_unchanged,,,visible_public_name,false,false,false,false,false,false,false,false,false,false,false
lcu:lcu_rural_manor_hx_39182,lcu_working_final_ready,lcu_rural_manor_hx_39182,local_community_unit,c_9,Eldham,hx_39182,T2_service_locality,institutional_precinct,Bridgestreet,Bridgestreet,Bridgestreet,included_in_source_candidate_lock_view,accepted_unchanged,,,visible_public_name,false,false,false,false,false,false,false,false,false,false,false
lcu:lcu_rural_manor_hx_39477,lcu_working_final_ready,lcu_rural_manor_hx_39477,local_community_unit,c_9,Eldham,hx_39477,T2_service_locality,institutional_precinct,Hallstead,Hallstead,Hallstead,included_in_source_candidate_lock_view,accepted_unchanged,,,visible_public_name,false,false,false,false,false,false,false,false,false,false,false
lcu:lcu_rural_manor_hx_39756,lcu_working_final_ready,lcu_rural_manor_hx_39756,local_community_unit,c_9,Eldham,hx_39756,T2_service_locality,institutional_precinct,Yewcote,Yewcote,Yewcote,included_in_source_candidate_lock_view,accepted_unchanged,,,visible_public_name,false,false,false,false,false,false,false,false,false,false,false
lcu:lcu_rural_manor_hx_38918,lcu_working_final_ready,lcu_rural_manor_hx_38918,local_community_unit,c_9,Eldham,hx_38918,T2_service_locality,market_village,Roodton,Roodton,Roodton,included_in_source_candidate_lock_view,accepted_unchanged,,,visible_public_name,false,false,false,false,false,false,false,false,false,false,false
lcu:lcu_rural_manor_hx_39198,lcu_working_final_ready,lcu_rural_manor_hx_39198,local_community_unit,c_9,Eldham,hx_39198,T2_service_locality,market_village,Eldbrook,Eldbrook,Eldbrook,included_in_source_candidate_lock_view,accepted_unchanged,,,visible_public_name,false,false,false,false,false,false,false,false,false,false,false
lcu:lcu_rural_manor_hx_39470,lcu_working_final_ready,lcu_rural_manor_hx_39470,local_community_unit,c_9,Eldham,hx_39470,T2_service_locality,market_village,Bookbury,Bookbury,Bookbury,included_in_source_candidate_lock_view,accepted_unchanged,,,visible_public_name,false,false,false,false,false,false,false,false,false,false,false
lcu:lcu_rural_manor_hx_39757,lcu_working_final_ready,lcu_rural_manor_hx_39757,local_community_unit,c_9,Eldham,hx_39757,T2_service_locality,market_village,Holyton,Holyton,Holyton,included_in_source_candidate_lock_view,accepted_unchanged,,,visible_public_name,false,false,false,false,false,false,false,false,false,false,false
lcu:lcu_rural_manor_hx_40029,lcu_working_final_ready,lcu_rural_manor_hx_40029,local_community_unit,c_9,Eldham,hx_40029,T2_service_locality,market_village,Bellcote,Bellcote,Bellcote,included_in_source_candidate_lock_view,accepted_unchanged,,,visible_public_name,false,false,false,false,false,false,false,false,false,false,false
lcu:lcu_rural_manor_hx_40033,lcu_working_final_ready,lcu_rural_manor_hx_40033,local_community_unit,c_9,Eldham,hx_40033,T2_service_locality,market_village,Bookley,Bookley,Bookley,included_in_source_candidate_lock_view,accepted_unchanged,,,visible_public_name,false,false,false,false,false,false,false,false,false,false,false
lcu:lcu_rural_manor_hx_40039,lcu_working_final_ready,lcu_rural_manor_hx_40039,local_community_unit,c_9,Eldham,hx_40039,T2_service_locality,market_village,Cross,Cross,Cross,included_in_source_candidate_lock_view,accepted_unchanged,,,visible_public_name,false,false,false,false,false,false,false,false,false,false,false
lcu:lcu_rural_manor_hx_40311,lcu_working_final_ready,lcu_rural_manor_hx_40311,local_community_unit,c_9,Eldham,hx_40311,T2_service_locality,market_village,Elderstow,Elderstow,Elderstow,included_in_source_candidate_lock_view,accepted_unchanged,,,visible_public_name,false,false,false,false,false,false,false,false,false,false,false
lcu:lcu_rural_manor_hx_40316,lcu_working_final_ready,lcu_rural_manor_hx_40316,local_community_unit,c_9,Eldham,hx_40316,T2_service_locality,market_village,Brookbury,Brookbury,Brookbury,included_in_source_candidate_lock_view,accepted_unchanged,,,visible_public_name,false,false,false,false,false,false,false,false,false,false,false
lcu:lcu_rural_manor_hx_40595,lcu_working_final_ready,lcu_rural_manor_hx_40595,local_community_unit,c_9,Eldham,hx_40595,T2_service_locality,market_village,Roodcote,Roodcote,Roodcote,included_in_source_candidate_lock_view,accepted_unchanged,,,visible_public_name,false,false,false,false,false,false,false,false,false,false,false
lcu:lcu_rural_manor_hx_40602,lcu_working_final_ready,lcu_rural_manor_hx_40602,local_community_unit,c_9,Eldham,hx_40602,T2_service_locality,market_village,Priorcote,Priorcote,Priorcote,included_in_source_candidate_lock_view,accepted_unchanged,,,visible_public_name,false,false,false,false,false,false,false,false,false,false,false
lcu:lcu_rural_manor_hx_41158,lcu_working_final_ready,lcu_rural_manor_hx_41158,local_community_unit,c_9,Eldham,hx_41158,T2_service_locality,market_village,Crosscross,Crossway,Crossway,included_in_source_candidate_lock_view,approved_name_repair_applied,PNC-REPAIR-031,,visible_public_name,false,false,false,false,false,false,false,false,false,false,false
lcu:lcu_rural_manor_hx_37224,lcu_working_final_ready,lcu_rural_manor_hx_37224,local_community_unit,c_9,Eldham,hx_37224,T4_dependency_or_terrain_edge,terrain-edge cluster,Wardenminster,Wardenminster,Wardenminster,included_in_source_candidate_lock_view,accepted_unchanged,,,visible_public_name,false,false,false,false,false,false,false,false,false,false,false
lcu:lcu_rural_manor_hx_38346,lcu_working_final_ready,lcu_rural_manor_hx_38346,local_community_unit,c_9,Eldham,hx_38346,T4_dependency_or_terrain_edge,terrain-edge cluster,Hallowworth,Hallowworth,Hallowworth,included_in_source_candidate_lock_view,accepted_unchanged,,,visible_public_name,false,false,false,false,false,false,false,false,false,false,false
lcu:lcu_rural_manor_hx_38622,lcu_working_final_ready,lcu_rural_manor_hx_38622,local_community_unit,c_9,Eldham,hx_38622,T4_dependency_or_terrain_edge,terrain-edge cluster,Hallowwell,Hallowwell,Hallowwell,included_in_source_candidate_lock_view,accepted_unchanged,,,visible_public_name,false,false,false,false,false,false,false,false,false,false,false
lcu:lcu_rural_manor_hx_38624,lcu_working_final_ready,lcu_rural_manor_hx_38624,local_community_unit,c_9,Eldham,hx_38624,T4_dependency_or_terrain_edge,terrain-edge cluster,Hallridge,Hallridge,Hallridge,included_in_source_candidate_lock_view,accepted_unchanged,,,visible_public_name,false,false,false,false,false,false,false,false,false,false,false
lcu:lcu_rural_manor_hx_38909,lcu_working_final_ready,lcu_rural_manor_hx_38909,local_community_unit,c_9,Eldham,hx_38909,T4_dependency_or_terrain_edge,terrain-edge cluster,Brookbank,Brookbank,Brookbank,included_in_source_candidate_lock_view,accepted_unchanged,,,visible_public_name,false,false,false,false,false,false,false,false,false,false,false
lcu:lcu_rural_manor_hx_40302,lcu_working_final_ready,lcu_rural_manor_hx_40302,local_community_unit,c_9,Eldham,hx_40302,T4_dependency_or_terrain_edge,terrain-edge cluster,Clerkwell,Clerkwell,Clerkwell,included_in_source_candidate_lock_view,accepted_unchanged,,,visible_public_name,false,false,false,false,false,false,false,false,false,false,false
lcu:lcu_rural_manor_hx_40863,lcu_working_final_ready,lcu_rural_manor_hx_40863,local_community_unit,c_9,Eldham,hx_40863,T4_dependency_or_terrain_edge,terrain-edge cluster,Yewbury,Yewfold,Yewfold,included_in_source_candidate_lock_view,approved_name_repair_applied,PNC-REPAIR-015,,visible_public_name,false,false,false,false,false,false,false,false,false,false,false
lcu:lcu_rural_manor_hx_41424,lcu_working_final_ready,lcu_rural_manor_hx_41424,local_community_unit,c_9,Eldham,hx_41424,T4_dependency_or_terrain_edge,terrain-edge cluster,Abbeyton,Abbeyton,Abbeyton,included_in_source_candidate_lock_view,accepted_unchanged,,,visible_public_name,false,false,false,false,false,false,false,false,false,false,false
lcu:lcu_rural_manor_hx_41982,lcu_working_final_ready,lcu_rural_manor_hx_41982,local_community_unit,c_9,Eldham,hx_41982,T4_dependency_or_terrain_edge,terrain-edge cluster,Bridgebank,Bridgebank,Bridgebank,included_in_source_candidate_lock_view,accepted_unchanged,,,visible_public_name,false,false,false,false,false,false,false,false,false,false,false
lcu:lcu_rural_manor_hx_41984,lcu_working_final_ready,lcu_rural_manor_hx_41984,local_community_unit,c_9,Eldham,hx_41984,T4_dependency_or_terrain_edge,terrain-edge cluster,Abbeyedge,Abbeyedge,Abbeyedge,included_in_source_candidate_lock_view,accepted_unchanged,,,visible_public_name,false,false,false,false,false,false,false,false,false,false,false
lcu:lcu_rural_manor_hx_42828,lcu_working_final_ready,lcu_rural_manor_hx_42828,local_community_unit,c_9,Eldham,hx_42828,T4_dependency_or_terrain_edge,terrain-edge cluster,Eldercote,Eldercote,Eldercote,included_in_source_candidate_lock_view,accepted_unchanged,,,visible_public_name,false,false,false,false,false,false,false,false,false,false,false
lcu:lcu_registry_sett_hx_37233,lcu_working_final_ready,lcu_registry_sett_hx_37233,local_community_unit,c_9,Eldham,hx_37233,T1_public_center_or_high_consumer,town,Limestead,Limestead,Limestead,included_in_source_candidate_lock_view,accepted_unchanged,,,visible_public_name,false,false,false,false,false,false,false,false,false,false,false
lcu:lcu_registry_sett_hx_38910,lcu_working_final_ready,lcu_registry_sett_hx_38910,local_community_unit,c_9,Eldham,hx_38910,T1_public_center_or_high_consumer,town,Minsterwick,Minsterwick,Minsterwick,included_in_source_candidate_lock_view,accepted_unchanged,,,visible_public_name,false,false,false,false,false,false,false,false,false,false,false
lcu:lcu_registry_sett_hx_38917,lcu_working_final_ready,lcu_registry_sett_hx_38917,local_community_unit,c_9,Eldham,hx_38917,T1_public_center_or_high_consumer,town,Candleminster,Candleminster,Candleminster,included_in_source_candidate_lock_view,accepted_unchanged,,,visible_public_name,false,false,false,false,false,false,false,false,false,false,false
lcu:lcu_registry_sett_hx_39744,lcu_working_final_ready,lcu_registry_sett_hx_39744,local_community_unit,c_9,Eldham,hx_39744,T1_public_center_or_high_consumer,town,Priorworth,Priorworth,Priorworth,included_in_source_candidate_lock_view,accepted_unchanged,,,visible_public_name,false,false,false,false,false,false,false,false,false,false,false
lcu:lcu_registry_sett_hx_39755,lcu_working_final_ready,lcu_registry_sett_hx_39755,local_community_unit,c_9,Eldham,hx_39755,T1_public_center_or_high_consumer,town,Eldbury,Eldbury,Eldbury,included_in_source_candidate_lock_view,accepted_unchanged,,,visible_public_name,false,false,false,false,false,false,false,false,false,false,false
lcu:lcu_registry_sett_hx_40312,lcu_working_final_ready,lcu_registry_sett_hx_40312,local_community_unit,c_9,Eldham,hx_40312,T1_public_center_or_high_consumer,town,Oldchester,Oldchester,Oldchester,included_in_source_candidate_lock_view,accepted_unchanged,,,visible_public_name,false,false,false,false,false,false,false,false,false,false,false
lcu:lcu_rural_manor_hx_41147,lcu_working_final_ready,lcu_rural_manor_hx_41147,local_community_unit,c_9,Eldham,hx_41147,T3_ordinary_local_community,village,Crossham,Crossham,Crossham,included_in_source_candidate_lock_view,accepted_unchanged,,,visible_public_name,false,false,false,false,false,false,false,false,false,false,false
lcu:lcu_rural_manor_hx_41434,lcu_working_final_ready,lcu_rural_manor_hx_41434,local_community_unit,c_9,Eldham,hx_41434,T3_ordinary_local_community,village,Ashbury,Ashbury,Ashbury,included_in_source_candidate_lock_view,accepted_unchanged,,,visible_public_name,false,false,false,false,false,false,false,false,false,false,false
lcu:lcu_rural_manor_hx_41443,lcu_working_final_ready,lcu_rural_manor_hx_41443,local_community_unit,c_9,Eldham,hx_41443,T3_ordinary_local_community,village,Wardenton,Wardenton,Wardenton,included_in_source_candidate_lock_view,accepted_unchanged,,,visible_public_name,false,false,false,false,false,false,false,false,false,false,false
lcu:lcu_rural_manor_hx_41712,lcu_working_final_ready,lcu_rural_manor_hx_41712,local_community_unit,c_9,Eldham,hx_41712,T3_ordinary_local_community,village,Oldham,Oldham,Oldham,included_in_source_candidate_lock_view,accepted_unchanged,,,visible_public_name,false,false,false,false,false,false,false,false,false,false,false
lcu:lcu_rural_manor_hx_41726,lcu_working_final_ready,lcu_rural_manor_hx_41726,local_community_unit,c_9,Eldham,hx_41726,T3_ordinary_local_community,village,Minsterworth,Minsterworth,Minsterworth,included_in_source_candidate_lock_view,accepted_unchanged,,,visible_public_name,false,false,false,false,false,false,false,false,false,false,false
lcu:lcu_rural_manor_hx_42272,lcu_working_final_ready,lcu_rural_manor_hx_42272,local_community_unit,c_9,Eldham,hx_42272,T3_ordinary_local_community,village,Abbeybury,Abbeybury,Abbeybury,included_in_source_candidate_lock_view,accepted_unchanged,,,visible_public_name,false,false,false,false,false,false,false,false,false,false,false
lcu:lcu_rural_manor_hx_42288,lcu_working_final_ready,lcu_rural_manor_hx_42288,local_community_unit,c_9,Eldham,hx_42288,T3_ordinary_local_community,village,Candlestead,Candlestead,Candlestead,included_in_source_candidate_lock_view,accepted_unchanged,,,visible_public_name,false,false,false,false,false,false,false,false,false,false,false
lcu:lcu_rural_manor_hx_42561,lcu_working_final_ready,lcu_rural_manor_hx_42561,local_community_unit,c_9,Eldham,hx_42561,T3_ordinary_local_community,village,Limeham,Limeham,Limeham,included_in_source_candidate_lock_view,accepted_unchanged,,,visible_public_name,false,false,false,false,false,false,false,false,false,false,false
lcu:lcu_rural_manor_hx_43118,lcu_working_final_ready,lcu_rural_manor_hx_43118,local_community_unit,c_9,Eldham,hx_43118,T3_ordinary_local_community,village,Abbeyfield,Abbeyfield,Abbeyfield,included_in_source_candidate_lock_view,accepted_unchanged,,,visible_public_name,false,false,false,false,false,false,false,false,false,false,false
lcu:lcu_rural_manor_hx_43127,lcu_working_final_ready,lcu_rural_manor_hx_43127,local_community_unit,c_9,Eldham,hx_43127,T3_ordinary_local_community,village,Hallowwick,Hallowwick,Hallowwick,included_in_source_candidate_lock_view,accepted_unchanged,,,visible_public_name,false,false,false,false,false,false,false,false,false,false,false
lcu:lcu_rural_manor_hx_43412,lcu_working_final_ready,lcu_rural_manor_hx_43412,local_community_unit,c_9,Eldham,hx_43412,T3_ordinary_local_community,village,Oldwell,Oldwell,Oldwell,included_in_source_candidate_lock_view,accepted_unchanged,,,visible_public_name,false,false,false,false,false,false,false,false,false,false,false
lcu:lcu_rural_manor_hx_43965,lcu_working_final_ready,lcu_rural_manor_hx_43965,local_community_unit,c_9,Eldham,hx_43965,T3_ordinary_local_community,village,Roodwick,Roodwick,Roodwick,included_in_source_candidate_lock_view,accepted_unchanged,,,visible_public_name,false,false,false,false,false,false,false,false,false,false,false
lcu:lcu_rural_manor_hx_43973,lcu_working_final_ready,lcu_rural_manor_hx_43973,local_community_unit,c_9,Eldham,hx_43973,T3_ordinary_local_community,village,Lentenbury,Lentenbury,Lentenbury,included_in_source_candidate_lock_view,accepted_unchanged,,,visible_public_name,false,false,false,false,false,false,false,false,false,false,false
lcu:lcu_rural_manor_hx_44247,lcu_working_final_ready,lcu_rural_manor_hx_44247,local_community_unit,c_9,Eldham,hx_44247,T3_ordinary_local_community,village,Candleton,Candleton,Candleton,included_in_source_candidate_lock_view,accepted_unchanged,,,visible_public_name,false,false,false,false,false,false,false,false,false,false,false
manor:manor_hx_47931,manor_working_final_ready,manor_hx_47931,manor,c_0,Alderwick,hx_47931,T1_direct_or_institutional_manor,barony,Manor of Roodham Hall,Manor of Roodham Hall,Roodham Hall,included_in_source_candidate_lock_view,accepted_unchanged,,,visible_public_name,false,false,false,false,false,false,false,false,false,false,false
manor:manor_hx_48215,manor_working_final_ready,manor_hx_48215,manor,c_0,Alderwick,hx_48215,T1_direct_or_institutional_manor,barony,Manor of Roodham,Manor of Roodham,Roodham,included_in_source_candidate_lock_view,accepted_unchanged,,,visible_public_name,false,false,false,false,false,false,false,false,false,false,false
manor:manor_hx_49062,manor_working_final_ready,manor_hx_49062,manor,c_0,Alderwick,hx_49062,T1_direct_or_institutional_manor,barony,Manor of Wheatworth,Manor of Wheatworth,Wheatworth,included_in_source_candidate_lock_view,accepted_unchanged,,,visible_public_name,false,false,false,false,false,false,false,false,false,false,false
manor:manor_hx_50742,manor_working_final_ready,manor_hx_50742,manor,c_0,Alderwick,hx_50742,T1_direct_or_institutional_manor,barony,Manor of Alderton,Manor of Alderton,Alderton,included_in_source_candidate_lock_view,accepted_unchanged,,,visible_public_name,false,false,false,false,false,false,false,false,false,false,false
manor:manor_hx_51846,manor_working_final_ready,manor_hx_51846,manor,c_0,Alderwick,hx_51846,T1_direct_or_institutional_manor,barony,Manor of Windwick Hall,Manor of Windwick Hall,Windwick Hall,included_in_source_candidate_lock_view,accepted_unchanged,,,visible_public_name,false,false,false,false,false,false,false,false,false,false,false
manor:manor_hx_52410,manor_working_final_ready,manor_hx_52410,manor,c_0,Alderwick,hx_52410,T1_direct_or_institutional_manor,barony,Manor of Rookbury Hall,Manor of Rookbury Hall,Rookbury Hall,included_in_source_candidate_lock_view,accepted_unchanged,,,visible_public_name,false,false,false,false,false,false,false,false,false,false,false
manor:manor_hx_52418,manor_working_final_ready,manor_hx_52418,manor,c_0,Alderwick,hx_52418,T1_direct_or_institutional_manor,barony,Manor of Stanstead,Manor of Stanstead,Stanstead,included_in_source_candidate_lock_view,accepted_unchanged,,,visible_public_name,false,false,false,false,false,false,false,false,false,false,false
manor:manor_hx_54379,manor_working_final_ready,manor_hx_54379,manor,c_0,Alderwick,hx_54379,T1_direct_or_institutional_manor,barony,Manor of Vinebury,Manor of Vinebury,Vinebury,included_in_source_candidate_lock_view,accepted_unchanged,,,visible_public_name,false,false,false,false,false,false,false,false,false,false,false
manor:manor_hx_54660,manor_working_final_ready,manor_hx_54660,manor,c_0,Alderwick,hx_54660,T1_direct_or_institutional_manor,barony,Manor of Ridgebury Hall,Manor of Ridgebury Hall,Ridgebury Hall,included_in_source_candidate_lock_view,accepted_unchanged,,,visible_public_name,false,false,false,false,false,false,false,false,false,false,false
manor:manor_hx_50462,manor_working_final_ready,manor_hx_50462,manor,c_0,Alderwick,hx_50462,T1_direct_or_institutional_manor,church_fief,Manor of Woldbury,Manor of Woldbury,Woldbury,included_in_source_candidate_lock_view,accepted_unchanged,,,visible_public_name,false,false,false,false,false,false,false,false,false,false,false
manor:manor_hx_51580,manor_working_final_ready,manor_hx_51580,manor,c_0,Alderwick,hx_51580,T1_direct_or_institutional_manor,church_fief,Manor of Alderbury,Manor of Alderbury,Alderbury,included_in_source_candidate_lock_view,accepted_unchanged,,,visible_public_name,false,false,false,false,false,false,false,false,false,false,false
manor:manor_hx_56056,manor_working_final_ready,manor_hx_56056,manor,c_0,Alderwick,hx_56056,T1_direct_or_institutional_manor,county_domain,Manor of Wheatwick,Manor of Wheatwick,Wheatwick,included_in_source_candidate_lock_view,accepted_unchanged,,,visible_public_name,false,false,false,false,false,false,false,false,false,false,false
manor:manor_hx_48777,manor_working_final_ready,manor_hx_48777,manor,c_0,Alderwick,hx_48777,T1_direct_or_institutional_manor,crown_domain,Manor of Hartwell,Manor of Hartwell,Hartwell,included_in_source_candidate_lock_view,accepted_unchanged,,,visible_public_name,false,false,false,false,false,false,false,false,false,false,false
manor:manor_hx_48780,manor_working_final_ready,manor_hx_48780,manor,c_0,Alderwick,hx_48780,T1_direct_or_institutional_manor,crown_domain,Manor of Cressholt,Manor of Cressholt,Cressholt,included_in_source_candidate_lock_view,accepted_unchanged,,,visible_public_name,false,false,false,false,false,false,false,false,false,false,false
manor:manor_hx_49058,manor_working_final_ready,manor_hx_49058,manor,c_0,Alderwick,hx_49058,T1_direct_or_institutional_manor,crown_domain,,Manor of Kingstow,Kingstow,included_in_working_authority_name_closure,approved_blank_name_closure_applied,V04-PLACE-MANOR-LCU-BLANK-NAME-AND-QA-PERSON-NAME-CLOSURE-MATERIALIZATION-001,,visible_public_name,false,false,false,false,false,false,false,false,false,false,false
manor:manor_hx_49059,manor_working_final_ready,manor_hx_49059,manor,c_0,Alderwick,hx_49059,T1_direct_or_institutional_manor,crown_domain,Manor of Cressholt Hall,Manor of Cressholt Hall,Cressholt Hall,included_in_source_candidate_lock_view,accepted_unchanged,,,visible_public_name,false,false,false,false,false,false,false,false,false,false,false
manor:manor_hx_49337,manor_working_final_ready,manor_hx_49337,manor,c_0,Alderwick,hx_49337,T1_direct_or_institutional_manor,crown_domain,Manor of Aldwyke Hall,Manor of Aldwyke Hall,Aldwyke Hall,included_in_source_candidate_lock_view,accepted_unchanged,,,visible_public_name,false,false,false,false,false,false,false,false,false,false,false
manor:manor_hx_49617,manor_working_final_ready,manor_hx_49617,manor,c_0,Alderwick,hx_49617,T1_direct_or_institutional_manor,crown_domain,Manor of Stancote,Manor of Stancote,Stancote,included_in_source_candidate_lock_view,accepted_unchanged,,,visible_public_name,false,false,false,false,false,false,false,false,false,false,false
manor:manor_hx_49619,manor_working_final_ready,manor_hx_49619,manor,c_0,Alderwick,hx_49619,T1_direct_or_institutional_manor,crown_domain,Manor of Woldacre,Manor of Woldacre,Woldacre,included_in_source_candidate_lock_view,accepted_unchanged,,,visible_public_name,false,false,false,false,false,false,false,false,false,false,false
manor:manor_hx_49621,manor_working_final_ready,manor_hx_49621,manor,c_0,Alderwick,hx_49621,T1_direct_or_institutional_manor,crown_domain,Manor of Cressholt Court,Manor of Cressholt Court,Cressholt Court,included_in_source_candidate_lock_view,accepted_unchanged,,,visible_public_name,false,false,false,false,false,false,false,false,false,false,false
manor:manor_hx_49896,manor_working_final_ready,manor_hx_49896,manor,c_0,Alderwick,hx_49896,T1_direct_or_institutional_manor,crown_domain,Manor of Woldacre Hall,Manor of Woldacre Hall,Woldacre Hall,included_in_source_candidate_lock_view,accepted_unchanged,,,visible_public_name,false,false,false,false,false,false,false,false,false,false,false
manor:manor_hx_50457,manor_working_final_ready,manor_hx_50457,manor,c_0,Alderwick,hx_50457,T1_direct_or_institutional_manor,crown_domain,,Manor of Crownwell,Crownwell,included_in_working_authority_name_closure,approved_blank_name_closure_applied,V04-PLACE-MANOR-LCU-BLANK-NAME-AND-QA-PERSON-NAME-CLOSURE-MATERIALIZATION-001,,visible_public_name,false,false,false,false,false,false,false,false,false,false,false
manor:manor_hx_50458,manor_working_final_ready,manor_hx_50458,manor,c_0,Alderwick,hx_50458,T1_direct_or_institutional_manor,crown_domain,Manor of Woldacre Court,Manor of Woldacre Court,Woldacre Court,included_in_source_candidate_lock_view,accepted_unchanged,,,visible_public_name,false,false,false,false,false,false,false,false,false,false,false
manor:manor_hx_50464,manor_working_final_ready,manor_hx_50464,manor,c_0,Alderwick,hx_50464,T1_direct_or_institutional_manor,crown_domain,Manor of Thornhall,Manor of Thornhall,Thornhall,included_in_source_candidate_lock_view,accepted_unchanged,,,visible_public_name,false,false,false,false,false,false,false,false,false,false,false
manor:manor_hx_50736,manor_working_final_ready,manor_hx_50736,manor,c_0,Alderwick,hx_50736,T1_direct_or_institutional_manor,crown_domain,Manor of Oakleigh Hall,Manor of Oakleigh Hall,Oakleigh Hall,included_in_source_candidate_lock_view,accepted_unchanged,,,visible_public_name,false,false,false,false,false,false,false,false,false,false,false
manor:manor_hx_51022,manor_working_final_ready,manor_hx_51022,manor,c_0,Alderwick,hx_51022,T1_direct_or_institutional_manor,crown_domain,Manor of Redgate,Manor of Redgate,Redgate,included_in_source_candidate_lock_view,accepted_unchanged,,,visible_public_name,false,false,false,false,false,false,false,false,false,false,false
manor:manor_hx_51298,manor_working_final_ready,manor_hx_51298,manor,c_0,Alderwick,hx_51298,T1_direct_or_institutional_manor,crown_domain,Manor of Kingsthorne,Manor of Kingsthorne,Kingsthorne,included_in_source_candidate_lock_view,accepted_unchanged,,,visible_public_name,false,false,false,false,false,false,false,false,false,false,false
manor:manor_hx_51302,manor_working_final_ready,manor_hx_51302,manor,c_0,Alderwick,hx_51302,T1_direct_or_institutional_manor,crown_domain,Manor of Crownstow,Manor of Crownstow,Crownstow,included_in_source_candidate_lock_view,accepted_unchanged,,,visible_public_name,false,false,false,false,false,false,false,false,false,false,false
manor:manor_hx_51585,manor_working_final_ready,manor_hx_51585,manor,c_0,Alderwick,hx_51585,T1_direct_or_institutional_manor,crown_domain,Manor of North Alder,Manor of North Alder,North Alder,included_in_source_candidate_lock_view,accepted_unchanged,,,visible_public_name,false,false,false,false,false,false,false,false,false,false,false
manor:manor_hx_51857,manor_working_final_ready,manor_hx_51857,manor,c_0,Alderwick,hx_51857,T1_direct_or_institutional_manor,crown_domain,Manor of Kingsthorne Hall,Manor of Kingsthorne Hall,Kingsthorne Hall,included_in_source_candidate_lock_view,accepted_unchanged,,,visible_public_name,false,false,false,false,false,false,false,false,false,false,false
manor:manor_hx_51858,manor_working_final_ready,manor_hx_51858,manor,c_0,Alderwick,hx_51858,T1_direct_or_institutional_manor,crown_domain,Manor of Kingsthorne Court,Manor of Kingsthorne Court,Kingsthorne Court,included_in_source_candidate_lock_view,accepted_unchanged,,,visible_public_name,false,false,false,false,false,false,false,false,false,false,false
manor:manor_hx_51861,manor_working_final_ready,manor_hx_51861,manor,c_0,Alderwick,hx_51861,T1_direct_or_institutional_manor,crown_domain,,Crownwick Royal Demesne,Crownwick Royal Demesne,included_in_working_authority_name_closure,approved_blank_name_closure_applied,V04-PLACE-MANOR-LCU-BLANK-NAME-AND-QA-PERSON-NAME-CLOSURE-MATERIALIZATION-001,,visible_public_name,false,false,false,false,false,false,false,false,false,false,false
manor:manor_hx_52133,manor_working_final_ready,manor_hx_52133,manor,c_0,Alderwick,hx_52133,T1_direct_or_institutional_manor,crown_domain,Manor of Rookbury Court,Manor of Rookbury Court,Rookbury Court,included_in_source_candidate_lock_view,accepted_unchanged,,,visible_public_name,false,false,false,false,false,false,false,false,false,false,false
manor:manor_hx_52136,manor_working_final_ready,manor_hx_52136,manor,c_0,Alderwick,hx_52136,T1_direct_or_institutional_manor,crown_domain,Manor of Sallowshaw,Manor of Sallowshaw,Sallowshaw,included_in_source_candidate_lock_view,accepted_unchanged,,,visible_public_name,false,false,false,false,false,false,false,false,false,false,false
manor:manor_hx_52142,manor_working_final_ready,manor_hx_52142,manor,c_0,Alderwick,hx_52142,T1_direct_or_institutional_manor,crown_domain,,Manor of Redbury Ward,Redbury Ward,included_in_working_authority_name_closure,approved_blank_name_closure_applied,V04-PLACE-MANOR-LCU-BLANK-NAME-AND-QA-PERSON-NAME-CLOSURE-MATERIALIZATION-001,,visible_public_name,false,false,false,false,false,false,false,false,false,false,false
manor:manor_hx_52416,manor_working_final_ready,manor_hx_52416,manor,c_0,Alderwick,hx_52416,T1_direct_or_institutional_manor,crown_domain,Manor of Rookbury,Manor of Rookbury,Rookbury,included_in_source_candidate_lock_view,accepted_unchanged,,,visible_public_name,false,false,false,false,false,false,false,false,false,false,false
manor:manor_hx_52421,manor_working_final_ready,manor_hx_52421,manor,c_0,Alderwick,hx_52421,T1_direct_or_institutional_manor,crown_domain,Manor of Redcaster Hall,Manor of Redcaster Hall,Redcaster Hall,included_in_source_candidate_lock_view,accepted_unchanged,,,visible_public_name,false,false,false,false,false,false,false,false,false,false,false
manor:manor_hx_52698,manor_working_final_ready,manor_hx_52698,manor,c_0,Alderwick,hx_52698,T1_direct_or_institutional_manor,crown_domain,Manor of Redcaster,Manor of Redcaster,Redcaster,included_in_source_candidate_lock_view,accepted_unchanged,,,visible_public_name,false,false,false,false,false,false,false,false,false,false,false
manor:manor_hx_52702,manor_working_final_ready,manor_hx_52702,manor,c_0,Alderwick,hx_52702,T1_direct_or_institutional_manor,crown_domain,Manor of Wheatbury,Manor of Wheatbury,Wheatbury,included_in_source_candidate_lock_view,accepted_unchanged,,,visible_public_name,false,false,false,false,false,false,false,false,false,false,false
manor:manor_hx_53257,manor_working_final_ready,manor_hx_53257,manor,c_0,Alderwick,hx_53257,T1_direct_or_institutional_manor,crown_domain,Manor of Kingham,Manor of Kingham,Kingham,included_in_source_candidate_lock_view,accepted_unchanged,,,visible_public_name,false,false,false,false,false,false,false,false,false,false,false
manor:manor_hx_53261,manor_working_final_ready,manor_hx_53261,manor,c_0,Alderwick,hx_53261,T1_direct_or_institutional_manor,crown_domain,Manor of Redcaster Court,Manor of Redcaster Court,Redcaster Court,included_in_source_candidate_lock_view,accepted_unchanged,,,visible_public_name,false,false,false,false,false,false,false,false,false,false,false
manor:manor_hx_53819,manor_working_final_ready,manor_hx_53819,manor,c_0,Alderwick,hx_53819,T1_direct_or_institutional_manor,crown_domain,Manor of Ridgebury,Manor of Ridgebury,Ridgebury,included_in_source_candidate_lock_view,accepted_unchanged,,,visible_public_name,false,false,false,false,false,false,false,false,false,false,false
manor:manor_hx_54663,manor_working_final_ready,manor_hx_54663,manor,c_0,Alderwick,hx_54663,T1_direct_or_institutional_manor,crown_domain,Manor of Ridgebury Court,Manor of Ridgebury Court,Ridgebury Court,included_in_source_candidate_lock_view,accepted_unchanged,,,visible_public_name,false,false,false,false,false,false,false,false,false,false,false
manor:manor_hx_55221,manor_working_final_ready,manor_hx_55221,manor,c_0,Alderwick,hx_55221,T1_direct_or_institutional_manor,crown_domain,Manor of Kingcote,Manor of Kingcote,Kingcote,included_in_source_candidate_lock_view,accepted_unchanged,,,visible_public_name,false,false,false,false,false,false,false,false,false,false,false
manor:manor_hx_56057,manor_working_final_ready,manor_hx_56057,manor,c_0,Alderwick,hx_56057,T1_direct_or_institutional_manor,crown_domain,Manor of Crownfield,Manor of Crownfield,Crownfield,included_in_source_candidate_lock_view,accepted_unchanged,,,visible_public_name,false,false,false,false,false,false,false,false,false,false,false
manor:manor_hx_47084,manor_working_final_ready,manor_hx_47084,manor,c_0,Alderwick,hx_47084,T4_minor_or_low_capacity_manor,minor_lordship,Manor of Alderridge,Manor of Alderridge,Alderridge,included_in_source_candidate_lock_view,accepted_unchanged,,,visible_public_name,false,false,false,false,false,false,false,false,false,false,false
manor:manor_hx_47645,manor_working_final_ready,manor_hx_47645,manor,c_0,Alderwick,hx_47645,T4_minor_or_low_capacity_manor,minor_lordship,Manor of Abbeyworth Hall,Manor of Abbeyworth Hall,Abbeyworth Hall,included_in_source_candidate_lock_view,accepted_unchanged,,,visible_public_name,false,false,false,false,false,false,false,false,false,false,false
manor:manor_hx_47928,manor_working_final_ready,manor_hx_47928,manor,c_0,Alderwick,hx_47928,T3_high_capacity_ordinary_manor,minor_lordship,Manor of Redcliff Hall,Manor of Redcliff Hall,Redcliff Hall,included_in_source_candidate_lock_view,accepted_unchanged,,,visible_public_name,false,false,false,false,false,false,false,false,false,false,false
manor:manor_hx_48203,manor_working_final_ready,manor_hx_48203,manor,c_0,Alderwick,hx_48203,T4_minor_or_low_capacity_manor,minor_lordship,Manor of Crownfold Hall,Manor of Crownfold Hall,Crownfold Hall,included_in_source_candidate_lock_view,accepted_unchanged,,,visible_public_name,false,false,false,false,false,false,false,false,false,false,false
manor:manor_hx_48205,manor_working_final_ready,manor_hx_48205,manor,c_0,Alderwick,hx_48205,T4_minor_or_low_capacity_manor,minor_lordship,Manor of Crownfold,Manor of Crownfold,Crownfold,included_in_source_candidate_lock_view,accepted_unchanged,,,visible_public_name,false,false,false,false,false,false,false,false,false,false,false
manor:manor_hx_48489,manor_working_final_ready,manor_hx_48489,manor,c_0,Alderwick,hx_48489,T4_minor_or_low_capacity_manor,minor_lordship,Manor of Redcliff,Manor of Redcliff,Redcliff,included_in_source_candidate_lock_view,accepted_unchanged,,,visible_public_name,false,false,false,false,false,false,false,false,false,false,false
manor:manor_hx_48490,manor_working_final_ready,manor_hx_48490,manor,c_0,Alderwick,hx_48490,T4_minor_or_low_capacity_manor,minor_lordship,Manor of Redcliff Court,Manor of Redcliff Court,Redcliff Court,included_in_source_candidate_lock_view,accepted_unchanged,,,visible_public_name,false,false,false,false,false,false,false,false,false,false,false
manor:manor_hx_48494,manor_working_final_ready,manor_hx_48494,manor,c_0,Alderwick,hx_48494,T2_seat_complex_or_strategic_manor,minor_lordship,Manor of Aldwyke,Manor of Aldwyke,Aldwyke,included_in_source_candidate_lock_view,accepted_unchanged,,,visible_public_name,false,false,false,false,false,false,false,false,false,false,false
manor:manor_hx_49325,manor_working_final_ready,manor_hx_49325,manor,c_0,Alderwick,hx_49325,T4_minor_or_low_capacity_manor,minor_lordship,Manor of Hartedge Hall,Manor of Hartedge Hall,Hartedge Hall,included_in_source_candidate_lock_view,accepted_unchanged,,,visible_public_name,false,false,false,false,false,false,false,false,false,false,false
manor:manor_hx_49327,manor_working_final_ready,manor_hx_49327,manor,c_0,Alderwick,hx_49327,T3_high_capacity_ordinary_manor,minor_lordship,Manor of Hartedge Court,Manor of Hartedge Court,Hartedge Court,included_in_source_candidate_lock_view,accepted_unchanged,,,visible_public_name,false,false,false,false,false,false,false,false,false,false,false
manor:manor_hx_49331,manor_working_final_ready,manor_hx_49331,manor,c_0,Alderwick,hx_49331,T4_minor_or_low_capacity_manor,minor_lordship,Manor of Redhall Hall,Manor of Redhall Hall,Redhall Hall,included_in_source_candidate_lock_view,accepted_unchanged,,,visible_public_name,false,false,false,false,false,false,false,false,false,false,false
manor:manor_hx_49334,manor_working_final_ready,manor_hx_49334,manor,c_0,Alderwick,hx_49334,T4_minor_or_low_capacity_manor,minor_lordship,Manor of Aldwyke Court,Manor of Aldwyke Court,Aldwyke Court,included_in_source_candidate_lock_view,accepted_unchanged,,,visible_public_name,false,false,false,false,false,false,false,false,false,false,false
manor:manor_hx_49883,manor_working_final_ready,manor_hx_49883,manor,c_0,Alderwick,hx_49883,T4_minor_or_low_capacity_manor,minor_lordship,Manor of Oakbank,Manor of Oakbank,Oakbank,included_in_source_candidate_lock_view,accepted_unchanged,,,visible_public_name,false,false,false,false,false,false,false,false,false,false,false
manor:manor_hx_49888,manor_working_final_ready,manor_hx_49888,manor,c_0,Alderwick,hx_49888,T4_minor_or_low_capacity_manor,minor_lordship,Manor of Hartedge,Manor of Hartedge,Hartedge,included_in_source_candidate_lock_view,accepted_unchanged,,,visible_public_name,false,false,false,false,false,false,false,false,false,false,false
manor:manor_hx_49889,manor_working_final_ready,manor_hx_49889,manor,c_0,Alderwick,hx_49889,T4_minor_or_low_capacity_manor,minor_lordship,Manor of Redhall Court,Manor of Redhall Court,Redhall Court,included_in_source_candidate_lock_view,accepted_unchanged,,,visible_public_name,false,false,false,false,false,false,false,false,false,false,false
manor:manor_hx_49894,manor_working_final_ready,manor_hx_49894,manor,c_0,Alderwick,hx_49894,T2_seat_complex_or_strategic_manor,minor_lordship,Manor of Redhall,Manor of Redhall,Redhall,included_in_source_candidate_lock_view,accepted_unchanged,,,visible_public_name,false,false,false,false,false,false,false,false,false,false,false
manor:manor_hx_50446,manor_working_final_ready,manor_hx_50446,manor,c_0,Alderwick,hx_50446,T4_minor_or_low_capacity_manor,minor_lordship,Manor of Stanbarrow Hall,Manor of Stanbarrow Hall,Stanbarrow Hall,included_in_source_candidate_lock_view,accepted_unchanged,,,visible_public_name,false,false,false,false,false,false,false,false,false,false,false
manor:manor_hx_50454,manor_working_final_ready,manor_hx_50454,manor,c_0,Alderwick,hx_50454,T2_seat_complex_or_strategic_manor,minor_lordship,Manor of Oakleigh,Manor of Oakleigh,Oakleigh,included_in_source_candidate_lock_view,accepted_unchanged,,,visible_public_name,false,false,false,false,false,false,false,false,false,false,false
manor:manor_hx_50463,manor_working_final_ready,manor_hx_50463,manor,c_0,Alderwick,hx_50463,T4_minor_or_low_capacity_manor,minor_lordship,Manor of Cinder Court,Manor of Cinder Court,Cinder Court,included_in_source_candidate_lock_view,accepted_unchanged,,,visible_public_name,false,false,false,false,false,false,false,false,false,false,false
manor:manor_hx_50727,manor_working_final_ready,manor_hx_50727,manor,c_0,Alderwick,hx_50727,T4_minor_or_low_capacity_manor,minor_lordship,Manor of Stanbarrow Court,Manor of Stanbarrow Court,Stanbarrow Court,included_in_source_candidate_lock_view,accepted_unchanged,,,visible_public_name,false,false,false,false,false,false,false,false,false,false,false
manor:manor_hx_50729,manor_working_final_ready,manor_hx_50729,manor,c_0,Alderwick,hx_50729,T4_minor_or_low_capacity_manor,minor_lordship,Manor of Stanbarrow,Manor of Stanbarrow,Stanbarrow,included_in_source_candidate_lock_view,accepted_unchanged,,,visible_public_name,false,false,false,false,false,false,false,false,false,false,false
manor:manor_hx_50731,manor_working_final_ready,manor_hx_50731,manor,c_0,Alderwick,hx_50731,T4_minor_or_low_capacity_manor,minor_lordship,Manor of Oakleigh Court,Manor of Oakleigh Court,Oakleigh Court,included_in_source_candidate_lock_view,accepted_unchanged,,,visible_public_name,false,false,false,false,false,false,false,false,false,false,false
manor:manor_hx_51010,manor_working_final_ready,manor_hx_51010,manor,c_0,Alderwick,hx_51010,T4_minor_or_low_capacity_manor,minor_lordship,Manor of Woldham,Manor of Woldham,Woldham,included_in_source_candidate_lock_view,accepted_unchanged,,,visible_public_name,false,false,false,false,false,false,false,false,false,false,false
manor:manor_hx_51284,manor_working_final_ready,manor_hx_51284,manor,c_0,Alderwick,hx_51284,T4_minor_or_low_capacity_manor,minor_lordship,Manor of Kingfield,Manor of Kingfield,Kingfield,included_in_source_candidate_lock_view,accepted_unchanged,,,visible_public_name,false,false,false,false,false,false,false,false,false,false,false
manor:manor_hx_51287,manor_working_final_ready,manor_hx_51287,manor,c_0,Alderwick,hx_51287,T4_minor_or_low_capacity_manor,minor_lordship,Manor of Woldham Hall,Manor of Woldham Hall,Woldham Hall,included_in_source_candidate_lock_view,accepted_unchanged,,,visible_public_name,false,false,false,false,false,false,false,false,false,false,false
manor:manor_hx_51569,manor_working_final_ready,manor_hx_51569,manor,c_0,Alderwick,hx_51569,T4_minor_or_low_capacity_manor,minor_lordship,Manor of Woldham Court,Manor of Woldham Court,Woldham Court,included_in_source_candidate_lock_view,accepted_unchanged,,,visible_public_name,false,false,false,false,false,false,false,false,false,false,false
manor:manor_hx_53255,manor_working_final_ready,manor_hx_53255,manor,c_0,Alderwick,hx_53255,T3_high_capacity_ordinary_manor,minor_lordship,Manor of Goldcote,Manor of Goldcote,Goldcote,included_in_source_candidate_lock_view,accepted_unchanged,,,visible_public_name,false,false,false,false,false,false,false,false,false,false,false
manor:manor_hx_28278,manor_working_final_ready,manor_hx_28278,manor,c_1,Bramholt,hx_28278,T1_direct_or_institutional_manor,barony,Manor of Holtcross,Manor of Holtcross,Holtcross,included_in_source_candidate_lock_view,accepted_unchanged,,,visible_public_name,false,false,false,false,false,false,false,false,false,false,false
manor:manor_hx_29415,manor_working_final_ready,manor_hx_29415,manor,c_1,Bramholt,hx_29415,T1_direct_or_institutional_manor,barony,Manor of Woodham,Manor of Woodham,Woodham,included_in_source_candidate_lock_view,accepted_unchanged,,,visible_public_name,false,false,false,false,false,false,false,false,false,false,false
manor:manor_hx_29974,manor_working_final_ready,manor_hx_29974,manor,c_1,Bramholt,hx_29974,T1_direct_or_institutional_manor,barony,Manor of Crossfield Hall,Manor of Crossfield Hall,Crossfield Hall,included_in_source_candidate_lock_view,accepted_unchanged,,,visible_public_name,false,false,false,false,false,false,false,false,false,false,false
manor:manor_hx_32221,manor_working_final_ready,manor_hx_32221,manor,c_1,Bramholt,hx_32221,T1_direct_or_institutional_manor,barony,Manor of Broomwick Hall,Manor of Broomwick Hall,Broomwick Hall,included_in_source_candidate_lock_view,accepted_unchanged,,,visible_public_name,false,false,false,false,false,false,false,false,false,false,false
manor:manor_hx_32783,manor_working_final_ready,manor_hx_32783,manor,c_1,Bramholt,hx_32783,T1_direct_or_institutional_manor,barony,Manor of Fennelbrook Hall,Manor of Fennelbrook Hall,Fennelbrook Hall,included_in_source_candidate_lock_view,accepted_unchanged,,,visible_public_name,false,false,false,false,false,false,false,false,false,false,false
manor:manor_hx_33341,manor_working_final_ready,manor_hx_33341,manor,c_1,Bramholt,hx_33341,T1_direct_or_institutional_manor,barony,Manor of Fennelbrook Court,Manor of Fennelbrook Court,Fennelbrook Court,included_in_source_candidate_lock_view,accepted_unchanged,,,visible_public_name,false,false,false,false,false,false,false,false,false,false,false
manor:manor_hx_25193,manor_working_final_ready,manor_hx_25193,manor,c_1,Bramholt,hx_25193,T1_direct_or_institutional_manor,church_fief,Manor of Briarstow,Manor of Briarstow,Briarstow,included_in_source_candidate_lock_view,accepted_unchanged,,,visible_public_name,false,false,false,false,false,false,false,false,false,false,false
manor:manor_hx_26317,manor_working_final_ready,manor_hx_26317,manor,c_1,Bramholt,hx_26317,T1_direct_or_institutional_manor,church_fief,Manor of Elderham,Manor of Elderham,Elderham,included_in_source_candidate_lock_view,accepted_unchanged,,,visible_public_name,false,false,false,false,false,false,false,false,false,false,false
manor:manor_hx_26596,manor_working_final_ready,manor_hx_26596,manor,c_1,Bramholt,hx_26596,T1_direct_or_institutional_manor,church_fief,Manor of Clereton,Manor of Clereton,Clereton,included_in_source_candidate_lock_view,accepted_unchanged,,,visible_public_name,false,false,false,false,false,false,false,false,false,false,false
manor:manor_hx_26597,manor_working_final_ready,manor_hx_26597,manor,c_1,Bramholt,hx_26597,T1_direct_or_institutional_manor,church_fief,Manor of Broomley,Manor of Broomley,Broomley,included_in_source_candidate_lock_view,accepted_unchanged,,,visible_public_name,false,false,false,false,false,false,false,false,false,false,false
manor:manor_hx_27160,manor_working_final_ready,manor_hx_27160,manor,c_1,Bramholt,hx_27160,T1_direct_or_institutional_manor,church_fief,Manor of Ashcote,Manor of Ashcote,Ashcote,included_in_source_candidate_lock_view,accepted_unchanged,,,visible_public_name,false,false,false,false,false,false,false,false,false,false,false
manor:manor_hx_27725,manor_working_final_ready,manor_hx_27725,manor,c_1,Bramholt,hx_27725,T1_direct_or_institutional_manor,church_fief,Manor of Thornwell,Manor of Thornwell,Thornwell,included_in_source_candidate_lock_view,accepted_unchanged,,,visible_public_name,false,false,false,false,false,false,false,false,false,false,false
manor:manor_hx_28004,manor_working_final_ready,manor_hx_28004,manor,c_1,Bramholt,hx_28004,T1_direct_or_institutional_manor,church_fief,Manor of Stokeholt,Manor of Stokeholt,Stokeholt,included_in_source_candidate_lock_view,accepted_unchanged,,,visible_public_name,false,false,false,false,false,false,false,false,false,false,false
manor:manor_hx_28276,manor_working_final_ready,manor_hx_28276,manor,c_1,Bramholt,hx_28276,T1_direct_or_institutional_manor,church_fief,Manor of Oakenshaw,Manor of Oakenshaw,Oakenshaw,included_in_source_candidate_lock_view,accepted_unchanged,,,visible_public_name,false,false,false,false,false,false,false,false,false,false,false
manor:manor_hx_28841,manor_working_final_ready,manor_hx_28841,manor,c_1,Bramholt,hx_28841,T1_direct_or_institutional_manor,church_fief,Manor of Thornholt,Manor of Thornholt,Thornholt,included_in_source_candidate_lock_view,accepted_unchanged,,,visible_public_name,false,false,false,false,false,false,false,false,false,false,false
manor:manor_hx_28845,manor_working_final_ready,manor_hx_28845,manor,c_1,Bramholt,hx_28845,T1_direct_or_institutional_manor,church_fief,Manor of Wychbury,Manor of Wychbury,Wychbury,included_in_source_candidate_lock_view,accepted_unchanged,,,visible_public_name,false,false,false,false,false,false,false,false,false,false,false
manor:manor_hx_29119,manor_working_final_ready,manor_hx_29119,manor,c_1,Bramholt,hx_29119,T1_direct_or_institutional_manor,church_fief,Manor of Briarbrook,Manor of Briarbrook,Briarbrook,included_in_source_candidate_lock_view,accepted_unchanged,,,visible_public_name,false,false,false,false,false,false,false,false,false,false,false
manor:manor_hx_29123,manor_working_final_ready,manor_hx_29123,manor,c_1,Bramholt,hx_29123,T1_direct_or_institutional_manor,church_fief,Manor of Fennelwell,Manor of Fennelwell,Fennelwell,included_in_source_candidate_lock_view,accepted_unchanged,,,visible_public_name,false,false,false,false,false,false,false,false,false,false,false
manor:manor_hx_29691,manor_working_final_ready,manor_hx_29691,manor,c_1,Bramholt,hx_29691,T1_direct_or_institutional_manor,church_fief,Manor of Bramchester,Manor of Bramchester,Bramchester,included_in_source_candidate_lock_view,approved_multi_anchor_identity_core_or_prefixed_member,,place_identity_county_seat_complex_bramchester,visible_public_name,false,false,false,false,false,false,false,false,false,false,false
manor:manor_hx_30260,manor_working_final_ready,manor_hx_30260,manor,c_1,Bramholt,hx_30260,T1_direct_or_institutional_manor,church_fief,Manor of Mardenbury,Manor of Mardenbury,Mardenbury,included_in_source_candidate_lock_view,accepted_unchanged,,,visible_public_name,false,false,false,false,false,false,false,false,false,false,false
manor:manor_hx_30532,manor_working_final_ready,manor_hx_30532,manor,c_1,Bramholt,hx_30532,T1_direct_or_institutional_manor,church_fief,Manor of Wychstow,Manor of Wychstow,Wychstow,included_in_source_candidate_lock_view,accepted_unchanged,,,visible_public_name,false,false,false,false,false,false,false,false,false,false,false
manor:manor_hx_31094,manor_working_final_ready,manor_hx_31094,manor,c_1,Bramholt,hx_31094,T1_direct_or_institutional_manor,church_fief,Manor of Rillley,Manor of Rillley,Rillley,included_in_source_candidate_lock_view,accepted_unchanged,,,visible_public_name,false,false,false,false,false,false,false,false,false,false,false
manor:manor_hx_29126,manor_working_final_ready,manor_hx_29126,manor,c_1,Bramholt,hx_29126,T1_direct_or_institutional_manor,county_domain,Manor of Crossbury,Manor of Crossbury,Crossbury,included_in_source_candidate_lock_view,accepted_unchanged,,,visible_public_name,false,false,false,false,false,false,false,false,false,false,false
manor:manor_hx_30250,manor_working_final_ready,manor_hx_30250,manor,c_1,Bramholt,hx_30250,T1_direct_or_institutional_manor,county_domain,Manor of Wychstow Hall,Manor of Wychstow Hall,Wychstow Hall,included_in_source_candidate_lock_view,accepted_unchanged,,,visible_public_name,false,false,false,false,false,false,false,false,false,false,false
manor:manor_hx_30262,manor_working_final_ready,manor_hx_30262,manor,c_1,Bramholt,hx_30262,T1_direct_or_institutional_manor,county_domain,Manor of Broomford,Manor of Broomford,Broomford,included_in_source_candidate_lock_view,accepted_unchanged,,,visible_public_name,false,false,false,false,false,false,false,false,false,false,false
manor:manor_hx_30535,manor_working_final_ready,manor_hx_30535,manor,c_1,Bramholt,hx_30535,T1_direct_or_institutional_manor,county_domain,Manor of Crossfield,Manor of Crossfield,Crossfield,included_in_source_candidate_lock_view,accepted_unchanged,,,visible_public_name,false,false,false,false,false,false,false,false,false,false,false
manor:manor_hx_30812,manor_working_final_ready,manor_hx_30812,manor,c_1,Bramholt,hx_30812,T1_direct_or_institutional_manor,county_domain,Manor of Wychstow Court,Manor of Wychstow Court,Wychstow Court,included_in_source_candidate_lock_view,accepted_unchanged,,,visible_public_name,false,false,false,false,false,false,false,false,false,false,false
manor:manor_hx_31093,manor_working_final_ready,manor_hx_31093,manor,c_1,Bramholt,hx_31093,T1_direct_or_institutional_manor,county_domain,Manor of Clereworth,Manor of Clereworth,Clereworth,included_in_source_candidate_lock_view,accepted_unchanged,,,visible_public_name,false,false,false,false,false,false,false,false,false,false,false
manor:manor_hx_31100,manor_working_final_ready,manor_hx_31100,manor,c_1,Bramholt,hx_31100,T1_direct_or_institutional_manor,county_domain,Manor of Brookholt,Manor of Brookholt,Brookholt,included_in_source_candidate_lock_view,accepted_unchanged,,,visible_public_name,false,false,false,false,false,false,false,false,false,false,false
manor:manor_hx_31377,manor_working_final_ready,manor_hx_31377,manor,c_1,Bramholt,hx_31377,T1_direct_or_institutional_manor,county_domain,Manor of Broomwick,Manor of Broomwick,Broomwick,included_in_source_candidate_lock_view,accepted_unchanged,,,visible_public_name,false,false,false,false,false,false,false,false,false,false,false
manor:manor_hx_31653,manor_working_final_ready,manor_hx_31653,manor,c_1,Bramholt,hx_31653,T1_direct_or_institutional_manor,county_domain,Manor of Bramstow,Manor of Bramstow,Bramstow,included_in_source_candidate_lock_view,accepted_unchanged,,,visible_public_name,false,false,false,false,false,false,false,false,false,false,false
manor:manor_hx_31931,manor_working_final_ready,manor_hx_31931,manor,c_1,Bramholt,hx_31931,T1_direct_or_institutional_manor,county_domain,Manor of Bramstow Hall,Manor of Bramstow Hall,Bramstow Hall,included_in_source_candidate_lock_view,accepted_unchanged,,,visible_public_name,false,false,false,false,false,false,false,false,false,false,false
manor:manor_hx_32215,manor_working_final_ready,manor_hx_32215,manor,c_1,Bramholt,hx_32215,T1_direct_or_institutional_manor,county_domain,Manor of Bramstow Court,Manor of Bramstow Court,Bramstow Court,included_in_source_candidate_lock_view,accepted_unchanged,,,visible_public_name,false,false,false,false,false,false,false,false,false,false,false
manor:manor_hx_32219,manor_working_final_ready,manor_hx_32219,manor,c_1,Bramholt,hx_32219,T1_direct_or_institutional_manor,county_domain,Manor of Clerebrook,Manor of Clerebrook,Clerebrook,included_in_source_candidate_lock_view,accepted_unchanged,,,visible_public_name,false,false,false,false,false,false,false,false,false,false,false
manor:manor_hx_27726,manor_working_final_ready,manor_hx_27726,manor,c_1,Bramholt,hx_27726,T2_seat_complex_or_strategic_manor,minor_lordship,Manor of Elderend,Manor of Elderend,Elderend,included_in_source_candidate_lock_view,accepted_unchanged,,,visible_public_name,false,false,false,false,false,false,false,false,false,false,false
manor:manor_hx_28007,manor_working_final_ready,manor_hx_28007,manor,c_1,Bramholt,hx_28007,T2_seat_complex_or_strategic_manor,minor_lordship,Manor of Holtchapel,Manor of Holtchapel,Holtchapel,included_in_source_candidate_lock_view,accepted_unchanged,,,visible_public_name,false,false,false,false,false,false,false,false,false,false,false
manor:manor_hx_28569,manor_working_final_ready,manor_hx_28569,manor,c_1,Bramholt,hx_28569,T2_seat_complex_or_strategic_manor,minor_lordship,Manor of Holtstow,Manor of Holtstow,Holtstow,included_in_source_candidate_lock_view,accepted_unchanged,,,visible_public_name,false,false,false,false,false,false,false,false,false,false,false
manor:manor_hx_28570,manor_working_final_ready,manor_hx_28570,manor,c_1,Bramholt,hx_28570,T2_seat_complex_or_strategic_manor,minor_lordship,Manor of Elderhallow,Manor of Elderhallow,Elderhallow,included_in_source_candidate_lock_view,accepted_unchanged,,,visible_public_name,false,false,false,false,false,false,false,false,false,false,false
manor:manor_hx_28572,manor_working_final_ready,manor_hx_28572,manor,c_1,Bramholt,hx_28572,T2_seat_complex_or_strategic_manor,minor_lordship,Manor of Stokepriory,Manor of Stokepriory,Stokepriory,included_in_source_candidate_lock_view,accepted_unchanged,,,visible_public_name,false,false,false,false,false,false,false,false,false,false,false
manor:manor_hx_28855,manor_working_final_ready,manor_hx_28855,manor,c_1,Bramholt,hx_28855,T2_seat_complex_or_strategic_manor,minor_lordship,Manor of Coppiceholt,Manor of Coppiceholt,Coppiceholt,included_in_source_candidate_lock_view,accepted_unchanged,,,visible_public_name,false,false,false,false,false,false,false,false,false,false,false
manor:manor_hx_29127,manor_working_final_ready,manor_hx_29127,manor,c_1,Bramholt,hx_29127,T2_seat_complex_or_strategic_manor,minor_lordship,Manor of Bramcross,Manor of Bramcross,Bramcross,included_in_source_candidate_lock_view,accepted_unchanged,,,visible_public_name,false,false,false,false,false,false,false,false,false,false,false
manor:manor_hx_29138,manor_working_final_ready,manor_hx_29138,manor,c_1,Bramholt,hx_29138,T2_seat_complex_or_strategic_manor,minor_lordship,Manor of Bramshaw,Manor of Bramshaw,Bramshaw,included_in_source_candidate_lock_view,accepted_unchanged,,,visible_public_name,false,false,false,false,false,false,false,false,false,false,false
manor:manor_hx_29403,manor_working_final_ready,manor_hx_29403,manor,c_1,Bramholt,hx_29403,T2_seat_complex_or_strategic_manor,minor_lordship,Manor of Briarbridge,Manor of Briarbridge,Briarbridge,included_in_source_candidate_lock_view,accepted_unchanged,,,visible_public_name,false,false,false,false,false,false,false,false,false,false,false
manor:manor_hx_29404,manor_working_final_ready,manor_hx_29404,manor,c_1,Bramholt,hx_29404,T2_seat_complex_or_strategic_manor,minor_lordship,Manor of Holtacre,Manor of Holtacre,Holtacre,included_in_source_candidate_lock_view,accepted_unchanged,,,visible_public_name,false,false,false,false,false,false,false,false,false,false,false
manor:manor_hx_29407,manor_working_final_ready,manor_hx_29407,manor,c_1,Bramholt,hx_29407,T2_seat_complex_or_strategic_manor,minor_lordship,Manor of Stokegate,Manor of Stokegate,Stokegate,included_in_source_candidate_lock_view,accepted_unchanged,,,visible_public_name,false,false,false,false,false,false,false,false,false,false,false
manor:manor_hx_29688,manor_working_final_ready,manor_hx_29688,manor,c_1,Bramholt,hx_29688,T2_seat_complex_or_strategic_manor,minor_lordship,Manor of Hazelworth,Manor of Hazelworth,Hazelworth,included_in_source_candidate_lock_view,accepted_unchanged,,,visible_public_name,false,false,false,false,false,false,false,false,false,false,false
manor:manor_hx_29698,manor_working_final_ready,manor_hx_29698,manor,c_1,Bramholt,hx_29698,T2_seat_complex_or_strategic_manor,minor_lordship,Manor of Ashstreet,Manor of Ashstreet,Ashstreet,included_in_source_candidate_lock_view,accepted_unchanged,,,visible_public_name,false,false,false,false,false,false,false,false,false,false,false
manor:manor_hx_29966,manor_working_final_ready,manor_hx_29966,manor,c_1,Bramholt,hx_29966,T2_seat_complex_or_strategic_manor,minor_lordship,Manor of Crossbank,Manor of Crossbank,Crossbank,included_in_source_candidate_lock_view,accepted_unchanged,,,visible_public_name,false,false,false,false,false,false,false,false,false,false,false
manor:manor_hx_29968,manor_working_final_ready,manor_hx_29968,manor,c_1,Bramholt,hx_29968,T2_seat_complex_or_strategic_manor,minor_lordship,Manor of Clereshaw,Manor of Clereshaw,Clereshaw,included_in_source_candidate_lock_view,accepted_unchanged,,,visible_public_name,false,false,false,false,false,false,false,false,false,false,false
manor:manor_hx_30258,manor_working_final_ready,manor_hx_30258,manor,c_1,Bramholt,hx_30258,T2_seat_complex_or_strategic_manor,minor_lordship,Manor of Thornham,Manor of Thornfold,Thornfold,included_in_source_candidate_lock_view,approved_name_repair_applied,PNC-REPAIR-014,,visible_public_name,false,false,false,false,false,false,false,false,false,false,false
manor:manor_hx_30533,manor_working_final_ready,manor_hx_30533,manor,c_1,Bramholt,hx_30533,T4_minor_or_low_capacity_manor,minor_lordship,Manor of Crossfield Court,Manor of Crossfield Court,Crossfield Court,included_in_source_candidate_lock_view,accepted_unchanged,,,visible_public_name,false,false,false,false,false,false,false,false,false,false,false
manor:manor_hx_30543,manor_working_final_ready,manor_hx_30543,manor,c_1,Bramholt,hx_30543,T2_seat_complex_or_strategic_manor,minor_lordship,Manor of Hazelstead,Manor of Hazelbrook,Hazelbrook,included_in_source_candidate_lock_view,approved_name_repair_applied,PNC-REPAIR-010,,visible_public_name,false,false,false,false,false,false,false,false,false,false,false
manor:manor_hx_30822,manor_working_final_ready,manor_hx_30822,manor,c_1,Bramholt,hx_30822,T2_seat_complex_or_strategic_manor,minor_lordship,Manor of Coppiceton,Manor of Coppiceton,Coppiceton,included_in_source_candidate_lock_view,accepted_unchanged,,,visible_public_name,false,false,false,false,false,false,false,false,false,false,false
manor:manor_hx_31089,manor_working_final_ready,manor_hx_31089,manor,c_1,Bramholt,hx_31089,T2_seat_complex_or_strategic_manor,minor_lordship,Manor of Brookbarrow,Manor of Brookbarrow,Brookbarrow,included_in_source_candidate_lock_view,accepted_unchanged,,,visible_public_name,false,false,false,false,false,false,false,false,false,false,false
manor:manor_hx_31102,manor_working_final_ready,manor_hx_31102,manor,c_1,Bramholt,hx_31102,T2_seat_complex_or_strategic_manor,minor_lordship,Manor of Wychwell,Manor of Wychwell,Wychwell,included_in_source_candidate_lock_view,accepted_unchanged,,,visible_public_name,false,false,false,false,false,false,false,false,false,false,false
manor:manor_hx_31941,manor_working_final_ready,manor_hx_31941,manor,c_1,Bramholt,hx_31941,T4_minor_or_low_capacity_manor,minor_lordship,Manor of Broomwick Court,Manor of Broomwick Court,Broomwick Court,included_in_source_candidate_lock_view,accepted_unchanged,,,visible_public_name,false,false,false,false,false,false,false,false,false,false,false
manor:manor_hx_32780,manor_working_final_ready,manor_hx_32780,manor,c_1,Bramholt,hx_32780,T4_minor_or_low_capacity_manor,minor_lordship,Manor of Fennelbrook,Manor of Fennelbrook,Fennelbrook,included_in_source_candidate_lock_view,accepted_unchanged,,,visible_public_name,false,false,false,false,false,false,false,false,false,false,false
manor:manor_hx_37256,manor_working_final_ready,manor_hx_37256,manor,c_10,Falkenford,hx_37256,T1_direct_or_institutional_manor,barony,Manor of Hawkley,Manor of Hawkley,Hawkley,included_in_source_candidate_lock_view,accepted_unchanged,,,visible_public_name,false,false,false,false,false,false,false,false,false,false,false
manor:manor_hx_37816,manor_working_final_ready,manor_hx_37816,manor,c_10,Falkenford,hx_37816,T1_direct_or_institutional_manor,barony,Manor of Northbury,Manor of Northbury,Northbury,included_in_source_candidate_lock_view,accepted_unchanged,,,visible_public_name,false,false,false,false,false,false,false,false,false,false,false
manor:manor_hx_37817,manor_working_final_ready,manor_hx_37817,manor,c_10,Falkenford,hx_37817,T1_direct_or_institutional_manor,barony,Manor of Kiteham,Manor of Kiteham,Kiteham,included_in_source_candidate_lock_view,accepted_unchanged,,,visible_public_name,false,false,false,false,false,false,false,false,false,false,false
manor:manor_hx_38940,manor_working_final_ready,manor_hx_38940,manor,c_10,Falkenford,hx_38940,T1_direct_or_institutional_manor,barony,Manor of Bridgecote Hall,Manor of Bridgecote Hall,Bridgecote Hall,included_in_source_candidate_lock_view,accepted_unchanged,,,visible_public_name,false,false,false,false,false,false,false,false,false,false,false
manor:manor_hx_39502,manor_working_final_ready,manor_hx_39502,manor,c_10,Falkenford,hx_39502,T1_direct_or_institutional_manor,barony,Manor of Greyford,Manor of Greyford,Greyford,included_in_source_candidate_lock_view,accepted_unchanged,,,visible_public_name,false,false,false,false,false,false,false,false,false,false,false
manor:manor_hx_40063,manor_working_final_ready,manor_hx_40063,manor,c_10,Falkenford,hx_40063,T1_direct_or_institutional_manor,barony,Manor of Shieldham,Manor of Shieldham,Shieldham,included_in_source_candidate_lock_view,accepted_unchanged,,,visible_public_name,false,false,false,false,false,false,false,false,false,false,false
manor:manor_hx_40345,manor_working_final_ready,manor_hx_40345,manor,c_10,Falkenford,hx_40345,T1_direct_or_institutional_manor,barony,Manor of Shieldham Hall,Manor of Shieldham Hall,Shieldham Hall,included_in_source_candidate_lock_view,accepted_unchanged,,,visible_public_name,false,false,false,false,false,false,false,false,false,false,false
manor:manor_hx_45109,manor_working_final_ready,manor_hx_45109,manor,c_10,Falkenford,hx_45109,T1_direct_or_institutional_manor,barony,Manor of Hawkmere,Manor of Hawkmere,Hawkmere,included_in_source_candidate_lock_view,accepted_unchanged,,,visible_public_name,false,false,false,false,false,false,false,false,false,false,false
manor:manor_hx_45388,manor_working_final_ready,manor_hx_45388,manor,c_10,Falkenford,hx_45388,T1_direct_or_institutional_manor,barony,Manor of Bannerham Hall,Manor of Bannerham Hall,Bannerham Hall,included_in_source_candidate_lock_view,accepted_unchanged,,,visible_public_name,false,false,false,false,false,false,false,false,false,false,false
manor:manor_hx_39221,manor_working_final_ready,manor_hx_39221,manor,c_10,Falkenford,hx_39221,T1_direct_or_institutional_manor,church_fief,Manor of Falkenbridge,Manor of Falkenbridge,Falkenbridge,included_in_source_candidate_lock_view,approved_multi_anchor_identity_core_or_prefixed_member,,place_identity_county_seat_complex_falkenbridge,visible_public_name,false,false,false,false,false,false,false,false,false,false,false
manor:manor_hx_44263,manor_working_final_ready,manor_hx_44263,manor,c_10,Falkenford,hx_44263,T1_direct_or_institutional_manor,church_fief,Manor of Redstow,Manor of Redstow,Redstow,included_in_source_candidate_lock_view,accepted_unchanged,,,visible_public_name,false,false,false,false,false,false,false,false,false,false,false
manor:manor_hx_40346,manor_working_final_ready,manor_hx_40346,manor,c_10,Falkenford,hx_40346,T1_direct_or_institutional_manor,county_domain,Manor of Kiteton Hall,Manor of Kiteton Hall,Kiteton Hall,included_in_source_candidate_lock_view,accepted_unchanged,,,visible_public_name,false,false,false,false,false,false,false,false,false,false,false
manor:manor_hx_40910,manor_working_final_ready,manor_hx_40910,manor,c_10,Falkenford,hx_40910,T1_direct_or_institutional_manor,county_domain,Manor of Kiteford,Manor of Kiteford,Kiteford,included_in_source_candidate_lock_view,accepted_unchanged,,,visible_public_name,false,false,false,false,false,false,false,false,false,false,false
manor:manor_hx_41187,manor_working_final_ready,manor_hx_41187,manor,c_10,Falkenford,hx_41187,T1_direct_or_institutional_manor,county_domain,Manor of Kiteton Court,Manor of Kiteton Court,Kiteton Court,included_in_source_candidate_lock_view,accepted_unchanged,,,visible_public_name,false,false,false,false,false,false,false,false,false,false,false
manor:manor_hx_41475,manor_working_final_ready,manor_hx_41475,manor,c_10,Falkenford,hx_41475,T1_direct_or_institutional_manor,county_domain,Manor of Oatenstead Hall,Manor of Oatenstead Hall,Oatenstead Hall,included_in_source_candidate_lock_view,accepted_unchanged,,,visible_public_name,false,false,false,false,false,false,false,false,false,false,false
manor:manor_hx_41752,manor_working_final_ready,manor_hx_41752,manor,c_10,Falkenford,hx_41752,T1_direct_or_institutional_manor,county_domain,Manor of Ashhall,Manor of Ashhall,Ashhall,included_in_source_candidate_lock_view,accepted_unchanged,,,visible_public_name,false,false,false,false,false,false,false,false,false,false,false
manor:manor_hx_36130,manor_working_final_ready,manor_hx_36130,manor,c_10,Falkenford,hx_36130,T3_high_capacity_ordinary_manor,minor_lordship,Manor of Grimton Hall,Manor of Grimton Hall,Grimton Hall,included_in_source_candidate_lock_view,accepted_unchanged,,,visible_public_name,false,false,false,false,false,false,false,false,false,false,false
manor:manor_hx_36696,manor_working_final_ready,manor_hx_36696,manor,c_10,Falkenford,hx_36696,T4_minor_or_low_capacity_manor,minor_lordship,Manor of Gatefield,Manor of Gatefield,Gatefield,included_in_source_candidate_lock_view,accepted_unchanged,,,visible_public_name,false,false,false,false,false,false,false,false,false,false,false
manor:manor_hx_36973,manor_working_final_ready,manor_hx_36973,manor,c_10,Falkenford,hx_36973,T4_minor_or_low_capacity_manor,minor_lordship,,Manor of Hawkfold,Hawkfold,included_in_working_authority_name_closure,approved_blank_name_closure_applied,V04-PLACE-MANOR-LCU-BLANK-NAME-AND-QA-PERSON-NAME-CLOSURE-MATERIALIZATION-001,,visible_public_name,false,false,false,false,false,false,false,false,false,false,false
manor:manor_hx_36975,manor_working_final_ready,manor_hx_36975,manor,c_10,Falkenford,hx_36975,T4_minor_or_low_capacity_manor,minor_lordship,Manor of Falkengate,Manor of Falkengate,Falkengate,included_in_source_candidate_lock_view,accepted_unchanged,,,visible_public_name,false,false,false,false,false,false,false,false,false,false,false
manor:manor_hx_37534,manor_working_final_ready,manor_hx_37534,manor,c_10,Falkenford,hx_37534,T4_minor_or_low_capacity_manor,minor_lordship,Manor of Falkenstow,Manor of Falkenstow,Falkenstow,included_in_source_candidate_lock_view,accepted_unchanged,,,visible_public_name,false,false,false,false,false,false,false,false,false,false,false
manor:manor_hx_37539,manor_working_final_ready,manor_hx_37539,manor,c_10,Falkenford,hx_37539,T3_high_capacity_ordinary_manor,minor_lordship,Manor of Kiteham Hall,Manor of Kiteham Hall,Kiteham Hall,included_in_source_candidate_lock_view,accepted_unchanged,,,visible_public_name,false,false,false,false,false,false,false,false,false,false,false
manor:manor_hx_38095,manor_working_final_ready,manor_hx_38095,manor,c_10,Falkenford,hx_38095,T4_minor_or_low_capacity_manor,minor_lordship,Manor of Spearwick Hall,Manor of Spearwick Hall,Spearwick Hall,included_in_source_candidate_lock_view,accepted_unchanged,,,visible_public_name,false,false,false,false,false,false,false,false,false,false,false
manor:manor_hx_38101,manor_working_final_ready,manor_hx_38101,manor,c_10,Falkenford,hx_38101,T4_minor_or_low_capacity_manor,minor_lordship,Manor of WatchHurst,Manor of Watchhurst,Watchhurst,included_in_source_candidate_lock_view,accepted_with_postlock_place_anchor_style_quality_repair,V04-PLACE-ANCHOR-STYLE-QUALITY-MATERIALIZATION-001,,visible_public_name,false,false,false,false,false,false,false,false,false,false,false
manor:manor_hx_38104,manor_working_final_ready,manor_hx_38104,manor,c_10,Falkenford,hx_38104,T4_minor_or_low_capacity_manor,minor_lordship,Manor of Marchfield,Manor of Marchfield,Marchfield,included_in_source_candidate_lock_view,accepted_unchanged,,,visible_public_name,false,false,false,false,false,false,false,false,false,false,false
manor:manor_hx_38376,manor_working_final_ready,manor_hx_38376,manor,c_10,Falkenford,hx_38376,T4_minor_or_low_capacity_manor,minor_lordship,Manor of Spearwick,Manor of Spearwick,Spearwick,included_in_source_candidate_lock_view,accepted_unchanged,,,visible_public_name,false,false,false,false,false,false,false,false,false,false,false
manor:manor_hx_38655,manor_working_final_ready,manor_hx_38655,manor,c_10,Falkenford,hx_38655,T4_minor_or_low_capacity_manor,minor_lordship,Manor of Spearwick Court,Manor of Spearwick Court,Spearwick Court,included_in_source_candidate_lock_view,accepted_unchanged,,,visible_public_name,false,false,false,false,false,false,false,false,false,false,false
manor:manor_hx_38663,manor_working_final_ready,manor_hx_38663,manor,c_10,Falkenford,hx_38663,T3_high_capacity_ordinary_manor,minor_lordship,Manor of Sentry Croft,Manor of Sentry Croft,Sentry Croft,included_in_source_candidate_lock_view,accepted_unchanged,,,visible_public_name,false,false,false,false,false,false,false,false,false,false,false
manor:manor_hx_38936,manor_working_final_ready,manor_hx_38936,manor,c_10,Falkenford,hx_38936,T4_minor_or_low_capacity_manor,minor_lordship,Manor of Redham,Manor of Redham,Redham,included_in_source_candidate_lock_view,accepted_unchanged,,,visible_public_name,false,false,false,false,false,false,false,false,false,false,false
manor:manor_hx_38938,manor_working_final_ready,manor_hx_38938,manor,c_10,Falkenford,hx_38938,T4_minor_or_low_capacity_manor,minor_lordship,Manor of Bridgecote Court,Manor of Bridgecote Court,Bridgecote Court,included_in_source_candidate_lock_view,accepted_unchanged,,,visible_public_name,false,false,false,false,false,false,false,false,false,false,false
manor:manor_hx_38941,manor_working_final_ready,manor_hx_38941,manor,c_10,Falkenford,hx_38941,T4_minor_or_low_capacity_manor,minor_lordship,Manor of Sentry Stead,Manor of Sentry Stead,Sentry Stead,included_in_source_candidate_lock_view,accepted_unchanged,,,visible_public_name,false,false,false,false,false,false,false,false,false,false,false
manor:manor_hx_39220,manor_working_final_ready,manor_hx_39220,manor,c_10,Falkenford,hx_39220,T4_minor_or_low_capacity_manor,minor_lordship,Manor of Bridgecote,Manor of Bridgecote,Bridgecote,included_in_source_candidate_lock_view,accepted_unchanged,,,visible_public_name,false,false,false,false,false,false,false,false,false,false,false
manor:manor_hx_39225,manor_working_final_ready,manor_hx_39225,manor,c_10,Falkenford,hx_39225,T4_minor_or_low_capacity_manor,minor_lordship,Manor of Bridgeford,Manor of Bridgeford,Bridgeford,included_in_source_candidate_lock_view,accepted_unchanged,,,visible_public_name,false,false,false,false,false,false,false,false,false,false,false
manor:manor_hx_39496,manor_working_final_ready,manor_hx_39496,manor,c_10,Falkenford,hx_39496,T4_minor_or_low_capacity_manor,minor_lordship,Manor of East Croft,Manor of East Croft,East Croft,included_in_source_candidate_lock_view,accepted_unchanged,,,visible_public_name,false,false,false,false,false,false,false,false,false,false,false
manor:manor_hx_39506,manor_working_final_ready,manor_hx_39506,manor,c_10,Falkenford,hx_39506,T4_minor_or_low_capacity_manor,minor_lordship,Manor of Roadwick,Manor of Roadwick,Roadwick,included_in_source_candidate_lock_view,accepted_unchanged,,,visible_public_name,false,false,false,false,false,false,false,false,false,false,false
manor:manor_hx_39507,manor_working_final_ready,manor_hx_39507,manor,c_10,Falkenford,hx_39507,T4_minor_or_low_capacity_manor,minor_lordship,Manor of Bannerstreet,Manor of Bannerstreet,Bannerstreet,included_in_source_candidate_lock_view,accepted_unchanged,,,visible_public_name,false,false,false,false,false,false,false,false,false,false,false
manor:manor_hx_39509,manor_working_final_ready,manor_hx_39509,manor,c_10,Falkenford,hx_39509,T3_high_capacity_ordinary_manor,minor_lordship,Manor of FordStead,Manor of FordStead,FordStead,included_in_source_candidate_lock_view,accepted_unchanged,,,visible_public_name,false,false,false,false,false,false,false,false,false,false,false
manor:manor_hx_39778,manor_working_final_ready,manor_hx_39778,manor,c_10,Falkenford,hx_39778,T4_minor_or_low_capacity_manor,minor_lordship,Manor of Ashstow,Manor of Ashstow,Ashstow,included_in_source_candidate_lock_view,accepted_unchanged,,,visible_public_name,false,false,false,false,false,false,false,false,false,false,false
manor:manor_hx_40060,manor_working_final_ready,manor_hx_40060,manor,c_10,Falkenford,hx_40060,T4_minor_or_low_capacity_manor,minor_lordship,Manor of Watchfield,Manor of Watchfield,Watchfield,included_in_source_candidate_lock_view,accepted_unchanged,,,visible_public_name,false,false,false,false,false,false,false,false,false,false,false
manor:manor_hx_40336,manor_working_final_ready,manor_hx_40336,manor,c_10,Falkenford,hx_40336,T4_minor_or_low_capacity_manor,minor_lordship,Manor of WatchWatch,Manor of Watchley,Watchley,included_in_source_candidate_lock_view,accepted_with_postlock_place_anchor_style_quality_repair,V04-PLACE-ANCHOR-STYLE-QUALITY-MATERIALIZATION-001,,visible_public_name,false,false,false,false,false,false,false,false,false,false,false
manor:manor_hx_40338,manor_working_final_ready,manor_hx_40338,manor,c_10,Falkenford,hx_40338,T4_minor_or_low_capacity_manor,minor_lordship,Manor of Watchfield Hall,Manor of Watchfield Hall,Watchfield Hall,included_in_source_candidate_lock_view,accepted_unchanged,,,visible_public_name,false,false,false,false,false,false,false,false,false,false,false
manor:manor_hx_40900,manor_working_final_ready,manor_hx_40900,manor,c_10,Falkenford,hx_40900,T4_minor_or_low_capacity_manor,minor_lordship,Manor of Watchfield Court,Manor of Watchfield Court,Watchfield Court,included_in_source_candidate_lock_view,accepted_unchanged,,,visible_public_name,false,false,false,false,false,false,false,false,false,false,false
manor:manor_hx_40903,manor_working_final_ready,manor_hx_40903,manor,c_10,Falkenford,hx_40903,T2_seat_complex_or_strategic_manor,minor_lordship,Manor of Shieldham Court,Manor of Shieldham Court,Shieldham Court,included_in_source_candidate_lock_view,accepted_unchanged,,,visible_public_name,false,false,false,false,false,false,false,false,false,false,false
manor:manor_hx_40909,manor_working_final_ready,manor_hx_40909,manor,c_10,Falkenford,hx_40909,T2_seat_complex_or_strategic_manor,minor_lordship,Manor of Kiteton,Manor of Kiteton,Kiteton,included_in_source_candidate_lock_view,accepted_unchanged,,,visible_public_name,false,false,false,false,false,false,false,false,false,false,false
manor:manor_hx_41179,manor_working_final_ready,manor_hx_41179,manor,c_10,Falkenford,hx_41179,T4_minor_or_low_capacity_manor,minor_lordship,Manor of WardCourt,Manor of Wardcourt,Wardcourt,included_in_source_candidate_lock_view,accepted_with_postlock_place_anchor_style_quality_repair,V04-PLACE-ANCHOR-STYLE-QUALITY-MATERIALIZATION-001,,visible_public_name,false,false,false,false,false,false,false,false,false,false,false
manor:manor_hx_41186,manor_working_final_ready,manor_hx_41186,manor,c_10,Falkenford,hx_41186,T2_seat_complex_or_strategic_manor,minor_lordship,Manor of EastBower,Manor of Eastbower,Eastbower,included_in_source_candidate_lock_view,accepted_with_postlock_place_anchor_style_quality_repair,V04-PLACE-ANCHOR-STYLE-QUALITY-MATERIALIZATION-001,,visible_public_name,false,false,false,false,false,false,false,false,false,false,false
manor:manor_hx_41462,manor_working_final_ready,manor_hx_41462,manor,c_10,Falkenford,hx_41462,T4_minor_or_low_capacity_manor,minor_lordship,Manor of Ashwick,Manor of Ashwick,Ashwick,included_in_source_candidate_lock_view,accepted_unchanged,,,visible_public_name,false,false,false,false,false,false,false,false,false,false,false
manor:manor_hx_41744,manor_working_final_ready,manor_hx_41744,manor,c_10,Falkenford,hx_41744,T4_minor_or_low_capacity_manor,minor_lordship,Manor of SentryCourt,Manor of Sentrycourt,Sentrycourt,included_in_source_candidate_lock_view,accepted_with_postlock_place_anchor_style_quality_repair,V04-PLACE-ANCHOR-STYLE-QUALITY-MATERIALIZATION-001,,visible_public_name,false,false,false,false,false,false,false,false,false,false,false
manor:manor_hx_41746,manor_working_final_ready,manor_hx_41746,manor,c_10,Falkenford,hx_41746,T2_seat_complex_or_strategic_manor,minor_lordship,Manor of Gatebridge,Manor of Gatebridge,Gatebridge,included_in_source_candidate_lock_view,accepted_unchanged,,,visible_public_name,false,false,false,false,false,false,false,false,false,false,false
manor:manor_hx_42031,manor_working_final_ready,manor_hx_42031,manor,c_10,Falkenford,hx_42031,T4_minor_or_low_capacity_manor,minor_lordship,Manor of FalconHurst,Manor of Falconhurst,Falconhurst,included_in_source_candidate_lock_view,accepted_with_postlock_place_anchor_style_quality_repair,V04-PLACE-ANCHOR-STYLE-QUALITY-MATERIALIZATION-001,,visible_public_name,false,false,false,false,false,false,false,false,false,false,false
manor:manor_hx_42032,manor_working_final_ready,manor_hx_42032,manor,c_10,Falkenford,hx_42032,T4_minor_or_low_capacity_manor,minor_lordship,Manor of Marchbridge,Manor of Marchbridge,Marchbridge,included_in_source_candidate_lock_view,accepted_unchanged,,,visible_public_name,false,false,false,false,false,false,false,false,false,false,false
manor:manor_hx_42034,manor_working_final_ready,manor_hx_42034,manor,c_10,Falkenford,hx_42034,T3_high_capacity_ordinary_manor,minor_lordship,Manor of ShieldWatch,Manor of Shieldwatch,Shieldwatch,included_in_source_candidate_lock_view,accepted_with_postlock_place_anchor_style_quality_repair,V04-PLACE-ANCHOR-STYLE-QUALITY-MATERIALIZATION-001,,visible_public_name,false,false,false,false,false,false,false,false,false,false,false
manor:manor_hx_42036,manor_working_final_ready,manor_hx_42036,manor,c_10,Falkenford,hx_42036,T4_minor_or_low_capacity_manor,minor_lordship,Manor of Spearton,Manor of Spearton,Spearton,included_in_source_candidate_lock_view,accepted_unchanged,,,visible_public_name,false,false,false,false,false,false,false,false,false,false,false
manor:manor_hx_42304,manor_working_final_ready,manor_hx_42304,manor,c_10,Falkenford,hx_42304,T3_high_capacity_ordinary_manor,minor_lordship,Manor of Gatecote Hall,Manor of Gatecote Hall,Gatecote Hall,included_in_source_candidate_lock_view,accepted_unchanged,,,visible_public_name,false,false,false,false,false,false,false,false,false,false,false
manor:manor_hx_42307,manor_working_final_ready,manor_hx_42307,manor,c_10,Falkenford,hx_42307,T4_minor_or_low_capacity_manor,minor_lordship,Manor of Ashham,Manor of Ashham,Ashham,included_in_source_candidate_lock_view,accepted_unchanged,,,visible_public_name,false,false,false,false,false,false,false,false,false,false,false
manor:manor_hx_42310,manor_working_final_ready,manor_hx_42310,manor,c_10,Falkenford,hx_42310,T4_minor_or_low_capacity_manor,minor_lordship,Manor of Ashham Hall,Manor of Ashham Hall,Ashham Hall,included_in_source_candidate_lock_view,accepted_unchanged,,,visible_public_name,false,false,false,false,false,false,false,false,false,false,false
manor:manor_hx_42586,manor_working_final_ready,manor_hx_42586,manor,c_10,Falkenford,hx_42586,T4_minor_or_low_capacity_manor,minor_lordship,Manor of Gatecote,Manor of Gatecote,Gatecote,included_in_source_candidate_lock_view,accepted_unchanged,,,visible_public_name,false,false,false,false,false,false,false,false,false,false,false
manor:manor_hx_42858,manor_working_final_ready,manor_hx_42858,manor,c_10,Falkenford,hx_42858,T4_minor_or_low_capacity_manor,minor_lordship,Manor of Falconworth Hall,Manor of Falconworth Hall,Falconworth Hall,included_in_source_candidate_lock_view,accepted_unchanged,,,visible_public_name,false,false,false,false,false,false,false,false,false,false,false
manor:manor_hx_42860,manor_working_final_ready,manor_hx_42860,manor,c_10,Falkenford,hx_42860,T4_minor_or_low_capacity_manor,minor_lordship,Manor of Falconworth Court,Manor of Falconworth Court,Falconworth Court,included_in_source_candidate_lock_view,accepted_unchanged,,,visible_public_name,false,false,false,false,false,false,false,false,false,false,false
manor:manor_hx_42868,manor_working_final_ready,manor_hx_42868,manor,c_10,Falkenford,hx_42868,T3_high_capacity_ordinary_manor,minor_lordship,Manor of Ashham Court,Manor of Ashham Court,Ashham Court,included_in_source_candidate_lock_view,accepted_unchanged,,,visible_public_name,false,false,false,false,false,false,false,false,false,false,false
manor:manor_hx_42872,manor_working_final_ready,manor_hx_42872,manor,c_10,Falkenford,hx_42872,T3_high_capacity_ordinary_manor,minor_lordship,Manor of Redcote,Manor of Redcote,Redcote,included_in_source_candidate_lock_view,accepted_unchanged,,,visible_public_name,false,false,false,false,false,false,false,false,false,false,false
manor:manor_hx_42876,manor_working_final_ready,manor_hx_42876,manor,c_10,Falkenford,hx_42876,T3_high_capacity_ordinary_manor,minor_lordship,Manor of Spearton Hall,Manor of Spearton Hall,Spearton Hall,included_in_source_candidate_lock_view,accepted_unchanged,,,visible_public_name,false,false,false,false,false,false,false,false,false,false,false
manor:manor_hx_43147,manor_working_final_ready,manor_hx_43147,manor,c_10,Falkenford,hx_43147,T4_minor_or_low_capacity_manor,minor_lordship,Manor of Gatecote Court,Manor of Gatecote Court,Gatecote Court,included_in_source_candidate_lock_view,accepted_unchanged,,,visible_public_name,false,false,false,false,false,false,false,false,false,false,false
manor:manor_hx_43155,manor_working_final_ready,manor_hx_43155,manor,c_10,Falkenford,hx_43155,T4_minor_or_low_capacity_manor,minor_lordship,Manor of Fordcross,Manor of Fordcross,Fordcross,included_in_source_candidate_lock_view,accepted_unchanged,,,visible_public_name,false,false,false,false,false,false,false,false,false,false,false
manor:manor_hx_43421,manor_working_final_ready,manor_hx_43421,manor,c_10,Falkenford,hx_43421,T4_minor_or_low_capacity_manor,minor_lordship,Manor of Falconworth,Manor of Falconworth,Falconworth,included_in_source_candidate_lock_view,accepted_unchanged,,,visible_public_name,false,false,false,false,false,false,false,false,false,false,false
manor:manor_hx_43423,manor_working_final_ready,manor_hx_43423,manor,c_10,Falkenford,hx_43423,T4_minor_or_low_capacity_manor,minor_lordship,Manor of Fordbury Hall,Manor of Fordbury Hall,Fordbury Hall,included_in_source_candidate_lock_view,accepted_unchanged,,,visible_public_name,false,false,false,false,false,false,false,false,false,false,false
manor:manor_hx_43698,manor_working_final_ready,manor_hx_43698,manor,c_10,Falkenford,hx_43698,T4_minor_or_low_capacity_manor,minor_lordship,Manor of Bridgestow Hall,Manor of Bridgestow Hall,Bridgestow Hall,included_in_source_candidate_lock_view,accepted_unchanged,,,visible_public_name,false,false,false,false,false,false,false,false,false,false,false
manor:manor_hx_43700,manor_working_final_ready,manor_hx_43700,manor,c_10,Falkenford,hx_43700,T4_minor_or_low_capacity_manor,minor_lordship,Manor of Bridgestow Court,Manor of Bridgestow Court,Bridgestow Court,included_in_source_candidate_lock_view,accepted_unchanged,,,visible_public_name,false,false,false,false,false,false,false,false,false,false,false
manor:manor_hx_43705,manor_working_final_ready,manor_hx_43705,manor,c_10,Falkenford,hx_43705,T3_high_capacity_ordinary_manor,minor_lordship,Manor of Fordbury,Manor of Fordbury,Fordbury,included_in_source_candidate_lock_view,accepted_unchanged,,,visible_public_name,false,false,false,false,false,false,false,false,false,false,false
manor:manor_hx_43709,manor_working_final_ready,manor_hx_43709,manor,c_10,Falkenford,hx_43709,T3_high_capacity_ordinary_manor,minor_lordship,Manor of Hawkstow Hall,Manor of Hawkstow Hall,Hawkstow Hall,included_in_source_candidate_lock_view,accepted_unchanged,,,visible_public_name,false,false,false,false,false,false,false,false,false,false,false
manor:manor_hx_43711,manor_working_final_ready,manor_hx_43711,manor,c_10,Falkenford,hx_43711,T3_high_capacity_ordinary_manor,minor_lordship,Manor of Roadcote Hall,Manor of Roadcote Hall,Roadcote Hall,included_in_source_candidate_lock_view,accepted_unchanged,,,visible_public_name,false,false,false,false,false,false,false,false,false,false,false
manor:manor_hx_43717,manor_working_final_ready,manor_hx_43717,manor,c_10,Falkenford,hx_43717,T4_minor_or_low_capacity_manor,minor_lordship,Manor of Kitebury Hall,Manor of Kitebury Hall,Kitebury Hall,included_in_source_candidate_lock_view,accepted_unchanged,,,visible_public_name,false,false,false,false,false,false,false,false,false,false,false
manor:manor_hx_43982,manor_working_final_ready,manor_hx_43982,manor,c_10,Falkenford,hx_43982,T4_minor_or_low_capacity_manor,minor_lordship,Manor of Bridgestow,Manor of Bridgestow,Bridgestow,included_in_source_candidate_lock_view,accepted_unchanged,,,visible_public_name,false,false,false,false,false,false,false,false,false,false,false
manor:manor_hx_44265,manor_working_final_ready,manor_hx_44265,manor,c_10,Falkenford,hx_44265,T4_minor_or_low_capacity_manor,minor_lordship,Manor of Hawkmere Hall,Manor of Hawkmere Hall,Hawkmere Hall,included_in_source_candidate_lock_view,accepted_unchanged,,,visible_public_name,false,false,false,false,false,false,false,false,false,false,false
manor:manor_hx_44269,manor_working_final_ready,manor_hx_44269,manor,c_10,Falkenford,hx_44269,T4_minor_or_low_capacity_manor,minor_lordship,Manor of Hawkstow Court,Manor of Hawkstow Court,Hawkstow Court,included_in_source_candidate_lock_view,accepted_unchanged,,,visible_public_name,false,false,false,false,false,false,false,false,false,false,false
manor:manor_hx_44542,manor_working_final_ready,manor_hx_44542,manor,c_10,Falkenford,hx_44542,T4_minor_or_low_capacity_manor,minor_lordship,Manor of Yewbarrow Hall,Manor of Yewbarrow Hall,Yewbarrow Hall,included_in_source_candidate_lock_view,accepted_unchanged,,,visible_public_name,false,false,false,false,false,false,false,false,false,false,false
manor:manor_hx_44548,manor_working_final_ready,manor_hx_44548,manor,c_10,Falkenford,hx_44548,T4_minor_or_low_capacity_manor,minor_lordship,Manor of Hawkmere Court,Manor of Hawkmere Court,Hawkmere Court,included_in_source_candidate_lock_view,accepted_unchanged,,,visible_public_name,false,false,false,false,false,false,false,false,false,false,false
manor:manor_hx_44829,manor_working_final_ready,manor_hx_44829,manor,c_10,Falkenford,hx_44829,T2_seat_complex_or_strategic_manor,minor_lordship,Manor of Hawkstow,Manor of Hawkstow,Hawkstow,included_in_source_candidate_lock_view,accepted_unchanged,,,visible_public_name,false,false,false,false,false,false,false,false,false,false,false
manor:manor_hx_44831,manor_working_final_ready,manor_hx_44831,manor,c_10,Falkenford,hx_44831,T4_minor_or_low_capacity_manor,minor_lordship,Manor of Roadcote,Manor of Roadcote,Roadcote,included_in_source_candidate_lock_view,accepted_unchanged,,,visible_public_name,false,false,false,false,false,false,false,false,false,false,false
manor:manor_hx_45670,manor_working_final_ready,manor_hx_45670,manor,c_10,Falkenford,hx_45670,T2_seat_complex_or_strategic_manor,minor_lordship,Manor of Bannerham,Manor of Bannerham,Bannerham,included_in_source_candidate_lock_view,accepted_unchanged,,,visible_public_name,false,false,false,false,false,false,false,false,false,false,false
manor:manor_hx_45674,manor_working_final_ready,manor_hx_45674,manor,c_10,Falkenford,hx_45674,T4_minor_or_low_capacity_manor,minor_lordship,Manor of Bannerley,Manor of Bannerley,Bannerley,included_in_source_candidate_lock_view,accepted_unchanged,,,visible_public_name,false,false,false,false,false,false,false,false,false,false,false
manor:manor_hx_45952,manor_working_final_ready,manor_hx_45952,manor,c_10,Falkenford,hx_45952,T2_seat_complex_or_strategic_manor,minor_lordship,Manor of Marchstead,Manor of Marchstead,Marchstead,included_in_source_candidate_lock_view,accepted_unchanged,,,visible_public_name,false,false,false,false,false,false,false,false,false,false,false
manor:manor_hx_46234,manor_working_final_ready,manor_hx_46234,manor,c_10,Falkenford,hx_46234,T4_minor_or_low_capacity_manor,minor_lordship,Manor of Marchstead Hall,Manor of Marchstead Hall,Marchstead Hall,included_in_source_candidate_lock_view,accepted_unchanged,,,visible_public_name,false,false,false,false,false,false,false,false,false,false,false
manor:manor_hx_42337,manor_working_final_ready,manor_hx_42337,manor,c_11,Glastonmere,hx_42337,T1_direct_or_institutional_manor,barony,Manor of Pilgrimham,Manor of Pilgrimham,Pilgrimham,included_in_source_candidate_lock_view,accepted_unchanged,,,visible_public_name,false,false,false,false,false,false,false,false,false,false,false
manor:manor_hx_42887,manor_working_final_ready,manor_hx_42887,manor,c_11,Glastonmere,hx_42887,T1_direct_or_institutional_manor,barony,Manor of Oakminster Hall,Manor of Oakminster Hall,Oakminster Hall,included_in_source_candidate_lock_view,accepted_unchanged,,,visible_public_name,false,false,false,false,false,false,false,false,false,false,false
manor:manor_hx_42893,manor_working_final_ready,manor_hx_42893,manor,c_11,Glastonmere,hx_42893,T1_direct_or_institutional_manor,barony,,Manor of Stonehallow,Stonehallow,included_in_working_authority_name_closure,approved_blank_name_closure_applied,V04-PLACE-MANOR-LCU-BLANK-NAME-AND-QA-PERSON-NAME-CLOSURE-MATERIALIZATION-001,,visible_public_name,false,false,false,false,false,false,false,false,false,false,false
manor:manor_hx_43168,manor_working_final_ready,manor_hx_43168,manor,c_11,Glastonmere,hx_43168,T1_direct_or_institutional_manor,barony,Manor of Stonecote,Manor of Stonecote,Stonecote,included_in_source_candidate_lock_view,accepted_unchanged,,,visible_public_name,false,false,false,false,false,false,false,false,false,false,false
manor:manor_hx_43171,manor_working_final_ready,manor_hx_43171,manor,c_11,Glastonmere,hx_43171,T1_direct_or_institutional_manor,barony,Manor of Silvercote Hall,Manor of Silvercote Hall,Silvercote Hall,included_in_source_candidate_lock_view,accepted_unchanged,,,visible_public_name,false,false,false,false,false,false,false,false,false,false,false
manor:manor_hx_43180,manor_working_final_ready,manor_hx_43180,manor,c_11,Glastonmere,hx_43180,T1_direct_or_institutional_manor,barony,Manor of Falconham,Manor of Falconham,Falconham,included_in_source_candidate_lock_view,accepted_unchanged,,,visible_public_name,false,false,false,false,false,false,false,false,false,false,false
manor:manor_hx_43446,manor_working_final_ready,manor_hx_43446,manor,c_11,Glastonmere,hx_43446,T1_direct_or_institutional_manor,barony,Manor of Crosschapel,Manor of Crosschapel,Crosschapel,included_in_source_candidate_lock_view,accepted_unchanged,,,visible_public_name,false,false,false,false,false,false,false,false,false,false,false
manor:manor_hx_43448,manor_working_final_ready,manor_hx_43448,manor,c_11,Glastonmere,hx_43448,T1_direct_or_institutional_manor,barony,Manor of Oakminster,Manor of Oakminster,Oakminster,included_in_source_candidate_lock_view,accepted_unchanged,,,visible_public_name,false,false,false,false,false,false,false,false,false,false,false
manor:manor_hx_43458,manor_working_final_ready,manor_hx_43458,manor,c_11,Glastonmere,hx_43458,T1_direct_or_institutional_manor,barony,Manor of Candlewick,Manor of Candlewick,Candlewick,included_in_source_candidate_lock_view,accepted_unchanged,,,visible_public_name,false,false,false,false,false,false,false,false,false,false,false
manor:manor_hx_44018,manor_working_final_ready,manor_hx_44018,manor,c_11,Glastonmere,hx_44018,T1_direct_or_institutional_manor,barony,Manor of Pax Bower,Manor of Pax Bower,Pax Bower,included_in_source_candidate_lock_view,accepted_unchanged,,,visible_public_name,false,false,false,false,false,false,false,false,false,false,false
manor:manor_hx_44578,manor_working_final_ready,manor_hx_44578,manor,c_11,Glastonmere,hx_44578,T1_direct_or_institutional_manor,barony,Manor of Downley,Manor of Downley,Downley,included_in_source_candidate_lock_view,accepted_unchanged,,,visible_public_name,false,false,false,false,false,false,false,false,false,false,false
manor:manor_hx_45417,manor_working_final_ready,manor_hx_45417,manor,c_11,Glastonmere,hx_45417,T1_direct_or_institutional_manor,barony,Manor of Abbeymere Hall,Manor of Abbeymere Hall,Abbeymere Hall,included_in_source_candidate_lock_view,accepted_unchanged,,,visible_public_name,false,false,false,false,false,false,false,false,false,false,false
manor:manor_hx_47373,manor_working_final_ready,manor_hx_47373,manor,c_11,Glastonmere,hx_47373,T1_direct_or_institutional_manor,barony,Manor of Roodham Court,Manor of Roodham Court,Roodham Court,included_in_source_candidate_lock_view,accepted_unchanged,,,visible_public_name,false,false,false,false,false,false,false,false,false,false,false
manor:manor_hx_47663,manor_working_final_ready,manor_hx_47663,manor,c_11,Glastonmere,hx_47663,T1_direct_or_institutional_manor,barony,Manor of Hartcastle,Manor of Hartcastle,Hartcastle,included_in_source_candidate_lock_view,accepted_unchanged,,,visible_public_name,false,false,false,false,false,false,false,false,false,false,false
manor:manor_hx_47937,manor_working_final_ready,manor_hx_47937,manor,c_11,Glastonmere,hx_47937,T1_direct_or_institutional_manor,barony,Manor of Oakton Hall,Manor of Oakton Hall,Oakton Hall,included_in_source_candidate_lock_view,accepted_unchanged,,,visible_public_name,false,false,false,false,false,false,false,false,false,false,false
manor:manor_hx_44573,manor_working_final_ready,manor_hx_44573,manor,c_11,Glastonmere,hx_44573,T1_direct_or_institutional_manor,church_fief,Manor of Glastonminster,Manor of Glastonminster,Glastonminster,included_in_source_candidate_lock_view,approved_multi_anchor_identity_core_or_prefixed_member,,place_identity_county_seat_complex_glastonminster,visible_public_name,false,false,false,false,false,false,false,false,false,false,false
manor:manor_hx_46537,manor_working_final_ready,manor_hx_46537,manor,c_11,Glastonmere,hx_46537,T1_direct_or_institutional_manor,church_fief,Manor of Roodchapel Hall,Manor of Roodchapel Hall,Roodchapel Hall,included_in_source_candidate_lock_view,accepted_unchanged,,,visible_public_name,false,false,false,false,false,false,false,false,false,false,false
manor:manor_hx_47652,manor_working_final_ready,manor_hx_47652,manor,c_11,Glastonmere,hx_47652,T1_direct_or_institutional_manor,church_fief,Manor of Stoneham,Manor of Stoneham,Stoneham,included_in_source_candidate_lock_view,accepted_unchanged,,,visible_public_name,false,false,false,false,false,false,false,false,false,false,false
manor:manor_hx_47662,manor_working_final_ready,manor_hx_47662,manor,c_11,Glastonmere,hx_47662,T1_direct_or_institutional_manor,church_fief,Manor of Stanmere,Manor of Stanmere,Stanmere,included_in_source_candidate_lock_view,accepted_unchanged,,,visible_public_name,false,false,false,false,false,false,false,false,false,false,false
manor:manor_hx_42053,manor_working_final_ready,manor_hx_42053,manor,c_11,Glastonmere,hx_42053,T1_direct_or_institutional_manor,county_domain,Manor of Bellstow Hall,Manor of Bellstow Hall,Bellstow Hall,included_in_source_candidate_lock_view,accepted_unchanged,,,visible_public_name,false,false,false,false,false,false,false,false,false,false,false
manor:manor_hx_44292,manor_working_final_ready,manor_hx_44292,manor,c_11,Glastonmere,hx_44292,T1_direct_or_institutional_manor,county_domain,Manor of Silvercote,Manor of Silvercote,Silvercote,included_in_source_candidate_lock_view,accepted_unchanged,,,visible_public_name,false,false,false,false,false,false,false,false,false,false,false
manor:manor_hx_44296,manor_working_final_ready,manor_hx_44296,manor,c_11,Glastonmere,hx_44296,T1_direct_or_institutional_manor,county_domain,Manor of Pax Stead,Manor of Pax Stead,Pax Stead,included_in_source_candidate_lock_view,accepted_unchanged,,,visible_public_name,false,false,false,false,false,false,false,false,false,false,false
manor:manor_hx_44850,manor_working_final_ready,manor_hx_44850,manor,c_11,Glastonmere,hx_44850,T1_direct_or_institutional_manor,county_domain,,Manor of Elderwick,Elderwick,included_in_working_authority_name_closure,approved_blank_name_closure_applied,V04-PLACE-MANOR-LCU-BLANK-NAME-AND-QA-PERSON-NAME-CLOSURE-MATERIALIZATION-001,,visible_public_name,false,false,false,false,false,false,false,false,false,false,false
manor:manor_hx_44855,manor_working_final_ready,manor_hx_44855,manor,c_11,Glastonmere,hx_44855,T1_direct_or_institutional_manor,county_domain,Manor of Abbeymere,Manor of Abbeymere,Abbeymere,included_in_source_candidate_lock_view,accepted_unchanged,,,visible_public_name,false,false,false,false,false,false,false,false,false,false,false
manor:manor_hx_45974,manor_working_final_ready,manor_hx_45974,manor,c_11,Glastonmere,hx_45974,T1_direct_or_institutional_manor,county_domain,Manor of Roodstow,Manor of Roodstow,Roodstow,included_in_source_candidate_lock_view,accepted_unchanged,,,visible_public_name,false,false,false,false,false,false,false,false,false,false,false
manor:manor_hx_46255,manor_working_final_ready,manor_hx_46255,manor,c_11,Glastonmere,hx_46255,T1_direct_or_institutional_manor,county_domain,Manor of Downstow,Manor of Downstow,Downstow,included_in_source_candidate_lock_view,accepted_unchanged,,,visible_public_name,false,false,false,false,false,false,false,false,false,false,false
manor:manor_hx_46257,manor_working_final_ready,manor_hx_46257,manor,c_11,Glastonmere,hx_46257,T1_direct_or_institutional_manor,county_domain,Manor of Roodchapel,Manor of Roodchapel,Roodchapel,included_in_source_candidate_lock_view,accepted_unchanged,,,visible_public_name,false,false,false,false,false,false,false,false,false,false,false
manor:manor_hx_46538,manor_working_final_ready,manor_hx_46538,manor,c_11,Glastonmere,hx_46538,T1_direct_or_institutional_manor,county_domain,Manor of Roodchapel Court,Manor of Roodchapel Court,Roodchapel Court,included_in_source_candidate_lock_view,accepted_unchanged,,,visible_public_name,false,false,false,false,false,false,false,false,false,false,false
manor:manor_hx_42622,manor_working_final_ready,manor_hx_42622,manor,c_11,Glastonmere,hx_42622,T1_direct_or_institutional_manor,crown_domain,Manor of Candleworth,Manor of Candleworth,Candleworth,included_in_source_candidate_lock_view,accepted_unchanged,,,visible_public_name,false,false,false,false,false,false,false,false,false,false,false
manor:manor_hx_43741,manor_working_final_ready,manor_hx_43741,manor,c_11,Glastonmere,hx_43741,T1_direct_or_institutional_manor,crown_domain,Manor of Falconham Hall,Manor of Falconham Hall,Falconham Hall,included_in_source_candidate_lock_view,accepted_unchanged,,,visible_public_name,false,false,false,false,false,false,false,false,false,false,false
manor:manor_hx_44023,manor_working_final_ready,manor_hx_44023,manor,c_11,Glastonmere,hx_44023,T1_direct_or_institutional_manor,crown_domain,,Manor of Rowanward,Rowanward,included_in_working_authority_name_closure,approved_blank_name_closure_applied,V04-PLACE-MANOR-LCU-BLANK-NAME-AND-QA-PERSON-NAME-CLOSURE-MATERIALIZATION-001,,visible_public_name,false,false,false,false,false,false,false,false,false,false,false
manor:manor_hx_44859,manor_working_final_ready,manor_hx_44859,manor,c_11,Glastonmere,hx_44859,T1_direct_or_institutional_manor,crown_domain,,Manor of Crownley,Crownley,included_in_working_authority_name_closure,approved_blank_name_closure_applied,V04-PLACE-MANOR-LCU-BLANK-NAME-AND-QA-PERSON-NAME-CLOSURE-MATERIALIZATION-001,,visible_public_name,false,false,false,false,false,false,false,false,false,false,false
manor:manor_hx_45142,manor_working_final_ready,manor_hx_45142,manor,c_11,Glastonmere,hx_45142,T1_direct_or_institutional_manor,crown_domain,Manor of Downham Hall,Manor of Downham Hall,Downham Hall,included_in_source_candidate_lock_view,accepted_unchanged,,,visible_public_name,false,false,false,false,false,false,false,false,false,false,false
manor:manor_hx_45702,manor_working_final_ready,manor_hx_45702,manor,c_11,Glastonmere,hx_45702,T1_direct_or_institutional_manor,crown_domain,Manor of Paxworth,Manor of Paxworth,Paxworth,included_in_source_candidate_lock_view,accepted_unchanged,,,visible_public_name,false,false,false,false,false,false,false,false,false,false,false
manor:manor_hx_45979,manor_working_final_ready,manor_hx_45979,manor,c_11,Glastonmere,hx_45979,T1_direct_or_institutional_manor,crown_domain,,Manor of Wardham,Wardham,included_in_working_authority_name_closure,approved_blank_name_closure_applied,V04-PLACE-MANOR-LCU-BLANK-NAME-AND-QA-PERSON-NAME-CLOSURE-MATERIALIZATION-001,,visible_public_name,false,false,false,false,false,false,false,false,false,false,false
manor:manor_hx_45983,manor_working_final_ready,manor_hx_45983,manor,c_11,Glastonmere,hx_45983,T1_direct_or_institutional_manor,crown_domain,Manor of Downham Court,Manor of Downham Court,Downham Court,included_in_source_candidate_lock_view,accepted_unchanged,,,visible_public_name,false,false,false,false,false,false,false,false,false,false,false
manor:manor_hx_46542,manor_working_final_ready,manor_hx_46542,manor,c_11,Glastonmere,hx_46542,T1_direct_or_institutional_manor,crown_domain,Manor of Abbeyham,Manor of Abbeyham,Abbeyham,included_in_source_candidate_lock_view,accepted_unchanged,,,visible_public_name,false,false,false,false,false,false,false,false,false,false,false
manor:manor_hx_46816,manor_working_final_ready,manor_hx_46816,manor,c_11,Glastonmere,hx_46816,T1_direct_or_institutional_manor,crown_domain,Manor of Downstow Hall,Manor of Downstow Hall,Downstow Hall,included_in_source_candidate_lock_view,accepted_unchanged,,,visible_public_name,false,false,false,false,false,false,false,false,false,false,false
manor:manor_hx_46819,manor_working_final_ready,manor_hx_46819,manor,c_11,Glastonmere,hx_46819,T1_direct_or_institutional_manor,crown_domain,Manor of Downstow Court,Manor of Downstow Court,Downstow Court,included_in_source_candidate_lock_view,accepted_unchanged,,,visible_public_name,false,false,false,false,false,false,false,false,false,false,false
manor:manor_hx_47101,manor_working_final_ready,manor_hx_47101,manor,c_11,Glastonmere,hx_47101,T1_direct_or_institutional_manor,crown_domain,Manor of Abbeyham Hall,Manor of Abbeyham Hall,Abbeyham Hall,included_in_source_candidate_lock_view,accepted_unchanged,,,visible_public_name,false,false,false,false,false,false,false,false,false,false,false
manor:manor_hx_47104,manor_working_final_ready,manor_hx_47104,manor,c_11,Glastonmere,hx_47104,T1_direct_or_institutional_manor,crown_domain,Manor of Abbeyham Court,Manor of Abbeyham Court,Abbeyham Court,included_in_source_candidate_lock_view,accepted_unchanged,,,visible_public_name,false,false,false,false,false,false,false,false,false,false,false
manor:manor_hx_47665,manor_working_final_ready,manor_hx_47665,manor,c_11,Glastonmere,hx_47665,T1_direct_or_institutional_manor,crown_domain,Manor of Hartcastle Hall,Manor of Hartcastle Hall,Hartcastle Hall,included_in_source_candidate_lock_view,accepted_unchanged,,,visible_public_name,false,false,false,false,false,false,false,false,false,false,false
manor:manor_hx_47666,manor_working_final_ready,manor_hx_47666,manor,c_11,Glastonmere,hx_47666,T1_direct_or_institutional_manor,crown_domain,Manor of Minsterbury,Manor of Minsterbury,Minsterbury,included_in_source_candidate_lock_view,accepted_unchanged,,,visible_public_name,false,false,false,false,false,false,false,false,false,false,false
manor:manor_hx_47942,manor_working_final_ready,manor_hx_47942,manor,c_11,Glastonmere,hx_47942,T1_direct_or_institutional_manor,crown_domain,Manor of Pilgrimstead,Manor of Pilgrimstead,Pilgrimstead,included_in_source_candidate_lock_view,accepted_unchanged,,,visible_public_name,false,false,false,false,false,false,false,false,false,false,false
manor:manor_hx_48223,manor_working_final_ready,manor_hx_48223,manor,c_11,Glastonmere,hx_48223,T1_direct_or_institutional_manor,crown_domain,Manor of Pilgrimstead Hall,Manor of Pilgrimstead Hall,Pilgrimstead Hall,included_in_source_candidate_lock_view,accepted_unchanged,,,visible_public_name,false,false,false,false,false,false,false,false,false,false,false
manor:manor_hx_48505,manor_working_final_ready,manor_hx_48505,manor,c_11,Glastonmere,hx_48505,T1_direct_or_institutional_manor,crown_domain,Manor of Pilgrimstead Court,Manor of Pilgrimstead Court,Pilgrimstead Court,included_in_source_candidate_lock_view,accepted_unchanged,,,visible_public_name,false,false,false,false,false,false,false,false,false,false,false
manor:manor_hx_49066,manor_working_final_ready,manor_hx_49066,manor,c_11,Glastonmere,hx_49066,T1_direct_or_institutional_manor,crown_domain,Manor of Oak,Manor of Oak,Oak,included_in_source_candidate_lock_view,accepted_unchanged,,,visible_public_name,false,false,false,false,false,false,false,false,false,false,false
manor:manor_hx_50466,manor_working_final_ready,manor_hx_50466,manor,c_11,Glastonmere,hx_50466,T1_direct_or_institutional_manor,crown_domain,Manor of Stan,Manor of Stan,Stan,included_in_source_candidate_lock_view,accepted_unchanged,,,visible_public_name,false,false,false,false,false,false,false,false,false,false,false
manor:manor_hx_50746,manor_working_final_ready,manor_hx_50746,manor,c_11,Glastonmere,hx_50746,T1_direct_or_institutional_manor,crown_domain,,Manor of Kingsford,Kingsford,included_in_working_authority_name_closure,approved_blank_name_closure_applied,V04-PLACE-MANOR-LCU-BLANK-NAME-AND-QA-PERSON-NAME-CLOSURE-MATERIALIZATION-001,,visible_public_name,false,false,false,false,false,false,false,false,false,false,false
manor:manor_hx_40647,manor_working_final_ready,manor_hx_40647,manor,c_11,Glastonmere,hx_40647,T3_high_capacity_ordinary_manor,minor_lordship,Manor of Bellfriars Hall,Manor of Bellfriars Hall,Bellfriars Hall,included_in_source_candidate_lock_view,accepted_unchanged,,,visible_public_name,false,false,false,false,false,false,false,false,false,false,false
manor:manor_hx_40649,manor_working_final_ready,manor_hx_40649,manor,c_11,Glastonmere,hx_40649,T4_minor_or_low_capacity_manor,minor_lordship,Manor of Bellfriars,Manor of Bellfriars,Bellfriars,included_in_source_candidate_lock_view,accepted_unchanged,,,visible_public_name,false,false,false,false,false,false,false,false,false,false,false
manor:manor_hx_40925,manor_working_final_ready,manor_hx_40925,manor,c_11,Glastonmere,hx_40925,T4_minor_or_low_capacity_manor,minor_lordship,Manor of Hallowmere,Manor of Hallowmere,Hallowmere,included_in_source_candidate_lock_view,accepted_unchanged,,,visible_public_name,false,false,false,false,false,false,false,false,false,false,false
manor:manor_hx_40928,manor_working_final_ready,manor_hx_40928,manor,c_11,Glastonmere,hx_40928,T4_minor_or_low_capacity_manor,minor_lordship,Manor of Bellfriars Court,Manor of Bellfriars Court,Bellfriars Court,included_in_source_candidate_lock_view,accepted_unchanged,,,visible_public_name,false,false,false,false,false,false,false,false,false,false,false
manor:manor_hx_40930,manor_working_final_ready,manor_hx_40930,manor,c_11,Glastonmere,hx_40930,T4_minor_or_low_capacity_manor,minor_lordship,Manor of ReedFold,Manor of Reedfold,Reedfold,included_in_source_candidate_lock_view,accepted_with_postlock_place_anchor_style_quality_repair,V04-PLACE-ANCHOR-STYLE-QUALITY-MATERIALIZATION-001,,visible_public_name,false,false,false,false,false,false,false,false,false,false,false
manor:manor_hx_40932,manor_working_final_ready,manor_hx_40932,manor,c_11,Glastonmere,hx_40932,T4_minor_or_low_capacity_manor,minor_lordship,Manor of Bellton,Manor of Bellton,Bellton,included_in_source_candidate_lock_view,accepted_unchanged,,,visible_public_name,false,false,false,false,false,false,false,false,false,false,false
manor:manor_hx_41201,manor_working_final_ready,manor_hx_41201,manor,c_11,Glastonmere,hx_41201,T3_high_capacity_ordinary_manor,minor_lordship,Manor of Hallowminster,Manor of Hallowminster,Hallowminster,included_in_source_candidate_lock_view,accepted_unchanged,,,visible_public_name,false,false,false,false,false,false,false,false,false,false,false
manor:manor_hx_41480,manor_working_final_ready,manor_hx_41480,manor,c_11,Glastonmere,hx_41480,T4_minor_or_low_capacity_manor,minor_lordship,Manor of Lily Croft,Manor of Lily Croft,Lily Croft,included_in_source_candidate_lock_view,accepted_unchanged,,,visible_public_name,false,false,false,false,false,false,false,false,false,false,false
manor:manor_hx_41484,manor_working_final_ready,manor_hx_41484,manor,c_11,Glastonmere,hx_41484,T4_minor_or_low_capacity_manor,minor_lordship,Manor of Lily Well,Manor of Lily Well,Lily Well,included_in_source_candidate_lock_view,accepted_unchanged,,,visible_public_name,false,false,false,false,false,false,false,false,false,false,false
manor:manor_hx_41763,manor_working_final_ready,manor_hx_41763,manor,c_11,Glastonmere,hx_41763,T4_minor_or_low_capacity_manor,minor_lordship,Manor of HartCroft,Manor of Hartcroft,Hartcroft,included_in_source_candidate_lock_view,accepted_with_postlock_place_anchor_style_quality_repair,V04-PLACE-ANCHOR-STYLE-QUALITY-MATERIALIZATION-001,,visible_public_name,false,false,false,false,false,false,false,false,false,false,false
manor:manor_hx_41767,manor_working_final_ready,manor_hx_41767,manor,c_11,Glastonmere,hx_41767,T4_minor_or_low_capacity_manor,minor_lordship,Manor of Silverstow Hall,Manor of Silverstow Hall,Silverstow Hall,included_in_source_candidate_lock_view,accepted_unchanged,,,visible_public_name,false,false,false,false,false,false,false,false,false,false,false
manor:manor_hx_41771,manor_working_final_ready,manor_hx_41771,manor,c_11,Glastonmere,hx_41771,T4_minor_or_low_capacity_manor,minor_lordship,Manor of Bellton Court,Manor of Bellton Court,Bellton Court,included_in_source_candidate_lock_view,accepted_unchanged,,,visible_public_name,false,false,false,false,false,false,false,false,false,false,false
manor:manor_hx_41773,manor_working_final_ready,manor_hx_41773,manor,c_11,Glastonmere,hx_41773,T4_minor_or_low_capacity_manor,minor_lordship,Manor of Bellstow Court,Manor of Bellstow Court,Bellstow Court,included_in_source_candidate_lock_view,accepted_unchanged,,,visible_public_name,false,false,false,false,false,false,false,false,false,false,false
manor:manor_hx_41775,manor_working_final_ready,manor_hx_41775,manor,c_11,Glastonmere,hx_41775,T4_minor_or_low_capacity_manor,minor_lordship,Manor of Roodwell,Manor of Roodwell,Roodwell,included_in_source_candidate_lock_view,accepted_unchanged,,,visible_public_name,false,false,false,false,false,false,false,false,false,false,false
manor:manor_hx_42044,manor_working_final_ready,manor_hx_42044,manor,c_11,Glastonmere,hx_42044,T4_minor_or_low_capacity_manor,minor_lordship,Manor of Merestead,Manor of Merestead,Merestead,included_in_source_candidate_lock_view,accepted_unchanged,,,visible_public_name,false,false,false,false,false,false,false,false,false,false,false
manor:manor_hx_42320,manor_working_final_ready,manor_hx_42320,manor,c_11,Glastonmere,hx_42320,T4_minor_or_low_capacity_manor,minor_lordship,Manor of Spearton Court,Manor of Spearton Court,Spearton Court,included_in_source_candidate_lock_view,accepted_unchanged,,,visible_public_name,false,false,false,false,false,false,false,false,false,false,false
manor:manor_hx_42323,manor_working_final_ready,manor_hx_42323,manor,c_11,Glastonmere,hx_42323,T4_minor_or_low_capacity_manor,minor_lordship,Manor of Merefield Hall,Manor of Merefield Hall,Merefield Hall,included_in_source_candidate_lock_view,accepted_unchanged,,,visible_public_name,false,false,false,false,false,false,false,false,false,false,false
manor:manor_hx_42325,manor_working_final_ready,manor_hx_42325,manor,c_11,Glastonmere,hx_42325,T4_minor_or_low_capacity_manor,minor_lordship,Manor of Merefield,Manor of Merefield,Merefield,included_in_source_candidate_lock_view,accepted_unchanged,,,visible_public_name,false,false,false,false,false,false,false,false,false,false,false
manor:manor_hx_42326,manor_working_final_ready,manor_hx_42326,manor,c_11,Glastonmere,hx_42326,T4_minor_or_low_capacity_manor,minor_lordship,Manor of Silverstow,Manor of Silverstow,Silverstow,included_in_source_candidate_lock_view,accepted_unchanged,,,visible_public_name,false,false,false,false,false,false,false,false,false,false,false
manor:manor_hx_42327,manor_working_final_ready,manor_hx_42327,manor,c_11,Glastonmere,hx_42327,T4_minor_or_low_capacity_manor,minor_lordship,Manor of Silverstow Court,Manor of Silverstow Court,Silverstow Court,included_in_source_candidate_lock_view,accepted_unchanged,,,visible_public_name,false,false,false,false,false,false,false,false,false,false,false
manor:manor_hx_42334,manor_working_final_ready,manor_hx_42334,manor,c_11,Glastonmere,hx_42334,T4_minor_or_low_capacity_manor,minor_lordship,Manor of Bellstow,Manor of Bellstow,Bellstow,included_in_source_candidate_lock_view,accepted_unchanged,,,visible_public_name,false,false,false,false,false,false,false,false,false,false,false
manor:manor_hx_42602,manor_working_final_ready,manor_hx_42602,manor,c_11,Glastonmere,hx_42602,T4_minor_or_low_capacity_manor,minor_lordship,Manor of Merefield Court,Manor of Merefield Court,Merefield Court,included_in_source_candidate_lock_view,accepted_unchanged,,,visible_public_name,false,false,false,false,false,false,false,false,false,false,false
manor:manor_hx_42885,manor_working_final_ready,manor_hx_42885,manor,c_11,Glastonmere,hx_42885,T4_minor_or_low_capacity_manor,minor_lordship,,Manor of Rowancote,Rowancote,included_in_working_authority_name_closure,approved_blank_name_closure_applied,V04-PLACE-MANOR-LCU-BLANK-NAME-AND-QA-PERSON-NAME-CLOSURE-MATERIALIZATION-001,,visible_public_name,false,false,false,false,false,false,false,false,false,false,false
manor:manor_hx_42899,manor_working_final_ready,manor_hx_42899,manor,c_11,Glastonmere,hx_42899,T2_seat_complex_or_strategic_manor,minor_lordship,Manor of Stonekeep,Manor of Stonekeep,Stonekeep,included_in_source_candidate_lock_view,accepted_unchanged,,,visible_public_name,false,false,false,false,false,false,false,false,false,false,false
manor:manor_hx_43162,manor_working_final_ready,manor_hx_43162,manor,c_11,Glastonmere,hx_43162,T4_minor_or_low_capacity_manor,minor_lordship,Manor of Pilgrimwick Hall,Manor of Pilgrimwick Hall,Pilgrimwick Hall,included_in_source_candidate_lock_view,accepted_unchanged,,,visible_public_name,false,false,false,false,false,false,false,false,false,false,false
manor:manor_hx_43165,manor_working_final_ready,manor_hx_43165,manor,c_11,Glastonmere,hx_43165,T4_minor_or_low_capacity_manor,minor_lordship,Manor of Pilgrimwick,Manor of Pilgrimwick,Pilgrimwick,included_in_source_candidate_lock_view,accepted_unchanged,,,visible_public_name,false,false,false,false,false,false,false,false,false,false,false
manor:manor_hx_43172,manor_working_final_ready,manor_hx_43172,manor,c_11,Glastonmere,hx_43172,T3_high_capacity_ordinary_manor,minor_lordship,Manor of Silvercote Court,Manor of Silvercote Court,Silvercote Court,included_in_source_candidate_lock_view,accepted_unchanged,,,visible_public_name,false,false,false,false,false,false,false,false,false,false,false
manor:manor_hx_43440,manor_working_final_ready,manor_hx_43440,manor,c_11,Glastonmere,hx_43440,T4_minor_or_low_capacity_manor,minor_lordship,Manor of Merecote Hall,Manor of Merecote Hall,Merecote Hall,included_in_source_candidate_lock_view,accepted_unchanged,,,visible_public_name,false,false,false,false,false,false,false,false,false,false,false
manor:manor_hx_43445,manor_working_final_ready,manor_hx_43445,manor,c_11,Glastonmere,hx_43445,T4_minor_or_low_capacity_manor,minor_lordship,Manor of FenMere,Manor of Fenmere,Fenmere,included_in_source_candidate_lock_view,accepted_with_postlock_place_anchor_style_quality_repair,V04-PLACE-ANCHOR-STYLE-QUALITY-MATERIALIZATION-001,,visible_public_name,false,false,false,false,false,false,false,false,false,false,false
manor:manor_hx_43461,manor_working_final_ready,manor_hx_43461,manor,c_11,Glastonmere,hx_43461,T4_minor_or_low_capacity_manor,minor_lordship,Manor of Falconham Court,Manor of Falconham Court,Falconham Court,included_in_source_candidate_lock_view,accepted_unchanged,,,visible_public_name,false,false,false,false,false,false,false,false,false,false,false
manor:manor_hx_43723,manor_working_final_ready,manor_hx_43723,manor,c_11,Glastonmere,hx_43723,T4_minor_or_low_capacity_manor,minor_lordship,Manor of Pilgrimwick Court,Manor of Pilgrimwick Court,Pilgrimwick Court,included_in_source_candidate_lock_view,accepted_unchanged,,,visible_public_name,false,false,false,false,false,false,false,false,false,false,false
manor:manor_hx_44000,manor_working_final_ready,manor_hx_44000,manor,c_11,Glastonmere,hx_44000,T4_minor_or_low_capacity_manor,minor_lordship,Manor of Merecote Court,Manor of Merecote Court,Merecote Court,included_in_source_candidate_lock_view,accepted_unchanged,,,visible_public_name,false,false,false,false,false,false,false,false,false,false,false
manor:manor_hx_44007,manor_working_final_ready,manor_hx_44007,manor,c_11,Glastonmere,hx_44007,T4_minor_or_low_capacity_manor,minor_lordship,Manor of SaintCell,Manor of Saintcell,Saintcell,included_in_source_candidate_lock_view,accepted_with_postlock_place_anchor_style_quality_repair,V04-PLACE-ANCHOR-STYLE-QUALITY-MATERIALIZATION-001,,visible_public_name,false,false,false,false,false,false,false,false,false,false,false
manor:manor_hx_44283,manor_working_final_ready,manor_hx_44283,manor,c_11,Glastonmere,hx_44283,T4_minor_or_low_capacity_manor,minor_lordship,Manor of Merecote,Manor of Merecote,Merecote,included_in_source_candidate_lock_view,accepted_unchanged,,,visible_public_name,false,false,false,false,false,false,false,false,false,false,false
manor:manor_hx_44285,manor_working_final_ready,manor_hx_44285,manor,c_11,Glastonmere,hx_44285,T4_minor_or_low_capacity_manor,minor_lordship,Manor of Abbeywell,Manor of Abbeywell,Abbeywell,included_in_source_candidate_lock_view,accepted_unchanged,,,visible_public_name,false,false,false,false,false,false,false,false,false,false,false
manor:manor_hx_44558,manor_working_final_ready,manor_hx_44558,manor,c_11,Glastonmere,hx_44558,T4_minor_or_low_capacity_manor,minor_lordship,Manor of Bellbury Hall,Manor of Bellbury Hall,Bellbury Hall,included_in_source_candidate_lock_view,accepted_unchanged,,,visible_public_name,false,false,false,false,false,false,false,false,false,false,false
manor:manor_hx_44567,manor_working_final_ready,manor_hx_44567,manor,c_11,Glastonmere,hx_44567,T4_minor_or_low_capacity_manor,minor_lordship,Manor of Hallowham,Manor of Hallowham,Hallowham,included_in_source_candidate_lock_view,accepted_unchanged,,,visible_public_name,false,false,false,false,false,false,false,false,false,false,false
manor:manor_hx_44835,manor_working_final_ready,manor_hx_44835,manor,c_11,Glastonmere,hx_44835,T3_high_capacity_ordinary_manor,minor_lordship,Manor of Roadcote Court,Manor of Roadcote Court,Roadcote Court,included_in_source_candidate_lock_view,accepted_unchanged,,,visible_public_name,false,false,false,false,false,false,false,false,false,false,false
manor:manor_hx_44841,manor_working_final_ready,manor_hx_44841,manor,c_11,Glastonmere,hx_44841,T4_minor_or_low_capacity_manor,minor_lordship,Manor of Bellbury,Manor of Bellbury,Bellbury,included_in_source_candidate_lock_view,accepted_unchanged,,,visible_public_name,false,false,false,false,false,false,false,false,false,false,false
manor:manor_hx_45121,manor_working_final_ready,manor_hx_45121,manor,c_11,Glastonmere,hx_45121,T4_minor_or_low_capacity_manor,minor_lordship,,Manor of Hawthornley,Hawthornley,included_in_working_authority_name_closure,approved_blank_name_closure_applied,V04-PLACE-MANOR-LCU-BLANK-NAME-AND-QA-PERSON-NAME-CLOSURE-MATERIALIZATION-001,,visible_public_name,false,false,false,false,false,false,false,false,false,false,false
manor:manor_hx_45124,manor_working_final_ready,manor_hx_45124,manor,c_11,Glastonmere,hx_45124,T4_minor_or_low_capacity_manor,minor_lordship,Manor of Fen Hay,Manor of Fen Hay,Fen Hay,included_in_source_candidate_lock_view,accepted_unchanged,,,visible_public_name,false,false,false,false,false,false,false,false,false,false,false
manor:manor_hx_45125,manor_working_final_ready,manor_hx_45125,manor,c_11,Glastonmere,hx_45125,T4_minor_or_low_capacity_manor,minor_lordship,Manor of Hallowham Hall,Manor of Hallowham Hall,Hallowham Hall,included_in_source_candidate_lock_view,accepted_unchanged,,,visible_public_name,false,false,false,false,false,false,false,false,false,false,false
manor:manor_hx_45130,manor_working_final_ready,manor_hx_45130,manor,c_11,Glastonmere,hx_45130,T3_high_capacity_ordinary_manor,minor_lordship,Manor of Lilystead,Manor of Lilystead,Lilystead,included_in_source_candidate_lock_view,accepted_unchanged,,,visible_public_name,false,false,false,false,false,false,false,false,false,false,false
manor:manor_hx_45402,manor_working_final_ready,manor_hx_45402,manor,c_11,Glastonmere,hx_45402,T4_minor_or_low_capacity_manor,minor_lordship,Manor of Stanworth Hall,Manor of Stanworth Hall,Stanworth Hall,included_in_source_candidate_lock_view,accepted_unchanged,,,visible_public_name,false,false,false,false,false,false,false,false,false,false,false
manor:manor_hx_45407,manor_working_final_ready,manor_hx_45407,manor,c_11,Glastonmere,hx_45407,T4_minor_or_low_capacity_manor,minor_lordship,Manor of Hallowham Court,Manor of Hallowham Court,Hallowham Court,included_in_source_candidate_lock_view,accepted_unchanged,,,visible_public_name,false,false,false,false,false,false,false,false,false,false,false
manor:manor_hx_45676,manor_working_final_ready,manor_hx_45676,manor,c_11,Glastonmere,hx_45676,T3_high_capacity_ordinary_manor,minor_lordship,Manor of Bannerley Hall,Manor of Bannerley Hall,Bannerley Hall,included_in_source_candidate_lock_view,accepted_unchanged,,,visible_public_name,false,false,false,false,false,false,false,false,false,false,false
manor:manor_hx_45679,manor_working_final_ready,manor_hx_45679,manor,c_11,Glastonmere,hx_45679,T4_minor_or_low_capacity_manor,minor_lordship,Manor of Saintley,Manor of Saintley,Saintley,included_in_source_candidate_lock_view,accepted_unchanged,,,visible_public_name,false,false,false,false,false,false,false,false,false,false,false
manor:manor_hx_45689,manor_working_final_ready,manor_hx_45689,manor,c_11,Glastonmere,hx_45689,T4_minor_or_low_capacity_manor,minor_lordship,Manor of Hallowstow Hall,Manor of Hallowstow Hall,Hallowstow Hall,included_in_source_candidate_lock_view,accepted_unchanged,,,visible_public_name,false,false,false,false,false,false,false,false,false,false,false
manor:manor_hx_45690,manor_working_final_ready,manor_hx_45690,manor,c_11,Glastonmere,hx_45690,T4_minor_or_low_capacity_manor,minor_lordship,Manor of Fenworth,Manor of Fenworth,Fenworth,included_in_source_candidate_lock_view,accepted_unchanged,,,visible_public_name,false,false,false,false,false,false,false,false,false,false,false
manor:manor_hx_45962,manor_working_final_ready,manor_hx_45962,manor,c_11,Glastonmere,hx_45962,T4_minor_or_low_capacity_manor,minor_lordship,Manor of Stanworth Court,Manor of Stanworth Court,Stanworth Court,included_in_source_candidate_lock_view,accepted_unchanged,,,visible_public_name,false,false,false,false,false,false,false,false,false,false,false
manor:manor_hx_45964,manor_working_final_ready,manor_hx_45964,manor,c_11,Glastonmere,hx_45964,T4_minor_or_low_capacity_manor,minor_lordship,Manor of Lilyham,Manor of Lilyham,Lilyham,included_in_source_candidate_lock_view,accepted_unchanged,,,visible_public_name,false,false,false,false,false,false,false,false,false,false,false
manor:manor_hx_45965,manor_working_final_ready,manor_hx_45965,manor,c_11,Glastonmere,hx_45965,T4_minor_or_low_capacity_manor,minor_lordship,Manor of Glastonmere Court aa6b,Manor of Glastonmere Court aa6b,Glastonmere Court aa6b,included_in_source_candidate_lock_view,accepted_unchanged,,,visible_public_name,false,false,false,false,false,false,false,false,false,false,false
manor:manor_hx_45973,manor_working_final_ready,manor_hx_45973,manor,c_11,Glastonmere,hx_45973,T4_minor_or_low_capacity_manor,minor_lordship,Manor of Stonestow,Manor of Stonestow,Stonestow,included_in_source_candidate_lock_view,accepted_unchanged,,,visible_public_name,false,false,false,false,false,false,false,false,false,false,false
manor:manor_hx_46239,manor_working_final_ready,manor_hx_46239,manor,c_11,Glastonmere,hx_46239,T4_minor_or_low_capacity_manor,minor_lordship,Manor of Glastonmere Court West,Manor of Glastonmere Court West,Glastonmere Court West,included_in_source_candidate_lock_view,accepted_unchanged,,,visible_public_name,false,false,false,false,false,false,false,false,false,false,false
manor:manor_hx_46247,manor_working_final_ready,manor_hx_46247,manor,c_11,Glastonmere,hx_46247,T4_minor_or_low_capacity_manor,minor_lordship,Manor of Paxwick,Manor of Paxwick,Paxwick,included_in_source_candidate_lock_view,accepted_unchanged,,,visible_public_name,false,false,false,false,false,false,false,false,false,false,false
manor:manor_hx_46250,manor_working_final_ready,manor_hx_46250,manor,c_11,Glastonmere,hx_46250,T4_minor_or_low_capacity_manor,minor_lordship,Manor of Oakwell Hall,Manor of Oakwell Hall,Oakwell Hall,included_in_source_candidate_lock_view,accepted_unchanged,,,visible_public_name,false,false,false,false,false,false,false,false,false,false,false
manor:manor_hx_46251,manor_working_final_ready,manor_hx_46251,manor,c_11,Glastonmere,hx_46251,T4_minor_or_low_capacity_manor,minor_lordship,Manor of Saintworth,Manor of Saintworth,Saintworth,included_in_source_candidate_lock_view,accepted_unchanged,,,visible_public_name,false,false,false,false,false,false,false,false,false,false,false
manor:manor_hx_46797,manor_working_final_ready,manor_hx_46797,manor,c_11,Glastonmere,hx_46797,T4_minor_or_low_capacity_manor,minor_lordship,Manor of Stanley,Manor of Stanley,Stanley,included_in_source_candidate_lock_view,accepted_unchanged,,,visible_public_name,false,false,false,false,false,false,false,false,false,false,false
manor:manor_hx_46799,manor_working_final_ready,manor_hx_46799,manor,c_11,Glastonmere,hx_46799,T4_minor_or_low_capacity_manor,minor_lordship,Manor of Stanley Hall,Manor of Stanley Hall,Stanley Hall,included_in_source_candidate_lock_view,accepted_unchanged,,,visible_public_name,false,false,false,false,false,false,false,false,false,false,false
manor:manor_hx_46809,manor_working_final_ready,manor_hx_46809,manor,c_11,Glastonmere,hx_46809,T4_minor_or_low_capacity_manor,minor_lordship,Manor of Oakwell Court,Manor of Oakwell Court,Oakwell Court,included_in_source_candidate_lock_view,accepted_unchanged,,,visible_public_name,false,false,false,false,false,false,false,false,false,false,false
manor:manor_hx_47086,manor_working_final_ready,manor_hx_47086,manor,c_11,Glastonmere,hx_47086,T4_minor_or_low_capacity_manor,minor_lordship,Manor of Abbeyworth Court,Manor of Abbeyworth Court,Abbeyworth Court,included_in_source_candidate_lock_view,accepted_unchanged,,,visible_public_name,false,false,false,false,false,false,false,false,false,false,false
manor:manor_hx_47369,manor_working_final_ready,manor_hx_47369,manor,c_11,Glastonmere,hx_47369,T4_minor_or_low_capacity_manor,minor_lordship,Manor of Fenfold,Manor of Fenfold,Fenfold,included_in_source_candidate_lock_view,accepted_unchanged,,,visible_public_name,false,false,false,false,false,false,false,false,false,false,false
manor:manor_hx_47641,manor_working_final_ready,manor_hx_47641,manor,c_11,Glastonmere,hx_47641,T4_minor_or_low_capacity_manor,minor_lordship,Manor of Crownfold Court,Manor of Crownfold Court,Crownfold Court,included_in_source_candidate_lock_view,accepted_unchanged,,,visible_public_name,false,false,false,false,false,false,false,false,false,false,false
manor:manor_hx_47657,manor_working_final_ready,manor_hx_47657,manor,c_11,Glastonmere,hx_47657,T4_minor_or_low_capacity_manor,minor_lordship,Manor of Oakton,Manor of Oakton,Oakton,included_in_source_candidate_lock_view,accepted_unchanged,,,visible_public_name,false,false,false,false,false,false,false,false,false,false,false
manor:manor_hx_49063,manor_working_final_ready,manor_hx_49063,manor,c_11,Glastonmere,hx_49063,T2_seat_complex_or_strategic_manor,minor_lordship,Manor of Downbailey,Manor of Downbailey,Downbailey,included_in_source_candidate_lock_view,accepted_unchanged,,,visible_public_name,false,false,false,false,false,false,false,false,false,false,false
manor:manor_hx_49065,manor_working_final_ready,manor_hx_49065,manor,c_11,Glastonmere,hx_49065,T4_minor_or_low_capacity_manor,minor_lordship,Manor of Wheatworth Hall,Manor of Wheatworth Hall,Wheatworth Hall,included_in_source_candidate_lock_view,accepted_unchanged,,,visible_public_name,false,false,false,false,false,false,false,false,false,false,false
manor:manor_hx_47029,manor_working_final_ready,manor_hx_47029,manor,c_12,Harrowfield,hx_47029,T1_direct_or_institutional_manor,church_fief,Manor of Sheafwick,Manor of Sheafwick,Sheafwick,included_in_source_candidate_lock_view,accepted_unchanged,,,visible_public_name,false,false,false,false,false,false,false,false,false,false,false
manor:manor_hx_47039,manor_working_final_ready,manor_hx_47039,manor,c_12,Harrowfield,hx_47039,T1_direct_or_institutional_manor,church_fief,Manor of Oatenstow,Manor of Oatenstow,Oatenstow,included_in_source_candidate_lock_view,accepted_unchanged,,,visible_public_name,false,false,false,false,false,false,false,false,false,false,false
manor:manor_hx_47316,manor_working_final_ready,manor_hx_47316,manor,c_12,Harrowfield,hx_47316,T1_direct_or_institutional_manor,church_fief,Manor of Maltworth,Manor of Maltworth,Maltworth,included_in_source_candidate_lock_view,accepted_unchanged,,,visible_public_name,false,false,false,false,false,false,false,false,false,false,false
manor:manor_hx_47318,manor_working_final_ready,manor_hx_47318,manor,c_12,Harrowfield,hx_47318,T1_direct_or_institutional_manor,church_fief,Manor of Acreham,Manor of Acreham,Acreham,included_in_source_candidate_lock_view,accepted_unchanged,,,visible_public_name,false,false,false,false,false,false,false,false,false,false,false
manor:manor_hx_47327,manor_working_final_ready,manor_hx_47327,manor,c_12,Harrowfield,hx_47327,T1_direct_or_institutional_manor,church_fief,Manor of Ploughley,Manor of Ploughley,Ploughley,included_in_source_candidate_lock_view,accepted_unchanged,,,visible_public_name,false,false,false,false,false,false,false,false,false,false,false
manor:manor_hx_47595,manor_working_final_ready,manor_hx_47595,manor,c_12,Harrowfield,hx_47595,T1_direct_or_institutional_manor,church_fief,Manor of Harrowcote,Manor of Harrowcote,Harrowcote,included_in_source_candidate_lock_view,accepted_unchanged,,,visible_public_name,false,false,false,false,false,false,false,false,false,false,false
manor:manor_hx_47600,manor_working_final_ready,manor_hx_47600,manor,c_12,Harrowfield,hx_47600,T1_direct_or_institutional_manor,church_fief,Manor of Fieldbrook Hall,Manor of Fieldbrook Hall,Fieldbrook Hall,included_in_source_candidate_lock_view,accepted_unchanged,,,visible_public_name,false,false,false,false,false,false,false,false,false,false,false
manor:manor_hx_47605,manor_working_final_ready,manor_hx_47605,manor,c_12,Harrowfield,hx_47605,T1_direct_or_institutional_manor,church_fief,Manor of Acrewick Hall,Manor of Acrewick Hall,Acrewick Hall,included_in_source_candidate_lock_view,accepted_unchanged,,,visible_public_name,false,false,false,false,false,false,false,false,false,false,false
manor:manor_hx_47872,manor_working_final_ready,manor_hx_47872,manor,c_12,Harrowfield,hx_47872,T1_direct_or_institutional_manor,church_fief,Manor of Broadfield,Manor of Broadfield,Broadfield,included_in_source_candidate_lock_view,accepted_unchanged,,,visible_public_name,false,false,false,false,false,false,false,false,false,false,false
manor:manor_hx_47874,manor_working_final_ready,manor_hx_47874,manor,c_12,Harrowfield,hx_47874,T1_direct_or_institutional_manor,church_fief,Manor of Fallowminster,Manor of Fallowminster,Fallowminster,included_in_source_candidate_lock_view,accepted_unchanged,,,visible_public_name,false,false,false,false,false,false,false,false,false,false,false
manor:manor_hx_47876,manor_working_final_ready,manor_hx_47876,manor,c_12,Harrowfield,hx_47876,T1_direct_or_institutional_manor,church_fief,Manor of Barleydown,Manor of Barleydown,Barleydown,included_in_source_candidate_lock_view,accepted_unchanged,,,visible_public_name,false,false,false,false,false,false,false,false,false,false,false
manor:manor_hx_47880,manor_working_final_ready,manor_hx_47880,manor,c_12,Harrowfield,hx_47880,T1_direct_or_institutional_manor,church_fief,Manor of Harrowbury,Manor of Harrowbury,Harrowbury,included_in_source_candidate_lock_view,approved_multi_anchor_identity_core_or_prefixed_member,,place_identity_county_seat_complex_harrowbury,visible_public_name,false,false,false,false,false,false,false,false,false,false,false
manor:manor_hx_47889,manor_working_final_ready,manor_hx_47889,manor,c_12,Harrowfield,hx_47889,T1_direct_or_institutional_manor,church_fief,Manor of Acrewick Court,Manor of Acrewick Court,Acrewick Court,included_in_source_candidate_lock_view,accepted_unchanged,,,visible_public_name,false,false,false,false,false,false,false,false,false,false,false
manor:manor_hx_48149,manor_working_final_ready,manor_hx_48149,manor,c_12,Harrowfield,hx_48149,T1_direct_or_institutional_manor,church_fief,Manor of Sheafham,Manor of Sheafham,Sheafham,included_in_source_candidate_lock_view,accepted_unchanged,,,visible_public_name,false,false,false,false,false,false,false,false,false,false,false
manor:manor_hx_48162,manor_working_final_ready,manor_hx_48162,manor,c_12,Harrowfield,hx_48162,T1_direct_or_institutional_manor,church_fief,Manor of Fieldbrook,Manor of Fieldbrook,Fieldbrook,included_in_source_candidate_lock_view,accepted_unchanged,,,visible_public_name,false,false,false,false,false,false,false,false,false,false,false
manor:manor_hx_48429,manor_working_final_ready,manor_hx_48429,manor,c_12,Harrowfield,hx_48429,T1_direct_or_institutional_manor,church_fief,Manor of Maltcote,Manor of Maltcote,Maltcote,included_in_source_candidate_lock_view,accepted_unchanged,,,visible_public_name,false,false,false,false,false,false,false,false,false,false,false
manor:manor_hx_48439,manor_working_final_ready,manor_hx_48439,manor,c_12,Harrowfield,hx_48439,T1_direct_or_institutional_manor,church_fief,Manor of Greenstead,Manor of Greenstead,Greenstead,included_in_source_candidate_lock_view,accepted_unchanged,,,visible_public_name,false,false,false,false,false,false,false,false,false,false,false
manor:manor_hx_48448,manor_working_final_ready,manor_hx_48448,manor,c_12,Harrowfield,hx_48448,T1_direct_or_institutional_manor,church_fief,Manor of Acrewick,Manor of Acrewick,Acrewick,included_in_source_candidate_lock_view,accepted_unchanged,,,visible_public_name,false,false,false,false,false,false,false,false,false,false,false
manor:manor_hx_48450,manor_working_final_ready,manor_hx_48450,manor,c_12,Harrowfield,hx_48450,T1_direct_or_institutional_manor,church_fief,Manor of Harrowfieldsteadc82d,Manor of Harrowton,Harrowton,included_in_source_candidate_lock_view,approved_name_repair_applied,PNC-REPAIR-028,,visible_public_name,false,false,false,false,false,false,false,false,false,false,false
manor:manor_hx_48714,manor_working_final_ready,manor_hx_48714,manor,c_12,Harrowfield,hx_48714,T1_direct_or_institutional_manor,church_fief,Manor of Ploughton,Manor of Ploughton,Ploughton,included_in_source_candidate_lock_view,accepted_unchanged,,,visible_public_name,false,false,false,false,false,false,false,false,false,false,false
manor:manor_hx_48730,manor_working_final_ready,manor_hx_48730,manor,c_12,Harrowfield,hx_48730,T1_direct_or_institutional_manor,church_fief,Manor of Deepminster,Manor of Deepminster,Deepminster,included_in_source_candidate_lock_view,accepted_unchanged,,,visible_public_name,false,false,false,false,false,false,false,false,false,false,false
manor:manor_hx_49005,manor_working_final_ready,manor_hx_49005,manor,c_12,Harrowfield,hx_49005,T1_direct_or_institutional_manor,church_fief,Manor of Fallowworth Hall,Manor of Fallowworth Hall,Fallowworth Hall,included_in_source_candidate_lock_view,accepted_unchanged,,,visible_public_name,false,false,false,false,false,false,false,false,false,false,false
manor:manor_hx_49277,manor_working_final_ready,manor_hx_49277,manor,c_12,Harrowfield,hx_49277,T1_direct_or_institutional_manor,church_fief,Manor of Stonedown,Manor of Stonedown,Stonedown,included_in_source_candidate_lock_view,accepted_unchanged,,,visible_public_name,false,false,false,false,false,false,false,false,false,false,false
manor:manor_hx_49282,manor_working_final_ready,manor_hx_49282,manor,c_12,Harrowfield,hx_49282,T1_direct_or_institutional_manor,church_fief,Manor of Greenstead Hall,Manor of Greenstead Hall,Greenstead Hall,included_in_source_candidate_lock_view,accepted_unchanged,,,visible_public_name,false,false,false,false,false,false,false,false,false,false,false
manor:manor_hx_49290,manor_working_final_ready,manor_hx_49290,manor,c_12,Harrowfield,hx_49290,T1_direct_or_institutional_manor,church_fief,Manor of Broadhallow,Manor of Broadhallow,Broadhallow,included_in_source_candidate_lock_view,accepted_unchanged,,,visible_public_name,false,false,false,false,false,false,false,false,false,false,false
manor:manor_hx_49566,manor_working_final_ready,manor_hx_49566,manor,c_12,Harrowfield,hx_49566,T1_direct_or_institutional_manor,church_fief,Manor of Fallowworth,Manor of Fallowworth,Fallowworth,included_in_source_candidate_lock_view,accepted_unchanged,,,visible_public_name,false,false,false,false,false,false,false,false,false,false,false
manor:manor_hx_49834,manor_working_final_ready,manor_hx_49834,manor,c_12,Harrowfield,hx_49834,T1_direct_or_institutional_manor,church_fief,Manor of Larkley,Manor of Larkley,Larkley,included_in_source_candidate_lock_view,accepted_unchanged,,,visible_public_name,false,false,false,false,false,false,false,false,false,false,false
manor:manor_hx_50959,manor_working_final_ready,manor_hx_50959,manor,c_12,Harrowfield,hx_50959,T1_direct_or_institutional_manor,church_fief,Manor of Sheafdown,Manor of Sheafdown,Sheafdown,included_in_source_candidate_lock_view,accepted_unchanged,,,visible_public_name,false,false,false,false,false,false,false,false,false,false,false
manor:manor_hx_42259,manor_working_final_ready,manor_hx_42259,manor,c_12,Harrowfield,hx_42259,T1_direct_or_institutional_manor,county_domain,Manor of Wheatton,Manor of Wheatton,Wheatton,included_in_source_candidate_lock_view,accepted_unchanged,,,visible_public_name,false,false,false,false,false,false,false,false,false,false,false
manor:manor_hx_42537,manor_working_final_ready,manor_hx_42537,manor,c_12,Harrowfield,hx_42537,T4_minor_or_low_capacity_manor,minor_lordship,Manor of Hayfield,Manor of Hayfield,Hayfield,included_in_source_candidate_lock_view,accepted_unchanged,,,visible_public_name,false,false,false,false,false,false,false,false,false,false,false
manor:manor_hx_42541,manor_working_final_ready,manor_hx_42541,manor,c_12,Harrowfield,hx_42541,T4_minor_or_low_capacity_manor,minor_lordship,Manor of Sicklebury,Manor of Sicklebury,Sicklebury,included_in_source_candidate_lock_view,accepted_unchanged,,,visible_public_name,false,false,false,false,false,false,false,false,false,false,false
manor:manor_hx_42823,manor_working_final_ready,manor_hx_42823,manor,c_12,Harrowfield,hx_42823,T4_minor_or_low_capacity_manor,minor_lordship,Manor of Haycote,Manor of Haycote,Haycote,included_in_source_candidate_lock_view,accepted_unchanged,,,visible_public_name,false,false,false,false,false,false,false,false,false,false,false
manor:manor_hx_42826,manor_working_final_ready,manor_hx_42826,manor,c_12,Harrowfield,hx_42826,T4_minor_or_low_capacity_manor,minor_lordship,Manor of Greenstow,Manor of Greenstow,Greenstow,included_in_source_candidate_lock_view,accepted_unchanged,,,visible_public_name,false,false,false,false,false,false,false,false,false,false,false
manor:manor_hx_43096,manor_working_final_ready,manor_hx_43096,manor,c_12,Harrowfield,hx_43096,T4_minor_or_low_capacity_manor,minor_lordship,Manor of Stoneedge,Manor of Stoneedge,Stoneedge,included_in_source_candidate_lock_view,accepted_unchanged,,,visible_public_name,false,false,false,false,false,false,false,false,false,false,false
manor:manor_hx_43099,manor_working_final_ready,manor_hx_43099,manor,c_12,Harrowfield,hx_43099,T4_minor_or_low_capacity_manor,minor_lordship,Manor of Ploughworth,Manor of Ploughworth,Ploughworth,included_in_source_candidate_lock_view,accepted_unchanged,,,visible_public_name,false,false,false,false,false,false,false,false,false,false,false
manor:manor_hx_43376,manor_working_final_ready,manor_hx_43376,manor,c_12,Harrowfield,hx_43376,T4_minor_or_low_capacity_manor,minor_lordship,Manor of Stubblefield,Manor of Stubblefield,Stubblefield,included_in_source_candidate_lock_view,accepted_unchanged,,,visible_public_name,false,false,false,false,false,false,false,false,false,false,false
manor:manor_hx_43384,manor_working_final_ready,manor_hx_43384,manor,c_12,Harrowfield,hx_43384,T4_minor_or_low_capacity_manor,minor_lordship,Manor of Stubbleworth,Manor of Stubbleworth,Stubbleworth,included_in_source_candidate_lock_view,accepted_unchanged,,,visible_public_name,false,false,false,false,false,false,false,false,false,false,false
manor:manor_hx_43386,manor_working_final_ready,manor_hx_43386,manor,c_12,Harrowfield,hx_43386,T4_minor_or_low_capacity_manor,minor_lordship,Manor of Furrowcroft,Manor of Furrowcroft,Furrowcroft,included_in_source_candidate_lock_view,accepted_unchanged,,,visible_public_name,false,false,false,false,false,false,false,false,false,false,false
manor:manor_hx_43388,manor_working_final_ready,manor_hx_43388,manor,c_12,Harrowfield,hx_43388,T4_minor_or_low_capacity_manor,minor_lordship,Manor of Broadworth,Manor of Broadworth,Broadworth,included_in_source_candidate_lock_view,accepted_unchanged,,,visible_public_name,false,false,false,false,false,false,false,false,false,false,false
manor:manor_hx_43673,manor_working_final_ready,manor_hx_43673,manor,c_12,Harrowfield,hx_43673,T3_high_capacity_ordinary_manor,minor_lordship,Manor of Ryecroft,Manor of Ryecroft,Ryecroft,included_in_source_candidate_lock_view,accepted_unchanged,,,visible_public_name,false,false,false,false,false,false,false,false,false,false,false
manor:manor_hx_43935,manor_working_final_ready,manor_hx_43935,manor,c_12,Harrowfield,hx_43935,T4_minor_or_low_capacity_manor,minor_lordship,Manor of Harrowminster,Manor of Harrowminster,Harrowminster,included_in_source_candidate_lock_view,accepted_unchanged,,,visible_public_name,false,false,false,false,false,false,false,false,false,false,false
manor:manor_hx_43940,manor_working_final_ready,manor_hx_43940,manor,c_12,Harrowfield,hx_43940,T4_minor_or_low_capacity_manor,minor_lordship,Manor of Wheatbank,Manor of Wheatbank,Wheatbank,included_in_source_candidate_lock_view,accepted_unchanged,,,visible_public_name,false,false,false,false,false,false,false,false,false,false,false
manor:manor_hx_43942,manor_working_final_ready,manor_hx_43942,manor,c_12,Harrowfield,hx_43942,T4_minor_or_low_capacity_manor,minor_lordship,Manor of Ryewick,Manor of Ryewick,Ryewick,included_in_source_candidate_lock_view,accepted_unchanged,,,visible_public_name,false,false,false,false,false,false,false,false,false,false,false
manor:manor_hx_43944,manor_working_final_ready,manor_hx_43944,manor,c_12,Harrowfield,hx_43944,T4_minor_or_low_capacity_manor,minor_lordship,Manor of Larkwell,Manor of Larkwell,Larkwell,included_in_source_candidate_lock_view,accepted_unchanged,,,visible_public_name,false,false,false,false,false,false,false,false,false,false,false
manor:manor_hx_44219,manor_working_final_ready,manor_hx_44219,manor,c_12,Harrowfield,hx_44219,T4_minor_or_low_capacity_manor,minor_lordship,Manor of Ridgestead,Manor of Ridgestead,Ridgestead,included_in_source_candidate_lock_view,accepted_unchanged,,,visible_public_name,false,false,false,false,false,false,false,false,false,false,false
manor:manor_hx_44231,manor_working_final_ready,manor_hx_44231,manor,c_12,Harrowfield,hx_44231,T4_minor_or_low_capacity_manor,minor_lordship,Manor of Deepcote,Manor of Deepcote,Deepcote,included_in_source_candidate_lock_view,accepted_unchanged,,,visible_public_name,false,false,false,false,false,false,false,false,false,false,false
manor:manor_hx_44501,manor_working_final_ready,manor_hx_44501,manor,c_12,Harrowfield,hx_44501,T4_minor_or_low_capacity_manor,minor_lordship,Manor of Furrowley,Manor of Furrowley,Furrowley,included_in_source_candidate_lock_view,accepted_unchanged,,,visible_public_name,false,false,false,false,false,false,false,false,false,false,false
manor:manor_hx_44785,manor_working_final_ready,manor_hx_44785,manor,c_12,Harrowfield,hx_44785,T4_minor_or_low_capacity_manor,minor_lordship,Manor of Downton,Manor of Downton,Downton,included_in_source_candidate_lock_view,accepted_unchanged,,,visible_public_name,false,false,false,false,false,false,false,false,false,false,false
manor:manor_hx_44795,manor_working_final_ready,manor_hx_44795,manor,c_12,Harrowfield,hx_44795,T4_minor_or_low_capacity_manor,minor_lordship,Manor of Furrowwick,Manor of Furrowwick,Furrowwick,included_in_source_candidate_lock_view,accepted_unchanged,,,visible_public_name,false,false,false,false,false,false,false,false,false,false,false
manor:manor_hx_44800,manor_working_final_ready,manor_hx_44800,manor,c_12,Harrowfield,hx_44800,T3_high_capacity_ordinary_manor,minor_lordship,Manor of Harrowfieldstead0d58,Manor of Harrowfieldstead0d58,Harrowfieldstead0d58,included_in_source_candidate_lock_view,accepted_unchanged,,,visible_public_name,false,false,false,false,false,false,false,false,false,false,false
manor:manor_hx_45058,manor_working_final_ready,manor_hx_45058,manor,c_12,Harrowfield,hx_45058,T4_minor_or_low_capacity_manor,minor_lordship,Manor of Barnworth,Manor of Barnworth,Barnworth,included_in_source_candidate_lock_view,accepted_unchanged,,,visible_public_name,false,false,false,false,false,false,false,false,false,false,false
manor:manor_hx_45061,manor_working_final_ready,manor_hx_45061,manor,c_12,Harrowfield,hx_45061,T2_seat_complex_or_strategic_manor,minor_lordship,Manor of Barleyedge,Manor of Barleyedge,Barleyedge,included_in_source_candidate_lock_view,accepted_unchanged,,,visible_public_name,false,false,false,false,false,false,false,false,false,false,false
manor:manor_hx_45062,manor_working_final_ready,manor_hx_45062,manor,c_12,Harrowfield,hx_45062,T2_seat_complex_or_strategic_manor,minor_lordship,Manor of Deepworth,Manor of Deepworth,Deepworth,included_in_source_candidate_lock_view,accepted_unchanged,,,visible_public_name,false,false,false,false,false,false,false,false,false,false,false
manor:manor_hx_45067,manor_working_final_ready,manor_hx_45067,manor,c_12,Harrowfield,hx_45067,T4_minor_or_low_capacity_manor,minor_lordship,Manor of Haywick,Manor of Haywick,Haywick,included_in_source_candidate_lock_view,accepted_unchanged,,,visible_public_name,false,false,false,false,false,false,false,false,false,false,false
manor:manor_hx_45071,manor_working_final_ready,manor_hx_45071,manor,c_12,Harrowfield,hx_45071,T4_minor_or_low_capacity_manor,minor_lordship,Manor of Acrefold,Manor of Acrefold,Acrefold,included_in_source_candidate_lock_view,accepted_unchanged,,,visible_public_name,false,false,false,false,false,false,false,false,false,false,false
manor:manor_hx_45079,manor_working_final_ready,manor_hx_45079,manor,c_12,Harrowfield,hx_45079,T3_high_capacity_ordinary_manor,minor_lordship,Manor of Ridgeham,Manor of Ridgeham,Ridgeham,included_in_source_candidate_lock_view,accepted_unchanged,,,visible_public_name,false,false,false,false,false,false,false,false,false,false,false
manor:manor_hx_45084,manor_working_final_ready,manor_hx_45084,manor,c_12,Harrowfield,hx_45084,T3_high_capacity_ordinary_manor,minor_lordship,Manor of Bedeton Hall,Manor of Bedeton Hall,Bedeton Hall,included_in_source_candidate_lock_view,accepted_unchanged,,,visible_public_name,false,false,false,false,false,false,false,false,false,false,false
manor:manor_hx_45345,manor_working_final_ready,manor_hx_45345,manor,c_12,Harrowfield,hx_45345,T4_minor_or_low_capacity_manor,minor_lordship,Manor of Oatenfold,Manor of Oatenfold,Oatenfold,included_in_source_candidate_lock_view,accepted_unchanged,,,visible_public_name,false,false,false,false,false,false,false,false,false,false,false
manor:manor_hx_45362,manor_working_final_ready,manor_hx_45362,manor,c_12,Harrowfield,hx_45362,T4_minor_or_low_capacity_manor,minor_lordship,Manor of Sheafbury Hall,Manor of Sheafbury Hall,Sheafbury Hall,included_in_source_candidate_lock_view,accepted_unchanged,,,visible_public_name,false,false,false,false,false,false,false,false,false,false,false
manor:manor_hx_45622,manor_working_final_ready,manor_hx_45622,manor,c_12,Harrowfield,hx_45622,T2_seat_complex_or_strategic_manor,minor_lordship,Manor of Wheatcell,Manor of Wheatcell,Wheatcell,included_in_source_candidate_lock_view,accepted_unchanged,,,visible_public_name,false,false,false,false,false,false,false,false,false,false,false
manor:manor_hx_45631,manor_working_final_ready,manor_hx_45631,manor,c_12,Harrowfield,hx_45631,T4_minor_or_low_capacity_manor,minor_lordship,Manor of Barleyton,Manor of Barleyton,Barleyton,included_in_source_candidate_lock_view,accepted_unchanged,,,visible_public_name,false,false,false,false,false,false,false,false,false,false,false
manor:manor_hx_45635,manor_working_final_ready,manor_hx_45635,manor,c_12,Harrowfield,hx_45635,T4_minor_or_low_capacity_manor,minor_lordship,Manor of Wheatbrook,Manor of Wheatbrook,Wheatbrook,included_in_source_candidate_lock_view,accepted_unchanged,,,visible_public_name,false,false,false,false,false,false,false,false,false,false,false
manor:manor_hx_45636,manor_working_final_ready,manor_hx_45636,manor,c_12,Harrowfield,hx_45636,T4_minor_or_low_capacity_manor,minor_lordship,Manor of Ryecote,Manor of Ryecote,Ryecote,included_in_source_candidate_lock_view,accepted_unchanged,,,visible_public_name,false,false,false,false,false,false,false,false,false,false,false
manor:manor_hx_45901,manor_working_final_ready,manor_hx_45901,manor,c_12,Harrowfield,hx_45901,T2_seat_complex_or_strategic_manor,minor_lordship,Manor of Greenhallow,Manor of Greenhallow,Greenhallow,included_in_source_candidate_lock_view,accepted_unchanged,,,visible_public_name,false,false,false,false,false,false,false,false,false,false,false
manor:manor_hx_45904,manor_working_final_ready,manor_hx_45904,manor,c_12,Harrowfield,hx_45904,T2_seat_complex_or_strategic_manor,minor_lordship,Manor of Downbrook,Manor of Downbrook,Downbrook,included_in_source_candidate_lock_view,accepted_unchanged,,,visible_public_name,false,false,false,false,false,false,false,false,false,false,false
manor:manor_hx_45906,manor_working_final_ready,manor_hx_45906,manor,c_12,Harrowfield,hx_45906,T4_minor_or_low_capacity_manor,minor_lordship,Manor of Barnham,Manor of Barnham,Barnham,included_in_source_candidate_lock_view,accepted_unchanged,,,visible_public_name,false,false,false,false,false,false,false,false,false,false,false
manor:manor_hx_45908,manor_working_final_ready,manor_hx_45908,manor,c_12,Harrowfield,hx_45908,T4_minor_or_low_capacity_manor,minor_lordship,Manor of Larkworth,Manor of Larkworth,Larkworth,included_in_source_candidate_lock_view,accepted_unchanged,,,visible_public_name,false,false,false,false,false,false,false,false,false,false,false
manor:manor_hx_45909,manor_working_final_ready,manor_hx_45909,manor,c_12,Harrowfield,hx_45909,T4_minor_or_low_capacity_manor,minor_lordship,Manor of Maltdown,Manor of Maltdown,Maltdown,included_in_source_candidate_lock_view,accepted_unchanged,,,visible_public_name,false,false,false,false,false,false,false,false,false,false,false
manor:manor_hx_46207,manor_working_final_ready,manor_hx_46207,manor,c_12,Harrowfield,hx_46207,T3_high_capacity_ordinary_manor,minor_lordship,Manor of Ivyham Hall,Manor of Ivyham Hall,Ivyham Hall,included_in_source_candidate_lock_view,accepted_unchanged,,,visible_public_name,false,false,false,false,false,false,false,false,false,false,false
manor:manor_hx_46463,manor_working_final_ready,manor_hx_46463,manor,c_12,Harrowfield,hx_46463,T2_seat_complex_or_strategic_manor,minor_lordship,Manor of Stonepriory,Manor of Stonepriory,Stonepriory,included_in_source_candidate_lock_view,accepted_unchanged,,,visible_public_name,false,false,false,false,false,false,false,false,false,false,false
manor:manor_hx_46466,manor_working_final_ready,manor_hx_46466,manor,c_12,Harrowfield,hx_46466,T4_minor_or_low_capacity_manor,minor_lordship,Manor of Greenbarrow,Manor of Greenbarrow,Greenbarrow,included_in_source_candidate_lock_view,accepted_unchanged,,,visible_public_name,false,false,false,false,false,false,false,false,false,false,false
manor:manor_hx_46472,manor_working_final_ready,manor_hx_46472,manor,c_12,Harrowfield,hx_46472,T4_minor_or_low_capacity_manor,minor_lordship,Manor of Barnwell,Manor of Barnwell,Barnwell,included_in_source_candidate_lock_view,accepted_unchanged,,,visible_public_name,false,false,false,false,false,false,false,false,false,false,false
manor:manor_hx_46474,manor_working_final_ready,manor_hx_46474,manor,c_12,Harrowfield,hx_46474,T4_minor_or_low_capacity_manor,minor_lordship,Manor of Oatenfield,Manor of Oatenfield,Oatenfield,included_in_source_candidate_lock_view,accepted_unchanged,,,visible_public_name,false,false,false,false,false,false,false,false,false,false,false
manor:manor_hx_46476,manor_working_final_ready,manor_hx_46476,manor,c_12,Harrowfield,hx_46476,T4_minor_or_low_capacity_manor,minor_lordship,Manor of Sicklefield,Manor of Sicklefield,Sicklefield,included_in_source_candidate_lock_view,accepted_unchanged,,,visible_public_name,false,false,false,false,false,false,false,false,false,false,false
manor:manor_hx_46479,manor_working_final_ready,manor_hx_46479,manor,c_12,Harrowfield,hx_46479,T4_minor_or_low_capacity_manor,minor_lordship,Manor of Fallowedge,Manor of Fallowedge,Fallowedge,included_in_source_candidate_lock_view,accepted_unchanged,,,visible_public_name,false,false,false,false,false,false,false,false,false,false,false
manor:manor_hx_46488,manor_working_final_ready,manor_hx_46488,manor,c_12,Harrowfield,hx_46488,T4_minor_or_low_capacity_manor,minor_lordship,Manor of Ivyham Court,Manor of Ivyham Court,Ivyham Court,included_in_source_candidate_lock_view,accepted_unchanged,,,visible_public_name,false,false,false,false,false,false,false,false,false,false,false
manor:manor_hx_46750,manor_working_final_ready,manor_hx_46750,manor,c_12,Harrowfield,hx_46750,T2_seat_complex_or_strategic_manor,minor_lordship,Manor of Sicklewick,Manor of Sicklewick,Sicklewick,included_in_source_candidate_lock_view,accepted_unchanged,,,visible_public_name,false,false,false,false,false,false,false,false,false,false,false
manor:manor_hx_46751,manor_working_final_ready,manor_hx_46751,manor,c_12,Harrowfield,hx_46751,T2_seat_complex_or_strategic_manor,minor_lordship,Manor of Barley,Manor of Barley,Barley,included_in_source_candidate_lock_view,accepted_unchanged,,,visible_public_name,false,false,false,false,false,false,false,false,false,false,false
manor:manor_hx_46765,manor_working_final_ready,manor_hx_46765,manor,c_12,Harrowfield,hx_46765,T4_minor_or_low_capacity_manor,minor_lordship,Manor of Harrowfieldsteadeff7,Manor of Harrowfieldsteadeff7,Harrowfieldsteadeff7,included_in_source_candidate_lock_view,accepted_unchanged,,,visible_public_name,false,false,false,false,false,false,false,false,false,false,false
manor:manor_hx_47025,manor_working_final_ready,manor_hx_47025,manor,c_12,Harrowfield,hx_47025,T2_seat_complex_or_strategic_manor,minor_lordship,Manor of Barleyham,Manor of Barleyham,Barleyham,included_in_source_candidate_lock_view,accepted_unchanged,,,visible_public_name,false,false,false,false,false,false,false,false,false,false,false
manor:manor_hx_47047,manor_working_final_ready,manor_hx_47047,manor,c_12,Harrowfield,hx_47047,T4_minor_or_low_capacity_manor,minor_lordship,Manor of Harrowfieldsteadfd43,Manor of Harrowfieldsteadfd43,Harrowfieldsteadfd43,included_in_source_candidate_lock_view,accepted_unchanged,,,visible_public_name,false,false,false,false,false,false,false,false,false,false,false
manor:manor_hx_47879,manor_working_final_ready,manor_hx_47879,manor,c_12,Harrowfield,hx_47879,T4_minor_or_low_capacity_manor,minor_lordship,Manor of Fieldbrook Court,Manor of Fieldbrook Court,Fieldbrook Court,included_in_source_candidate_lock_view,accepted_unchanged,,,visible_public_name,false,false,false,false,false,false,false,false,false,false,false
manor:manor_hx_47890,manor_working_final_ready,manor_hx_47890,manor,c_12,Harrowfield,hx_47890,T3_high_capacity_ordinary_manor,minor_lordship,Manor of Deepminster Hall,Manor of Deepminster Hall,Deepminster Hall,included_in_source_candidate_lock_view,accepted_unchanged,,,visible_public_name,false,false,false,false,false,false,false,false,false,false,false
manor:manor_hx_48725,manor_working_final_ready,manor_hx_48725,manor,c_12,Harrowfield,hx_48725,T2_seat_complex_or_strategic_manor,minor_lordship,Manor of Stubbleham,Manor of Stubbleham,Stubbleham,included_in_source_candidate_lock_view,accepted_unchanged,,,visible_public_name,false,false,false,false,false,false,false,false,false,false,false
manor:manor_hx_49846,manor_working_final_ready,manor_hx_49846,manor,c_12,Harrowfield,hx_49846,T3_high_capacity_ordinary_manor,minor_lordship,Manor of Fallowworth Court,Manor of Fallowworth Court,Fallowworth Court,included_in_source_candidate_lock_view,accepted_unchanged,,,visible_public_name,false,false,false,false,false,false,false,false,false,false,false
manor:manor_hx_50129,manor_working_final_ready,manor_hx_50129,manor,c_12,Harrowfield,hx_50129,T3_high_capacity_ordinary_manor,minor_lordship,Manor of Broadhallow Hall,Manor of Broadhallow Hall,Broadhallow Hall,included_in_source_candidate_lock_view,accepted_unchanged,,,visible_public_name,false,false,false,false,false,false,false,false,false,false,false
manor:manor_hx_50130,manor_working_final_ready,manor_hx_50130,manor,c_12,Harrowfield,hx_50130,T4_minor_or_low_capacity_manor,minor_lordship,Manor of Broadhallow Court,Manor of Broadhallow Court,Broadhallow Court,included_in_source_candidate_lock_view,accepted_unchanged,,,visible_public_name,false,false,false,false,false,false,false,false,false,false,false
manor:manor_hx_50405,manor_working_final_ready,manor_hx_50405,manor,c_12,Harrowfield,hx_50405,T4_minor_or_low_capacity_manor,minor_lordship,Manor of Fallowfield,Manor of Fallowfield,Fallowfield,included_in_source_candidate_lock_view,accepted_unchanged,,,visible_public_name,false,false,false,false,false,false,false,false,false,false,false
manor:manor_hx_50692,manor_working_final_ready,manor_hx_50692,manor,c_12,Harrowfield,hx_50692,T4_minor_or_low_capacity_manor,minor_lordship,Manor of Springcote Hall,Manor of Springcote Hall,Springcote Hall,included_in_source_candidate_lock_view,accepted_unchanged,,,visible_public_name,false,false,false,false,false,false,false,false,false,false,false
manor:manor_hx_51252,manor_working_final_ready,manor_hx_51252,manor,c_12,Harrowfield,hx_51252,T3_high_capacity_ordinary_manor,minor_lordship,Manor of Springcote Court,Manor of Springcote Court,Springcote Court,included_in_source_candidate_lock_view,accepted_unchanged,,,visible_public_name,false,false,false,false,false,false,false,false,false,false,false
manor:manor_hx_51531,manor_working_final_ready,manor_hx_51531,manor,c_12,Harrowfield,hx_51531,T4_minor_or_low_capacity_manor,minor_lordship,Manor of Harrowfieldstead Vale,Manor of Harrowfieldstead Vale,Harrowfieldstead Vale,included_in_source_candidate_lock_view,accepted_unchanged,,,visible_public_name,false,false,false,false,false,false,false,false,false,false,false
manor:manor_hx_51811,manor_working_final_ready,manor_hx_51811,manor,c_12,Harrowfield,hx_51811,T3_high_capacity_ordinary_manor,minor_lordship,Manor of Harrowfieldstead971c,Manor of Harrowfieldstead971c,Harrowfieldstead971c,included_in_source_candidate_lock_view,accepted_unchanged,,,visible_public_name,false,false,false,false,false,false,false,false,false,false,false
manor:manor_hx_52093,manor_working_final_ready,manor_hx_52093,manor,c_12,Harrowfield,hx_52093,T4_minor_or_low_capacity_manor,minor_lordship,Manor of Harrowfieldstead Cross,Manor of Harrowfieldstead Cross,Harrowfieldstead Cross,included_in_source_candidate_lock_view,accepted_unchanged,,,visible_public_name,false,false,false,false,false,false,false,false,false,false,false
manor:manor_hx_52655,manor_working_final_ready,manor_hx_52655,manor,c_12,Harrowfield,hx_52655,T3_high_capacity_ordinary_manor,minor_lordship,Manor of Stubblebrook,Manor of Stubblebrook,Stubblebrook,included_in_source_candidate_lock_view,accepted_unchanged,,,visible_public_name,false,false,false,false,false,false,false,false,false,false,false
manor:manor_hx_45385,manor_working_final_ready,manor_hx_45385,manor,c_13,Ivydale,hx_45385,T1_direct_or_institutional_manor,barony,Manor of Yewbarrow,Manor of Yewbarrow,Yewbarrow,included_in_source_candidate_lock_view,accepted_unchanged,,,visible_public_name,false,false,false,false,false,false,false,false,false,false,false
manor:manor_hx_45669,manor_working_final_ready,manor_hx_45669,manor,c_13,Ivydale,hx_45669,T1_direct_or_institutional_manor,barony,,Manor of Northvale,Northvale,included_in_working_authority_name_closure,approved_blank_name_closure_applied,V04-PLACE-MANOR-LCU-BLANK-NAME-AND-QA-PERSON-NAME-CLOSURE-MATERIALIZATION-001,,visible_public_name,false,false,false,false,false,false,false,false,false,false,false
manor:manor_hx_51818,manor_working_final_ready,manor_hx_51818,manor,c_13,Ivydale,hx_51818,T1_direct_or_institutional_manor,barony,Manor of Goatcote Hall,Manor of Goatcote Hall,Goatcote Hall,included_in_source_candidate_lock_view,accepted_unchanged,,,visible_public_name,false,false,false,false,false,false,false,false,false,false,false
manor:manor_hx_52382,manor_working_final_ready,manor_hx_52382,manor,c_13,Ivydale,hx_52382,T1_direct_or_institutional_manor,barony,Manor of Thornworth,Manor of Thornworth,Thornworth,included_in_source_candidate_lock_view,accepted_unchanged,,,visible_public_name,false,false,false,false,false,false,false,false,false,false,false
manor:manor_hx_52385,manor_working_final_ready,manor_hx_52385,manor,c_13,Ivydale,hx_52385,T1_direct_or_institutional_manor,barony,Manor of Yewfield Hall,Manor of Yewfield Hall,Yewfield Hall,included_in_source_candidate_lock_view,accepted_unchanged,,,visible_public_name,false,false,false,false,false,false,false,false,false,false,false
manor:manor_hx_52944,manor_working_final_ready,manor_hx_52944,manor,c_13,Ivydale,hx_52944,T1_direct_or_institutional_manor,barony,Manor of Thornworth Hall,Manor of Thornworth Hall,Thornworth Hall,included_in_source_candidate_lock_view,accepted_unchanged,,,visible_public_name,false,false,false,false,false,false,false,false,false,false,false
manor:manor_hx_48175,manor_working_final_ready,manor_hx_48175,manor,c_13,Ivydale,hx_48175,T1_direct_or_institutional_manor,church_fief,Manor of Ivyminster Hall,Manor of Ivyminster Hall,Ivyminster Hall,included_in_source_candidate_lock_view,accepted_unchanged,,,visible_public_name,false,false,false,false,false,false,false,false,false,false,false
manor:manor_hx_49012,manor_working_final_ready,manor_hx_49012,manor,c_13,Ivydale,hx_49012,T1_direct_or_institutional_manor,church_fief,Manor of Hallowdale Hall,Manor of Hallowdale Hall,Hallowdale Hall,included_in_source_candidate_lock_view,accepted_unchanged,,,visible_public_name,false,false,false,false,false,false,false,false,false,false,false
manor:manor_hx_49014,manor_working_final_ready,manor_hx_49014,manor,c_13,Ivydale,hx_49014,T1_direct_or_institutional_manor,church_fief,Manor of Hallowdale Court,Manor of Hallowdale Court,Hallowdale Court,included_in_source_candidate_lock_view,accepted_unchanged,,,visible_public_name,false,false,false,false,false,false,false,false,false,false,false
manor:manor_hx_49291,manor_working_final_ready,manor_hx_49291,manor,c_13,Ivydale,hx_49291,T1_direct_or_institutional_manor,church_fief,Manor of Hallowdale,Manor of Hallowdale,Hallowdale,included_in_source_candidate_lock_view,accepted_unchanged,,,visible_public_name,false,false,false,false,false,false,false,false,false,false,false
manor:manor_hx_49298,manor_working_final_ready,manor_hx_49298,manor,c_13,Ivydale,hx_49298,T1_direct_or_institutional_manor,church_fief,Manor of Yewchapel Hall,Manor of Yewchapel Hall,Yewchapel Hall,included_in_source_candidate_lock_view,accepted_unchanged,,,visible_public_name,false,false,false,false,false,false,false,false,false,false,false
manor:manor_hx_49581,manor_working_final_ready,manor_hx_49581,manor,c_13,Ivydale,hx_49581,T1_direct_or_institutional_manor,church_fief,Manor of Ivybridge,Manor of Ivybridge,Ivybridge,included_in_source_candidate_lock_view,approved_multi_anchor_identity_core_or_prefixed_member,,place_identity_county_seat_complex_ivybridge,visible_public_name,false,false,false,false,false,false,false,false,false,false,false
manor:manor_hx_51274,manor_working_final_ready,manor_hx_51274,manor,c_13,Ivydale,hx_51274,T1_direct_or_institutional_manor,church_fief,Manor of Mosschester,Manor of Mosschester,Mosschester,included_in_source_candidate_lock_view,accepted_unchanged,,,visible_public_name,false,false,false,false,false,false,false,false,false,false,false
manor:manor_hx_48176,manor_working_final_ready,manor_hx_48176,manor,c_13,Ivydale,hx_48176,T1_direct_or_institutional_manor,county_domain,Manor of Ridgestow,Manor of Ridgestow,Ridgestow,included_in_source_candidate_lock_view,accepted_unchanged,,,visible_public_name,false,false,false,false,false,false,false,false,false,false,false
manor:manor_hx_49580,manor_working_final_ready,manor_hx_49580,manor,c_13,Ivydale,hx_49580,T1_direct_or_institutional_manor,county_domain,Manor of Yewchapel Court,Manor of Yewchapel Court,Yewchapel Court,included_in_source_candidate_lock_view,accepted_unchanged,,,visible_public_name,false,false,false,false,false,false,false,false,false,false,false
manor:manor_hx_50141,manor_working_final_ready,manor_hx_50141,manor,c_13,Ivydale,hx_50141,T1_direct_or_institutional_manor,county_domain,Manor of Yewchapel,Manor of Yewchapel,Yewchapel,included_in_source_candidate_lock_view,accepted_unchanged,,,visible_public_name,false,false,false,false,false,false,false,false,false,false,false
manor:manor_hx_50143,manor_working_final_ready,manor_hx_50143,manor,c_13,Ivydale,hx_50143,T1_direct_or_institutional_manor,county_domain,Manor of Springwell,Manor of Springwell,Springwell,included_in_source_candidate_lock_view,accepted_unchanged,,,visible_public_name,false,false,false,false,false,false,false,false,false,false,false
manor:manor_hx_50425,manor_working_final_ready,manor_hx_50425,manor,c_13,Ivydale,hx_50425,T1_direct_or_institutional_manor,county_domain,Manor of Goathall,Manor of Goathall,Goathall,included_in_source_candidate_lock_view,accepted_unchanged,,,visible_public_name,false,false,false,false,false,false,false,false,false,false,false
manor:manor_hx_50705,manor_working_final_ready,manor_hx_50705,manor,c_13,Ivydale,hx_50705,T1_direct_or_institutional_manor,county_domain,Manor of Springwell Hall,Manor of Springwell Hall,Springwell Hall,included_in_source_candidate_lock_view,accepted_unchanged,,,visible_public_name,false,false,false,false,false,false,false,false,false,false,false
manor:manor_hx_51259,manor_working_final_ready,manor_hx_51259,manor,c_13,Ivydale,hx_51259,T1_direct_or_institutional_manor,county_domain,Manor of Cloverbury Hall,Manor of Cloverbury Hall,Cloverbury Hall,included_in_source_candidate_lock_view,accepted_unchanged,,,visible_public_name,false,false,false,false,false,false,false,false,false,false,false
manor:manor_hx_51262,manor_working_final_ready,manor_hx_51262,manor,c_13,Ivydale,hx_51262,T1_direct_or_institutional_manor,county_domain,Manor of Cloverbury,Manor of Cloverbury,Cloverbury,included_in_source_candidate_lock_view,accepted_unchanged,,,visible_public_name,false,false,false,false,false,false,false,false,false,false,false
manor:manor_hx_51267,manor_working_final_ready,manor_hx_51267,manor,c_13,Ivydale,hx_51267,T1_direct_or_institutional_manor,county_domain,Manor of Ashley Hall,Manor of Ashley Hall,Ashley Hall,included_in_source_candidate_lock_view,accepted_unchanged,,,visible_public_name,false,false,false,false,false,false,false,false,false,false,false
manor:manor_hx_51271,manor_working_final_ready,manor_hx_51271,manor,c_13,Ivydale,hx_51271,T1_direct_or_institutional_manor,county_domain,Manor of Thorncote Hall,Manor of Thorncote Hall,Thorncote Hall,included_in_source_candidate_lock_view,accepted_unchanged,,,visible_public_name,false,false,false,false,false,false,false,false,false,false,false
manor:manor_hx_51545,manor_working_final_ready,manor_hx_51545,manor,c_13,Ivydale,hx_51545,T1_direct_or_institutional_manor,county_domain,Manor of Yewfield,Manor of Yewfield,Yewfield,included_in_source_candidate_lock_view,accepted_unchanged,,,visible_public_name,false,false,false,false,false,false,false,false,false,false,false
manor:manor_hx_51822,manor_working_final_ready,manor_hx_51822,manor,c_13,Ivydale,hx_51822,T1_direct_or_institutional_manor,county_domain,Manor of Cloverbury Court,Manor of Cloverbury Court,Cloverbury Court,included_in_source_candidate_lock_view,accepted_unchanged,,,visible_public_name,false,false,false,false,false,false,false,false,false,false,false
manor:manor_hx_52112,manor_working_final_ready,manor_hx_52112,manor,c_13,Ivydale,hx_52112,T1_direct_or_institutional_manor,county_domain,Manor of Hazelham Hall,Manor of Hazelham Hall,Hazelham Hall,included_in_source_candidate_lock_view,accepted_unchanged,,,visible_public_name,false,false,false,false,false,false,false,false,false,false,false
manor:manor_hx_52389,manor_working_final_ready,manor_hx_52389,manor,c_13,Ivydale,hx_52389,T1_direct_or_institutional_manor,county_domain,Manor of Ashley Court,Manor of Ashley Court,Ashley Court,included_in_source_candidate_lock_view,accepted_unchanged,,,visible_public_name,false,false,false,false,false,false,false,false,false,false,false
manor:manor_hx_52396,manor_working_final_ready,manor_hx_52396,manor,c_13,Ivydale,hx_52396,T1_direct_or_institutional_manor,county_domain,Manor of Cloverfield Hall,Manor of Cloverfield Hall,Cloverfield Hall,included_in_source_candidate_lock_view,accepted_unchanged,,,visible_public_name,false,false,false,false,false,false,false,false,false,false,false
manor:manor_hx_52675,manor_working_final_ready,manor_hx_52675,manor,c_13,Ivydale,hx_52675,T1_direct_or_institutional_manor,county_domain,Manor of Hazelham Court,Manor of Hazelham Court,Hazelham Court,included_in_source_candidate_lock_view,accepted_unchanged,,,visible_public_name,false,false,false,false,false,false,false,false,false,false,false
manor:manor_hx_52954,manor_working_final_ready,manor_hx_52954,manor,c_13,Ivydale,hx_52954,T1_direct_or_institutional_manor,county_domain,Manor of Hazelham,Manor of Hazelham,Hazelham,included_in_source_candidate_lock_view,accepted_unchanged,,,visible_public_name,false,false,false,false,false,false,false,false,false,false,false
manor:manor_hx_53514,manor_working_final_ready,manor_hx_53514,manor,c_13,Ivydale,hx_53514,T1_direct_or_institutional_manor,county_domain,Manor of Hartbury,Manor of Hartbury,Hartbury,included_in_source_candidate_lock_view,accepted_unchanged,,,visible_public_name,false,false,false,false,false,false,false,false,false,false,false
manor:manor_hx_44810,manor_working_final_ready,manor_hx_44810,manor,c_13,Ivydale,hx_44810,T4_minor_or_low_capacity_manor,minor_lordship,Manor of Candleton Hall,Manor of Candleton Hall,Candleton Hall,included_in_source_candidate_lock_view,accepted_unchanged,,,visible_public_name,false,false,false,false,false,false,false,false,false,false,false
manor:manor_hx_44812,manor_working_final_ready,manor_hx_44812,manor,c_13,Ivydale,hx_44812,T4_minor_or_low_capacity_manor,minor_lordship,Manor of WrenBrook,Manor of Wrenbrook,Wrenbrook,included_in_source_candidate_lock_view,accepted_with_postlock_place_anchor_style_quality_repair,V04-PLACE-ANCHOR-STYLE-QUALITY-MATERIALIZATION-001,,visible_public_name,false,false,false,false,false,false,false,false,false,false,false
manor:manor_hx_44817,manor_working_final_ready,manor_hx_44817,manor,c_13,Ivydale,hx_44817,T4_minor_or_low_capacity_manor,minor_lordship,Manor of LindenCourt,Manor of Lindencourt,Lindencourt,included_in_source_candidate_lock_view,accepted_with_postlock_place_anchor_style_quality_repair,V04-PLACE-ANCHOR-STYLE-QUALITY-MATERIALIZATION-001,,visible_public_name,false,false,false,false,false,false,false,false,false,false,false
manor:manor_hx_45648,manor_working_final_ready,manor_hx_45648,manor,c_13,Ivydale,hx_45648,T4_minor_or_low_capacity_manor,minor_lordship,Manor of Valedale,Manor of Valedale,Valedale,included_in_source_candidate_lock_view,accepted_unchanged,,,visible_public_name,false,false,false,false,false,false,false,false,false,false,false
manor:manor_hx_45650,manor_working_final_ready,manor_hx_45650,manor,c_13,Ivydale,hx_45650,T4_minor_or_low_capacity_manor,minor_lordship,Manor of Brookwell Hall,Manor of Brookwell Hall,Brookwell Hall,included_in_source_candidate_lock_view,accepted_unchanged,,,visible_public_name,false,false,false,false,false,false,false,false,false,false,false
manor:manor_hx_45657,manor_working_final_ready,manor_hx_45657,manor,c_13,Ivydale,hx_45657,T4_minor_or_low_capacity_manor,minor_lordship,Manor of Holly Grange,Manor of Holly Grange,Holly Grange,included_in_source_candidate_lock_view,accepted_unchanged,,,visible_public_name,false,false,false,false,false,false,false,false,false,false,false
manor:manor_hx_45659,manor_working_final_ready,manor_hx_45659,manor,c_13,Ivydale,hx_45659,T3_high_capacity_ordinary_manor,minor_lordship,Manor of Lindenton,Manor of Lindenton,Lindenton,included_in_source_candidate_lock_view,accepted_unchanged,,,visible_public_name,false,false,false,false,false,false,false,false,false,false,false
manor:manor_hx_45661,manor_working_final_ready,manor_hx_45661,manor,c_13,Ivydale,hx_45661,T3_high_capacity_ordinary_manor,minor_lordship,Manor of Ferncote Hall,Manor of Ferncote Hall,Ferncote Hall,included_in_source_candidate_lock_view,accepted_unchanged,,,visible_public_name,false,false,false,false,false,false,false,false,false,false,false
manor:manor_hx_45663,manor_working_final_ready,manor_hx_45663,manor,c_13,Ivydale,hx_45663,T4_minor_or_low_capacity_manor,minor_lordship,Manor of Yewbarrow Court,Manor of Yewbarrow Court,Yewbarrow Court,included_in_source_candidate_lock_view,accepted_unchanged,,,visible_public_name,false,false,false,false,false,false,false,false,false,false,false
manor:manor_hx_45664,manor_working_final_ready,manor_hx_45664,manor,c_13,Ivydale,hx_45664,T4_minor_or_low_capacity_manor,minor_lordship,Manor of Ferncote,Manor of Ferncote,Ferncote,included_in_source_candidate_lock_view,accepted_unchanged,,,visible_public_name,false,false,false,false,false,false,false,false,false,false,false
manor:manor_hx_45928,manor_working_final_ready,manor_hx_45928,manor,c_13,Ivydale,hx_45928,T3_high_capacity_ordinary_manor,minor_lordship,Manor of Valedale Hall,Manor of Valedale Hall,Valedale Hall,included_in_source_candidate_lock_view,accepted_unchanged,,,visible_public_name,false,false,false,false,false,false,false,false,false,false,false
manor:manor_hx_45933,manor_working_final_ready,manor_hx_45933,manor,c_13,Ivydale,hx_45933,T4_minor_or_low_capacity_manor,minor_lordship,Manor of Brookworth,Manor of Brookworth,Brookworth,included_in_source_candidate_lock_view,accepted_unchanged,,,visible_public_name,false,false,false,false,false,false,false,false,false,false,false
manor:manor_hx_45946,manor_working_final_ready,manor_hx_45946,manor,c_13,Ivydale,hx_45946,T2_seat_complex_or_strategic_manor,minor_lordship,Manor of Dalebrook,Manor of Dalebrook,Dalebrook,included_in_source_candidate_lock_view,accepted_unchanged,,,visible_public_name,false,false,false,false,false,false,false,false,false,false,false
manor:manor_hx_45949,manor_working_final_ready,manor_hx_45949,manor,c_13,Ivydale,hx_45949,T2_seat_complex_or_strategic_manor,minor_lordship,Manor of Bannerham Court,Manor of Bannerham Court,Bannerham Court,included_in_source_candidate_lock_view,accepted_unchanged,,,visible_public_name,false,false,false,false,false,false,false,false,false,false,false
manor:manor_hx_46210,manor_working_final_ready,manor_hx_46210,manor,c_13,Ivydale,hx_46210,T4_minor_or_low_capacity_manor,minor_lordship,Manor of Brookwell Court,Manor of Brookwell Court,Brookwell Court,included_in_source_candidate_lock_view,accepted_unchanged,,,visible_public_name,false,false,false,false,false,false,false,false,false,false,false
manor:manor_hx_46217,manor_working_final_ready,manor_hx_46217,manor,c_13,Ivydale,hx_46217,T4_minor_or_low_capacity_manor,minor_lordship,Manor of Goatdale,Manor of Goatdale,Goatdale,included_in_source_candidate_lock_view,accepted_unchanged,,,visible_public_name,false,false,false,false,false,false,false,false,false,false,false
manor:manor_hx_46224,manor_working_final_ready,manor_hx_46224,manor,c_13,Ivydale,hx_46224,T4_minor_or_low_capacity_manor,minor_lordship,Manor of Mallow Brook,Manor of Mallow Brook,Mallow Brook,included_in_source_candidate_lock_view,accepted_unchanged,,,visible_public_name,false,false,false,false,false,false,false,false,false,false,false
manor:manor_hx_46230,manor_working_final_ready,manor_hx_46230,manor,c_13,Ivydale,hx_46230,T2_seat_complex_or_strategic_manor,minor_lordship,Manor of Goatton Hall,Manor of Goatton Hall,Goatton Hall,included_in_source_candidate_lock_view,accepted_unchanged,,,visible_public_name,false,false,false,false,false,false,false,false,false,false,false
manor:manor_hx_46495,manor_working_final_ready,manor_hx_46495,manor,c_13,Ivydale,hx_46495,T4_minor_or_low_capacity_manor,minor_lordship,Manor of Valeham Hall,Manor of Valeham Hall,Valeham Hall,included_in_source_candidate_lock_view,accepted_unchanged,,,visible_public_name,false,false,false,false,false,false,false,false,false,false,false
manor:manor_hx_46498,manor_working_final_ready,manor_hx_46498,manor,c_13,Ivydale,hx_46498,T4_minor_or_low_capacity_manor,minor_lordship,Manor of LindenHall,Manor of Lindenhall,Lindenhall,included_in_source_candidate_lock_view,accepted_with_postlock_place_anchor_style_quality_repair,V04-PLACE-ANCHOR-STYLE-QUALITY-MATERIALIZATION-001,,visible_public_name,false,false,false,false,false,false,false,false,false,false,false
manor:manor_hx_46771,manor_working_final_ready,manor_hx_46771,manor,c_13,Ivydale,hx_46771,T3_high_capacity_ordinary_manor,minor_lordship,Manor of Ivyham,Manor of Ivyham,Ivyham,included_in_source_candidate_lock_view,accepted_unchanged,,,visible_public_name,false,false,false,false,false,false,false,false,false,false,false
manor:manor_hx_46774,manor_working_final_ready,manor_hx_46774,manor,c_13,Ivydale,hx_46774,T4_minor_or_low_capacity_manor,minor_lordship,Manor of Brookwell,Manor of Brookwell,Brookwell,included_in_source_candidate_lock_view,accepted_unchanged,,,visible_public_name,false,false,false,false,false,false,false,false,false,false,false
manor:manor_hx_46776,manor_working_final_ready,manor_hx_46776,manor,c_13,Ivydale,hx_46776,T4_minor_or_low_capacity_manor,minor_lordship,Manor of Valeham Court,Manor of Valeham Court,Valeham Court,included_in_source_candidate_lock_view,accepted_unchanged,,,visible_public_name,false,false,false,false,false,false,false,false,false,false,false
manor:manor_hx_46784,manor_working_final_ready,manor_hx_46784,manor,c_13,Ivydale,hx_46784,T4_minor_or_low_capacity_manor,minor_lordship,Manor of ShadeWell,Manor of Shadewell,Shadewell,included_in_source_candidate_lock_view,accepted_with_postlock_place_anchor_style_quality_repair,V04-PLACE-ANCHOR-STYLE-QUALITY-MATERIALIZATION-001,,visible_public_name,false,false,false,false,false,false,false,false,false,false,false
manor:manor_hx_47053,manor_working_final_ready,manor_hx_47053,manor,c_13,Ivydale,hx_47053,T4_minor_or_low_capacity_manor,minor_lordship,Manor of CressFold,Manor of CressFold,CressFold,included_in_source_candidate_lock_view,accepted_unchanged,,,visible_public_name,false,false,false,false,false,false,false,false,false,false,false
manor:manor_hx_47063,manor_working_final_ready,manor_hx_47063,manor,c_13,Ivydale,hx_47063,T4_minor_or_low_capacity_manor,minor_lordship,Manor of Wren Stead,Manor of Wren Stead,Wren Stead,included_in_source_candidate_lock_view,accepted_unchanged,,,visible_public_name,false,false,false,false,false,false,false,false,false,false,false
manor:manor_hx_47066,manor_working_final_ready,manor_hx_47066,manor,c_13,Ivydale,hx_47066,T4_minor_or_low_capacity_manor,minor_lordship,Manor of Goatwell,Manor of Goatwell,Goatwell,included_in_source_candidate_lock_view,accepted_unchanged,,,visible_public_name,false,false,false,false,false,false,false,false,false,false,false
manor:manor_hx_47068,manor_working_final_ready,manor_hx_47068,manor,c_13,Ivydale,hx_47068,T4_minor_or_low_capacity_manor,minor_lordship,Manor of ThornBrook,Manor of Thornbrook,Thornbrook,included_in_source_candidate_lock_view,accepted_with_postlock_place_anchor_style_quality_repair,V04-PLACE-ANCHOR-STYLE-QUALITY-MATERIALIZATION-001,,visible_public_name,false,false,false,false,false,false,false,false,false,false,false
manor:manor_hx_47069,manor_working_final_ready,manor_hx_47069,manor,c_13,Ivydale,hx_47069,T4_minor_or_low_capacity_manor,minor_lordship,Manor of Ashwell,Manor of Ashwell,Ashwell,included_in_source_candidate_lock_view,accepted_unchanged,,,visible_public_name,false,false,false,false,false,false,false,false,false,false,false
manor:manor_hx_47072,manor_working_final_ready,manor_hx_47072,manor,c_13,Ivydale,hx_47072,T4_minor_or_low_capacity_manor,minor_lordship,Manor of Marchstead Court,Manor of Marchstead Court,Marchstead Court,included_in_source_candidate_lock_view,accepted_unchanged,,,visible_public_name,false,false,false,false,false,false,false,false,false,false,false
manor:manor_hx_47333,manor_working_final_ready,manor_hx_47333,manor,c_13,Ivydale,hx_47333,T4_minor_or_low_capacity_manor,minor_lordship,Manor of Fernley,Manor of Fernley,Fernley,included_in_source_candidate_lock_view,accepted_unchanged,,,visible_public_name,false,false,false,false,false,false,false,false,false,false,false
manor:manor_hx_47335,manor_working_final_ready,manor_hx_47335,manor,c_13,Ivydale,hx_47335,T4_minor_or_low_capacity_manor,minor_lordship,Manor of Fernley Court,Manor of Fernley Court,Fernley Court,included_in_source_candidate_lock_view,accepted_unchanged,,,visible_public_name,false,false,false,false,false,false,false,false,false,false,false
manor:manor_hx_47340,manor_working_final_ready,manor_hx_47340,manor,c_13,Ivydale,hx_47340,T4_minor_or_low_capacity_manor,minor_lordship,Manor of Brookstead Hall,Manor of Brookstead Hall,Brookstead Hall,included_in_source_candidate_lock_view,accepted_unchanged,,,visible_public_name,false,false,false,false,false,false,false,false,false,false,false
manor:manor_hx_47355,manor_working_final_ready,manor_hx_47355,manor,c_13,Ivydale,hx_47355,T4_minor_or_low_capacity_manor,minor_lordship,Manor of Daleworth,Manor of Daleworth,Daleworth,included_in_source_candidate_lock_view,accepted_unchanged,,,visible_public_name,false,false,false,false,false,false,false,false,false,false,false
manor:manor_hx_47616,manor_working_final_ready,manor_hx_47616,manor,c_13,Ivydale,hx_47616,T4_minor_or_low_capacity_manor,minor_lordship,Manor of Hazelcote,Manor of Hazelcote,Hazelcote,included_in_source_candidate_lock_view,accepted_unchanged,,,visible_public_name,false,false,false,false,false,false,false,false,false,false,false
manor:manor_hx_47618,manor_working_final_ready,manor_hx_47618,manor,c_13,Ivydale,hx_47618,T4_minor_or_low_capacity_manor,minor_lordship,Manor of Valeham,Manor of Valeham,Valeham,included_in_source_candidate_lock_view,accepted_unchanged,,,visible_public_name,false,false,false,false,false,false,false,false,false,false,false
manor:manor_hx_47620,manor_working_final_ready,manor_hx_47620,manor,c_13,Ivydale,hx_47620,T4_minor_or_low_capacity_manor,minor_lordship,Manor of Brookstead Court,Manor of Brookstead Court,Brookstead Court,included_in_source_candidate_lock_view,accepted_unchanged,,,visible_public_name,false,false,false,false,false,false,false,false,false,false,false
manor:manor_hx_47628,manor_working_final_ready,manor_hx_47628,manor,c_13,Ivydale,hx_47628,T4_minor_or_low_capacity_manor,minor_lordship,Manor of HollyHurst,Manor of Hollyhurst,Hollyhurst,included_in_source_candidate_lock_view,accepted_with_postlock_place_anchor_style_quality_repair,V04-PLACE-ANCHOR-STYLE-QUALITY-MATERIALIZATION-001,,visible_public_name,false,false,false,false,false,false,false,false,false,false,false
manor:manor_hx_47630,manor_working_final_ready,manor_hx_47630,manor,c_13,Ivydale,hx_47630,T4_minor_or_low_capacity_manor,minor_lordship,Manor of Ashwell Court,Manor of Ashwell Court,Ashwell Court,included_in_source_candidate_lock_view,accepted_unchanged,,,visible_public_name,false,false,false,false,false,false,false,false,false,false,false
manor:manor_hx_47633,manor_working_final_ready,manor_hx_47633,manor,c_13,Ivydale,hx_47633,T4_minor_or_low_capacity_manor,minor_lordship,Manor of Daleworth Hall,Manor of Daleworth Hall,Daleworth Hall,included_in_source_candidate_lock_view,accepted_unchanged,,,visible_public_name,false,false,false,false,false,false,false,false,false,false,false
manor:manor_hx_47638,manor_working_final_ready,manor_hx_47638,manor,c_13,Ivydale,hx_47638,T3_high_capacity_ordinary_manor,minor_lordship,Manor of Stanley Court,Manor of Stanley Court,Stanley Court,included_in_source_candidate_lock_view,accepted_unchanged,,,visible_public_name,false,false,false,false,false,false,false,false,false,false,false
manor:manor_hx_47894,manor_working_final_ready,manor_hx_47894,manor,c_13,Ivydale,hx_47894,T4_minor_or_low_capacity_manor,minor_lordship,Manor of Hartdale,Manor of Hartdale,Hartdale,included_in_source_candidate_lock_view,accepted_unchanged,,,visible_public_name,false,false,false,false,false,false,false,false,false,false,false
manor:manor_hx_47895,manor_working_final_ready,manor_hx_47895,manor,c_13,Ivydale,hx_47895,T4_minor_or_low_capacity_manor,minor_lordship,Manor of Ivyminster,Manor of Ivyminster,Ivyminster,included_in_source_candidate_lock_view,accepted_unchanged,,,visible_public_name,false,false,false,false,false,false,false,false,false,false,false
manor:manor_hx_47916,manor_working_final_ready,manor_hx_47916,manor,c_13,Ivydale,hx_47916,T4_minor_or_low_capacity_manor,minor_lordship,Manor of Daleworth Court,Manor of Daleworth Court,Daleworth Court,included_in_source_candidate_lock_view,accepted_unchanged,,,visible_public_name,false,false,false,false,false,false,false,false,false,false,false
manor:manor_hx_48180,manor_working_final_ready,manor_hx_48180,manor,c_13,Ivydale,hx_48180,T4_minor_or_low_capacity_manor,minor_lordship,Manor of Mosswick Hall,Manor of Mosswick Hall,Mosswick Hall,included_in_source_candidate_lock_view,accepted_unchanged,,,visible_public_name,false,false,false,false,false,false,false,false,false,false,false
manor:manor_hx_48189,manor_working_final_ready,manor_hx_48189,manor,c_13,Ivydale,hx_48189,T3_high_capacity_ordinary_manor,minor_lordship,Manor of Mossworth,Manor of Mossworth,Mossworth,included_in_source_candidate_lock_view,accepted_unchanged,,,visible_public_name,false,false,false,false,false,false,false,false,false,false,false
manor:manor_hx_48195,manor_working_final_ready,manor_hx_48195,manor,c_13,Ivydale,hx_48195,T3_high_capacity_ordinary_manor,minor_lordship,Manor of Ridgecote Hall,Manor of Ridgecote Hall,Ridgecote Hall,included_in_source_candidate_lock_view,accepted_unchanged,,,visible_public_name,false,false,false,false,false,false,false,false,false,false,false
manor:manor_hx_48456,manor_working_final_ready,manor_hx_48456,manor,c_13,Ivydale,hx_48456,T4_minor_or_low_capacity_manor,minor_lordship,,Manor of Ivycross,Ivycross,included_in_working_authority_name_closure,approved_blank_name_closure_applied,V04-PLACE-MANOR-LCU-BLANK-NAME-AND-QA-PERSON-NAME-CLOSURE-MATERIALIZATION-001,,visible_public_name,false,false,false,false,false,false,false,false,false,false,false
manor:manor_hx_48457,manor_working_final_ready,manor_hx_48457,manor,c_13,Ivydale,hx_48457,T3_high_capacity_ordinary_manor,minor_lordship,Manor of Yewstow Hall,Manor of Yewstow Hall,Yewstow Hall,included_in_source_candidate_lock_view,accepted_unchanged,,,visible_public_name,false,false,false,false,false,false,false,false,false,false,false
manor:manor_hx_48463,manor_working_final_ready,manor_hx_48463,manor,c_13,Ivydale,hx_48463,T3_high_capacity_ordinary_manor,minor_lordship,Manor of Brookstead,Manor of Brookstead,Brookstead,included_in_source_candidate_lock_view,accepted_unchanged,,,visible_public_name,false,false,false,false,false,false,false,false,false,false,false
manor:manor_hx_48466,manor_working_final_ready,manor_hx_48466,manor,c_13,Ivydale,hx_48466,T3_high_capacity_ordinary_manor,minor_lordship,Manor of Hollowstow Hall,Manor of Hollowstow Hall,Hollowstow Hall,included_in_source_candidate_lock_view,accepted_unchanged,,,visible_public_name,false,false,false,false,false,false,false,false,false,false,false
manor:manor_hx_48478,manor_working_final_ready,manor_hx_48478,manor,c_13,Ivydale,hx_48478,T4_minor_or_low_capacity_manor,minor_lordship,Manor of Ridgecote,Manor of Ridgecote,Ridgecote,included_in_source_candidate_lock_view,accepted_unchanged,,,visible_public_name,false,false,false,false,false,false,false,false,false,false,false
manor:manor_hx_48479,manor_working_final_ready,manor_hx_48479,manor,c_13,Ivydale,hx_48479,T4_minor_or_low_capacity_manor,minor_lordship,Manor of Ridgecote Court,Manor of Ridgecote Court,Ridgecote Court,included_in_source_candidate_lock_view,accepted_unchanged,,,visible_public_name,false,false,false,false,false,false,false,false,false,false,false
manor:manor_hx_48731,manor_working_final_ready,manor_hx_48731,manor,c_13,Ivydale,hx_48731,T4_minor_or_low_capacity_manor,minor_lordship,Manor of Deepminster Court,Manor of Deepminster Court,Deepminster Court,included_in_source_candidate_lock_view,accepted_unchanged,,,visible_public_name,false,false,false,false,false,false,false,false,false,false,false
manor:manor_hx_48741,manor_working_final_ready,manor_hx_48741,manor,c_13,Ivydale,hx_48741,T4_minor_or_low_capacity_manor,minor_lordship,Manor of Mosswick,Manor of Mosswick,Mosswick,included_in_source_candidate_lock_view,accepted_unchanged,,,visible_public_name,false,false,false,false,false,false,false,false,false,false,false
manor:manor_hx_48752,manor_working_final_ready,manor_hx_48752,manor,c_13,Ivydale,hx_48752,T4_minor_or_low_capacity_manor,minor_lordship,Manor of Mossworth Hall,Manor of Mossworth Hall,Mossworth Hall,included_in_source_candidate_lock_view,accepted_unchanged,,,visible_public_name,false,false,false,false,false,false,false,false,false,false,false
manor:manor_hx_49017,manor_working_final_ready,manor_hx_49017,manor,c_13,Ivydale,hx_49017,T4_minor_or_low_capacity_manor,minor_lordship,Manor of Cloverham,Manor of Cloverham,Cloverham,included_in_source_candidate_lock_view,accepted_unchanged,,,visible_public_name,false,false,false,false,false,false,false,false,false,false,false
manor:manor_hx_49019,manor_working_final_ready,manor_hx_49019,manor,c_13,Ivydale,hx_49019,T4_minor_or_low_capacity_manor,minor_lordship,Manor of Mallow Grange,Manor of Mallow Grange,Mallow Grange,included_in_source_candidate_lock_view,accepted_unchanged,,,visible_public_name,false,false,false,false,false,false,false,false,false,false,false
manor:manor_hx_49026,manor_working_final_ready,manor_hx_49026,manor,c_13,Ivydale,hx_49026,T4_minor_or_low_capacity_manor,minor_lordship,Manor of Hazelwick,Manor of Hazelwick,Hazelwick,included_in_source_candidate_lock_view,accepted_unchanged,,,visible_public_name,false,false,false,false,false,false,false,false,false,false,false
manor:manor_hx_49028,manor_working_final_ready,manor_hx_49028,manor,c_13,Ivydale,hx_49028,T4_minor_or_low_capacity_manor,minor_lordship,Manor of Hollowstow Court,Manor of Hollowstow Court,Hollowstow Court,included_in_source_candidate_lock_view,accepted_unchanged,,,visible_public_name,false,false,false,false,false,false,false,false,false,false,false
manor:manor_hx_49030,manor_working_final_ready,manor_hx_49030,manor,c_13,Ivydale,hx_49030,T4_minor_or_low_capacity_manor,minor_lordship,Manor of Mossworth Court,Manor of Mossworth Court,Mossworth Court,included_in_source_candidate_lock_view,accepted_unchanged,,,visible_public_name,false,false,false,false,false,false,false,false,false,false,false
manor:manor_hx_49301,manor_working_final_ready,manor_hx_49301,manor,c_13,Ivydale,hx_49301,T4_minor_or_low_capacity_manor,minor_lordship,Manor of Yewstow,Manor of Yewstow,Yewstow,included_in_source_candidate_lock_view,accepted_unchanged,,,visible_public_name,false,false,false,false,false,false,false,false,false,false,false
manor:manor_hx_49305,manor_working_final_ready,manor_hx_49305,manor,c_13,Ivydale,hx_49305,T4_minor_or_low_capacity_manor,minor_lordship,Manor of Hazelwick Hall,Manor of Hazelwick Hall,Hazelwick Hall,included_in_source_candidate_lock_view,accepted_unchanged,,,visible_public_name,false,false,false,false,false,false,false,false,false,false,false
manor:manor_hx_49308,manor_working_final_ready,manor_hx_49308,manor,c_13,Ivydale,hx_49308,T3_high_capacity_ordinary_manor,minor_lordship,Manor of Hollowstow,Manor of Hollowstow,Hollowstow,included_in_source_candidate_lock_view,accepted_unchanged,,,visible_public_name,false,false,false,false,false,false,false,false,false,false,false
manor:manor_hx_49317,manor_working_final_ready,manor_hx_49317,manor,c_13,Ivydale,hx_49317,T4_minor_or_low_capacity_manor,minor_lordship,Manor of Springdale,Manor of Springdale,Springdale,included_in_source_candidate_lock_view,accepted_unchanged,,,visible_public_name,false,false,false,false,false,false,false,false,false,false,false
manor:manor_hx_49318,manor_working_final_ready,manor_hx_49318,manor,c_13,Ivydale,hx_49318,T4_minor_or_low_capacity_manor,minor_lordship,Manor of Springdale Hall,Manor of Springdale Hall,Springdale Hall,included_in_source_candidate_lock_view,accepted_unchanged,,,visible_public_name,false,false,false,false,false,false,false,false,false,false,false
manor:manor_hx_49321,manor_working_final_ready,manor_hx_49321,manor,c_13,Ivydale,hx_49321,T4_minor_or_low_capacity_manor,minor_lordship,Manor of Oakbank Hall,Manor of Oakbank Hall,Oakbank Hall,included_in_source_candidate_lock_view,accepted_unchanged,,,visible_public_name,false,false,false,false,false,false,false,false,false,false,false
manor:manor_hx_49583,manor_working_final_ready,manor_hx_49583,manor,c_13,Ivydale,hx_49583,T4_minor_or_low_capacity_manor,minor_lordship,Manor of Holloway,Manor of Holloway,Holloway,included_in_source_candidate_lock_view,accepted_unchanged,,,visible_public_name,false,false,false,false,false,false,false,false,false,false,false
manor:manor_hx_49597,manor_working_final_ready,manor_hx_49597,manor,c_13,Ivydale,hx_49597,T4_minor_or_low_capacity_manor,minor_lordship,Manor of Springdale Court,Manor of Springdale Court,Springdale Court,included_in_source_candidate_lock_view,accepted_unchanged,,,visible_public_name,false,false,false,false,false,false,false,false,false,false,false
manor:manor_hx_49866,manor_working_final_ready,manor_hx_49866,manor,c_13,Ivydale,hx_49866,T4_minor_or_low_capacity_manor,minor_lordship,Manor of Ridgefield,Manor of Ridgefield,Ridgefield,included_in_source_candidate_lock_view,accepted_unchanged,,,visible_public_name,false,false,false,false,false,false,false,false,false,false,false
manor:manor_hx_49874,manor_working_final_ready,manor_hx_49874,manor,c_13,Ivydale,hx_49874,T4_minor_or_low_capacity_manor,minor_lordship,Manor of Dalecote,Manor of Dalecote,Dalecote,included_in_source_candidate_lock_view,accepted_unchanged,,,visible_public_name,false,false,false,false,false,false,false,false,false,false,false
manor:manor_hx_49879,manor_working_final_ready,manor_hx_49879,manor,c_13,Ivydale,hx_49879,T4_minor_or_low_capacity_manor,minor_lordship,Manor of Fernfield Hall,Manor of Fernfield Hall,Fernfield Hall,included_in_source_candidate_lock_view,accepted_unchanged,,,visible_public_name,false,false,false,false,false,false,false,false,false,false,false
manor:manor_hx_50133,manor_working_final_ready,manor_hx_50133,manor,c_13,Ivydale,hx_50133,T4_minor_or_low_capacity_manor,minor_lordship,Manor of Ashworth Hall,Manor of Ashworth Hall,Ashworth Hall,included_in_source_candidate_lock_view,accepted_unchanged,,,visible_public_name,false,false,false,false,false,false,false,false,false,false,false
manor:manor_hx_50136,manor_working_final_ready,manor_hx_50136,manor,c_13,Ivydale,hx_50136,T4_minor_or_low_capacity_manor,minor_lordship,Manor of Ashworth,Manor of Ashworth,Ashworth,included_in_source_candidate_lock_view,accepted_unchanged,,,visible_public_name,false,false,false,false,false,false,false,false,false,false,false
manor:manor_hx_50148,manor_working_final_ready,manor_hx_50148,manor,c_13,Ivydale,hx_50148,T4_minor_or_low_capacity_manor,minor_lordship,Manor of Ashfield,Manor of Ashdown,Ashdown,included_in_source_candidate_lock_view,approved_name_repair_applied,PNC-REPAIR-002,,visible_public_name,false,false,false,false,false,false,false,false,false,false,false
manor:manor_hx_50155,manor_working_final_ready,manor_hx_50155,manor,c_13,Ivydale,hx_50155,T4_minor_or_low_capacity_manor,minor_lordship,Manor of Dalecote Hall,Manor of Dalecote Hall,Dalecote Hall,included_in_source_candidate_lock_view,accepted_unchanged,,,visible_public_name,false,false,false,false,false,false,false,false,false,false,false
manor:manor_hx_50161,manor_working_final_ready,manor_hx_50161,manor,c_13,Ivydale,hx_50161,T4_minor_or_low_capacity_manor,minor_lordship,Manor of Fernfield Court,Manor of Fernfield Court,Fernfield Court,included_in_source_candidate_lock_view,accepted_unchanged,,,visible_public_name,false,false,false,false,false,false,false,false,false,false,false
manor:manor_hx_50433,manor_working_final_ready,manor_hx_50433,manor,c_13,Ivydale,hx_50433,T3_high_capacity_ordinary_manor,minor_lordship,Manor of Greenvale Hall,Manor of Greenvale Hall,Greenvale Hall,included_in_source_candidate_lock_view,accepted_unchanged,,,visible_public_name,false,false,false,false,false,false,false,false,false,false,false
manor:manor_hx_50441,manor_working_final_ready,manor_hx_50441,manor,c_13,Ivydale,hx_50441,T4_minor_or_low_capacity_manor,minor_lordship,Manor of Fernfield,Manor of Fernfield,Fernfield,included_in_source_candidate_lock_view,accepted_unchanged,,,visible_public_name,false,false,false,false,false,false,false,false,false,false,false
manor:manor_hx_50707,manor_working_final_ready,manor_hx_50707,manor,c_13,Ivydale,hx_50707,T2_seat_complex_or_strategic_manor,minor_lordship,Manor of Mallowstead,Manor of Mallowstead,Mallowstead,included_in_source_candidate_lock_view,accepted_unchanged,,,visible_public_name,false,false,false,false,false,false,false,false,false,false,false
manor:manor_hx_50709,manor_working_final_ready,manor_hx_50709,manor,c_13,Ivydale,hx_50709,T2_seat_complex_or_strategic_manor,minor_lordship,Manor of Thorncote Court,Manor of Thorncote Court,Thorncote Court,included_in_source_candidate_lock_view,accepted_unchanged,,,visible_public_name,false,false,false,false,false,false,false,false,false,false,false
manor:manor_hx_50715,manor_working_final_ready,manor_hx_50715,manor,c_13,Ivydale,hx_50715,T3_high_capacity_ordinary_manor,minor_lordship,Manor of Greenvale Court,Manor of Greenvale Court,Greenvale Court,included_in_source_candidate_lock_view,accepted_unchanged,,,visible_public_name,false,false,false,false,false,false,false,false,false,false,false
manor:manor_hx_50976,manor_working_final_ready,manor_hx_50976,manor,c_13,Ivydale,hx_50976,T4_minor_or_low_capacity_manor,minor_lordship,Manor of Springcote,Manor of Springcote,Springcote,included_in_source_candidate_lock_view,accepted_unchanged,,,visible_public_name,false,false,false,false,false,false,false,false,false,false,false
manor:manor_hx_50994,manor_working_final_ready,manor_hx_50994,manor,c_13,Ivydale,hx_50994,T4_minor_or_low_capacity_manor,minor_lordship,Manor of Greenvale,Manor of Greenvale,Greenvale,included_in_source_candidate_lock_view,accepted_unchanged,,,visible_public_name,false,false,false,false,false,false,false,false,false,false,false
manor:manor_hx_51273,manor_working_final_ready,manor_hx_51273,manor,c_13,Ivydale,hx_51273,T4_minor_or_low_capacity_manor,minor_lordship,Manor of Thorncote,Manor of Thorncote,Thorncote,included_in_source_candidate_lock_view,accepted_unchanged,,,visible_public_name,false,false,false,false,false,false,false,false,false,false,false
manor:manor_hx_51279,manor_working_final_ready,manor_hx_51279,manor,c_13,Ivydale,hx_51279,T4_minor_or_low_capacity_manor,minor_lordship,Manor of WrenCroft,Manor of WrenCroft,WrenCroft,included_in_source_candidate_lock_view,accepted_unchanged,,,visible_public_name,false,false,false,false,false,false,false,false,false,false,false
manor:manor_hx_51537,manor_working_final_ready,manor_hx_51537,manor,c_13,Ivydale,hx_51537,T3_high_capacity_ordinary_manor,minor_lordship,Manor of Goatcote,Manor of Goatcote,Goatcote,included_in_source_candidate_lock_view,accepted_unchanged,,,visible_public_name,false,false,false,false,false,false,false,false,false,false,false
manor:manor_hx_51555,manor_working_final_ready,manor_hx_51555,manor,c_13,Ivydale,hx_51555,T4_minor_or_low_capacity_manor,minor_lordship,Manor of Cloverfield,Manor of Cloverdene,Cloverdene,included_in_source_candidate_lock_view,approved_name_repair_applied,PNC-REPAIR-008,,visible_public_name,false,false,false,false,false,false,false,false,false,false,false
manor:manor_hx_51557,manor_working_final_ready,manor_hx_51557,manor,c_13,Ivydale,hx_51557,T3_high_capacity_ordinary_manor,minor_lordship,Manor of Cloverfield Court,Manor of Cloverfield Court,Cloverfield Court,included_in_source_candidate_lock_view,accepted_unchanged,,,visible_public_name,false,false,false,false,false,false,false,false,false,false,false
manor:manor_hx_52377,manor_working_final_ready,manor_hx_52377,manor,c_13,Ivydale,hx_52377,T3_high_capacity_ordinary_manor,minor_lordship,Manor of Wren Hurst,Manor of Wren Hurst,Wren Hurst,included_in_source_candidate_lock_view,accepted_unchanged,,,visible_public_name,false,false,false,false,false,false,false,false,false,false,false
manor:manor_hx_52386,manor_working_final_ready,manor_hx_52386,manor,c_13,Ivydale,hx_52386,T4_minor_or_low_capacity_manor,minor_lordship,Manor of Valebury,Manor of Valebury,Valebury,included_in_source_candidate_lock_view,accepted_unchanged,,,visible_public_name,false,false,false,false,false,false,false,false,false,false,false
manor:manor_hx_52388,manor_working_final_ready,manor_hx_52388,manor,c_13,Ivydale,hx_52388,T4_minor_or_low_capacity_manor,minor_lordship,Manor of Shadeworth,Manor of Shadeworth,Shadeworth,included_in_source_candidate_lock_view,accepted_unchanged,,,visible_public_name,false,false,false,false,false,false,false,false,false,false,false
manor:manor_hx_52659,manor_working_final_ready,manor_hx_52659,manor,c_13,Ivydale,hx_52659,T4_minor_or_low_capacity_manor,minor_lordship,Manor of Thornworth Court,Manor of Thornworth Court,Thornworth Court,included_in_source_candidate_lock_view,accepted_unchanged,,,visible_public_name,false,false,false,false,false,false,false,false,false,false,false
manor:manor_hx_52948,manor_working_final_ready,manor_hx_52948,manor,c_13,Ivydale,hx_52948,T4_minor_or_low_capacity_manor,minor_lordship,Manor of Valebury Hall,Manor of Valebury Hall,Valebury Hall,included_in_source_candidate_lock_view,accepted_unchanged,,,visible_public_name,false,false,false,false,false,false,false,false,false,false,false
manor:manor_hx_53226,manor_working_final_ready,manor_hx_53226,manor,c_13,Ivydale,hx_53226,T4_minor_or_low_capacity_manor,minor_lordship,Manor of Hartton Hall,Manor of Hartton Hall,Hartton Hall,included_in_source_candidate_lock_view,accepted_unchanged,,,visible_public_name,false,false,false,false,false,false,false,false,false,false,false
manor:manor_hx_53231,manor_working_final_ready,manor_hx_53231,manor,c_13,Ivydale,hx_53231,T4_minor_or_low_capacity_manor,minor_lordship,Manor of Shadeham,Manor of Shadeham,Shadeham,included_in_source_candidate_lock_view,accepted_unchanged,,,visible_public_name,false,false,false,false,false,false,false,false,false,false,false
manor:manor_hx_53502,manor_working_final_ready,manor_hx_53502,manor,c_13,Ivydale,hx_53502,T3_high_capacity_ordinary_manor,minor_lordship,Manor of Daleshaw,Manor of Daleshaw,Daleshaw,included_in_source_candidate_lock_view,accepted_unchanged,,,visible_public_name,false,false,false,false,false,false,false,false,false,false,false
manor:manor_hx_53510,manor_working_final_ready,manor_hx_53510,manor,c_13,Ivydale,hx_53510,T4_minor_or_low_capacity_manor,minor_lordship,Manor of Wrenfold,Manor of Wrenfold,Wrenfold,included_in_source_candidate_lock_view,accepted_unchanged,,,visible_public_name,false,false,false,false,false,false,false,false,false,false,false
manor:manor_hx_53788,manor_working_final_ready,manor_hx_53788,manor,c_13,Ivydale,hx_53788,T3_high_capacity_ordinary_manor,minor_lordship,Manor of Hartton Court,Manor of Hartton Court,Hartton Court,included_in_source_candidate_lock_view,accepted_unchanged,,,visible_public_name,false,false,false,false,false,false,false,false,false,false,false
manor:manor_hx_53793,manor_working_final_ready,manor_hx_53793,manor,c_13,Ivydale,hx_53793,T3_high_capacity_ordinary_manor,minor_lordship,Manor of BrookBrook,Manor of BrookBrook,BrookBrook,included_in_source_candidate_lock_view,accepted_unchanged,,,visible_public_name,false,false,false,false,false,false,false,false,false,false,false
manor:manor_hx_54345,manor_working_final_ready,manor_hx_54345,manor,c_13,Ivydale,hx_54345,T3_high_capacity_ordinary_manor,minor_lordship,Manor of Goatworth Hall,Manor of Goatworth Hall,Goatworth Hall,included_in_source_candidate_lock_view,accepted_unchanged,,,visible_public_name,false,false,false,false,false,false,false,false,false,false,false
manor:manor_hx_54630,manor_working_final_ready,manor_hx_54630,manor,c_13,Ivydale,hx_54630,T3_high_capacity_ordinary_manor,minor_lordship,Manor of Goatfell,Manor of Goatfell,Goatfell,included_in_source_candidate_lock_view,accepted_unchanged,,,visible_public_name,false,false,false,false,false,false,false,false,false,false,false
manor:manor_hx_54634,manor_working_final_ready,manor_hx_54634,manor,c_13,Ivydale,hx_54634,T3_high_capacity_ordinary_manor,minor_lordship,Manor of Hartbury Hall,Manor of Hartbury Hall,Hartbury Hall,included_in_source_candidate_lock_view,accepted_unchanged,,,visible_public_name,false,false,false,false,false,false,false,false,false,false,false
manor:manor_hx_55469,manor_working_final_ready,manor_hx_55469,manor,c_13,Ivydale,hx_55469,T4_minor_or_low_capacity_manor,minor_lordship,Manor of Greenridge,Manor of Greenridge,Greenridge,included_in_source_candidate_lock_view,accepted_unchanged,,,visible_public_name,false,false,false,false,false,false,false,false,false,false,false
manor:manor_hx_55753,manor_working_final_ready,manor_hx_55753,manor,c_13,Ivydale,hx_55753,T4_minor_or_low_capacity_manor,minor_lordship,Manor of Hartfold,Manor of Hartfold,Hartfold,included_in_source_candidate_lock_view,accepted_unchanged,,,visible_public_name,false,false,false,false,false,false,false,false,false,false,false
manor:manor_hx_52408,manor_working_final_ready,manor_hx_52408,manor,c_14,Kestrelford,hx_52408,T1_direct_or_institutional_manor,barony,Manor of Windwick,Manor of Windwick,Windwick,included_in_source_candidate_lock_view,accepted_unchanged,,,visible_public_name,false,false,false,false,false,false,false,false,false,false,false
manor:manor_hx_52688,manor_working_final_ready,manor_hx_52688,manor,c_14,Kestrelford,hx_52688,T1_direct_or_institutional_manor,barony,Manor of Windwick Court,Manor of Windwick Court,Windwick Court,included_in_source_candidate_lock_view,accepted_unchanged,,,visible_public_name,false,false,false,false,false,false,false,false,false,false,false
manor:manor_hx_53249,manor_working_final_ready,manor_hx_53249,manor,c_14,Kestrelford,hx_53249,T1_direct_or_institutional_manor,barony,Manor of Brackenham Hall,Manor of Brackenham Hall,Brackenham Hall,included_in_source_candidate_lock_view,accepted_unchanged,,,visible_public_name,false,false,false,false,false,false,false,false,false,false,false
manor:manor_hx_55776,manor_working_final_ready,manor_hx_55776,manor,c_14,Kestrelford,hx_55776,T1_direct_or_institutional_manor,barony,Manor of Wickbury,Manor of Wickbury,Wickbury,included_in_source_candidate_lock_view,accepted_unchanged,,,visible_public_name,false,false,false,false,false,false,false,false,false,false,false
manor:manor_hx_52689,manor_working_final_ready,manor_hx_52689,manor,c_14,Kestrelford,hx_52689,T1_direct_or_institutional_manor,church_fief,Manor of Oakford,Manor of Oakford,Oakford,included_in_source_candidate_lock_view,accepted_unchanged,,,visible_public_name,false,false,false,false,false,false,false,false,false,false,false
manor:manor_hx_54939,manor_working_final_ready,manor_hx_54939,manor,c_14,Kestrelford,hx_54939,T1_direct_or_institutional_manor,church_fief,Manor of Kestrelminster,Manor of Kestrelminster,Kestrelminster,included_in_source_candidate_lock_view,accepted_unchanged,,,visible_public_name,false,false,false,false,false,false,false,false,false,false,false
manor:manor_hx_55495,manor_working_final_ready,manor_hx_55495,manor,c_14,Kestrelford,hx_55495,T1_direct_or_institutional_manor,church_fief,Manor of Kestrelcote,Manor of Kestrelcote,Kestrelcote,included_in_source_candidate_lock_view,accepted_unchanged,,,visible_public_name,false,false,false,false,false,false,false,false,false,false,false
manor:manor_hx_56893,manor_working_final_ready,manor_hx_56893,manor,c_14,Kestrelford,hx_56893,T1_direct_or_institutional_manor,church_fief,Manor of Hawkbury,Manor of Hawkbury,Hawkbury,included_in_source_candidate_lock_view,accepted_unchanged,,,visible_public_name,false,false,false,false,false,false,false,false,false,false,false
manor:manor_hx_54094,manor_working_final_ready,manor_hx_54094,manor,c_14,Kestrelford,hx_54094,T1_direct_or_institutional_manor,county_domain,Manor of Ridgechester,Manor of Ridgechester,Ridgechester,included_in_source_candidate_lock_view,accepted_unchanged,,,visible_public_name,false,false,false,false,false,false,false,false,false,false,false
manor:manor_hx_55208,manor_working_final_ready,manor_hx_55208,manor,c_14,Kestrelford,hx_55208,T1_direct_or_institutional_manor,county_domain,Manor of Swiftcote,Manor of Swiftcote,Swiftcote,included_in_source_candidate_lock_view,accepted_unchanged,,,visible_public_name,false,false,false,false,false,false,false,false,false,false,false
manor:manor_hx_55490,manor_working_final_ready,manor_hx_55490,manor,c_14,Kestrelford,hx_55490,T1_direct_or_institutional_manor,county_domain,Manor of Greybarrow,Manor of Greybarrow,Greybarrow,included_in_source_candidate_lock_view,accepted_unchanged,,,visible_public_name,false,false,false,false,false,false,false,false,false,false,false
manor:manor_hx_56331,manor_working_final_ready,manor_hx_56331,manor,c_14,Kestrelford,hx_56331,T1_direct_or_institutional_manor,county_domain,Manor of Scarstow,Manor of Scarstow,Scarstow,included_in_source_candidate_lock_view,accepted_unchanged,,,visible_public_name,false,false,false,false,false,false,false,false,false,false,false
manor:manor_hx_56332,manor_working_final_ready,manor_hx_56332,manor,c_14,Kestrelford,hx_56332,T1_direct_or_institutional_manor,county_domain,Manor of Kestrelbury,Manor of Kestrelbury,Kestrelbury,included_in_source_candidate_lock_view,accepted_unchanged,,,visible_public_name,false,false,false,false,false,false,false,false,false,false,false
manor:manor_hx_56890,manor_working_final_ready,manor_hx_56890,manor,c_14,Kestrelford,hx_56890,T1_direct_or_institutional_manor,county_domain,Manor of Downhall,Manor of Downhall,Downhall,included_in_source_candidate_lock_view,accepted_unchanged,,,visible_public_name,false,false,false,false,false,false,false,false,false,false,false
manor:manor_hx_57175,manor_working_final_ready,manor_hx_57175,manor,c_14,Kestrelford,hx_57175,T1_direct_or_institutional_manor,county_domain,Manor of Hawkbury Hall,Manor of Hawkbury Hall,Hawkbury Hall,included_in_source_candidate_lock_view,accepted_unchanged,,,visible_public_name,false,false,false,false,false,false,false,false,false,false,false
manor:manor_hx_58015,manor_working_final_ready,manor_hx_58015,manor,c_14,Kestrelford,hx_58015,T1_direct_or_institutional_manor,county_domain,,Manor of Southwatch,Southwatch,included_in_working_authority_name_closure,approved_blank_name_closure_applied,V04-PLACE-MANOR-LCU-BLANK-NAME-AND-QA-PERSON-NAME-CLOSURE-MATERIALIZATION-001,,visible_public_name,false,false,false,false,false,false,false,false,false,false,false
manor:manor_hx_54376,manor_working_final_ready,manor_hx_54376,manor,c_14,Kestrelford,hx_54376,T1_direct_or_institutional_manor,crown_domain,Manor of Scarstead Hall,Manor of Scarstead Hall,Scarstead Hall,included_in_source_candidate_lock_view,accepted_unchanged,,,visible_public_name,false,false,false,false,false,false,false,false,false,false,false
manor:manor_hx_54653,manor_working_final_ready,manor_hx_54653,manor,c_14,Kestrelford,hx_54653,T1_direct_or_institutional_manor,crown_domain,Manor of Gorseley,Manor of Gorseley,Gorseley,included_in_source_candidate_lock_view,accepted_unchanged,,,visible_public_name,false,false,false,false,false,false,false,false,false,false,false
manor:manor_hx_54937,manor_working_final_ready,manor_hx_54937,manor,c_14,Kestrelford,hx_54937,T1_direct_or_institutional_manor,crown_domain,Manor of Scarstead,Manor of Scarstead,Scarstead,included_in_source_candidate_lock_view,accepted_unchanged,,,visible_public_name,false,false,false,false,false,false,false,false,false,false,false
manor:manor_hx_55214,manor_working_final_ready,manor_hx_55214,manor,c_14,Kestrelford,hx_55214,T1_direct_or_institutional_manor,crown_domain,Manor of Rookridge,Manor of Rookridge,Rookridge,included_in_source_candidate_lock_view,accepted_unchanged,,,visible_public_name,false,false,false,false,false,false,false,false,false,false,false
manor:manor_hx_55772,manor_working_final_ready,manor_hx_55772,manor,c_14,Kestrelford,hx_55772,T1_direct_or_institutional_manor,crown_domain,Manor of Rookridge Hall,Manor of Rookridge Hall,Rookridge Hall,included_in_source_candidate_lock_view,accepted_unchanged,,,visible_public_name,false,false,false,false,false,false,false,false,false,false,false
manor:manor_hx_56054,manor_working_final_ready,manor_hx_56054,manor,c_14,Kestrelford,hx_56054,T1_direct_or_institutional_manor,crown_domain,Manor of Rookridge Court,Manor of Rookridge Court,Rookridge Court,included_in_source_candidate_lock_view,accepted_unchanged,,,visible_public_name,false,false,false,false,false,false,false,false,false,false,false
manor:manor_hx_56058,manor_working_final_ready,manor_hx_56058,manor,c_14,Kestrelford,hx_56058,T1_direct_or_institutional_manor,crown_domain,Manor of Oakwick,Manor of Oakwick,Oakwick,included_in_source_candidate_lock_view,accepted_unchanged,,,visible_public_name,false,false,false,false,false,false,false,false,false,false,false
manor:manor_hx_50722,manor_working_final_ready,manor_hx_50722,manor,c_14,Kestrelford,hx_50722,T4_minor_or_low_capacity_manor,minor_lordship,Manor of Kingfield Hall,Manor of Kingfield Hall,Kingfield Hall,included_in_source_candidate_lock_view,accepted_unchanged,,,visible_public_name,false,false,false,false,false,false,false,false,false,false,false
manor:manor_hx_51001,manor_working_final_ready,manor_hx_51001,manor,c_14,Kestrelford,hx_51001,T3_high_capacity_ordinary_manor,minor_lordship,Manor of GreyGarth,Manor of Greygarth,Greygarth,included_in_source_candidate_lock_view,accepted_with_postlock_place_anchor_style_quality_repair,V04-PLACE-ANCHOR-STYLE-QUALITY-MATERIALIZATION-001,,visible_public_name,false,false,false,false,false,false,false,false,false,false,false
manor:manor_hx_51003,manor_working_final_ready,manor_hx_51003,manor,c_14,Kestrelford,hx_51003,T4_minor_or_low_capacity_manor,minor_lordship,Manor of Kingfield Court,Manor of Kingfield Court,Kingfield Court,included_in_source_candidate_lock_view,accepted_unchanged,,,visible_public_name,false,false,false,false,false,false,false,false,false,false,false
manor:manor_hx_51564,manor_working_final_ready,manor_hx_51564,manor,c_14,Kestrelford,hx_51564,T4_minor_or_low_capacity_manor,minor_lordship,,Manor of Gullcote,Gullcote,included_in_working_authority_name_closure,approved_blank_name_closure_applied,V04-PLACE-MANOR-LCU-BLANK-NAME-AND-QA-PERSON-NAME-CLOSURE-MATERIALIZATION-001,,visible_public_name,false,false,false,false,false,false,false,false,false,false,false
manor:manor_hx_51844,manor_working_final_ready,manor_hx_51844,manor,c_14,Kestrelford,hx_51844,T4_minor_or_low_capacity_manor,minor_lordship,Manor of Stonestreet,Manor of Stonestreet,Stonestreet,included_in_source_candidate_lock_view,accepted_unchanged,,,visible_public_name,false,false,false,false,false,false,false,false,false,false,false
manor:manor_hx_52122,manor_working_final_ready,manor_hx_52122,manor,c_14,Kestrelford,hx_52122,T4_minor_or_low_capacity_manor,minor_lordship,Manor of Rookfield,Manor of Rookfield,Rookfield,included_in_source_candidate_lock_view,accepted_unchanged,,,visible_public_name,false,false,false,false,false,false,false,false,false,false,false
manor:manor_hx_52124,manor_working_final_ready,manor_hx_52124,manor,c_14,Kestrelford,hx_52124,T4_minor_or_low_capacity_manor,minor_lordship,Manor of Ashway,Manor of Ashway,Ashway,included_in_source_candidate_lock_view,accepted_unchanged,,,visible_public_name,false,false,false,false,false,false,false,false,false,false,false
manor:manor_hx_52678,manor_working_final_ready,manor_hx_52678,manor,c_14,Kestrelford,hx_52678,T4_minor_or_low_capacity_manor,minor_lordship,Manor of Ashbarrow Hall,Manor of Ashbarrow Hall,Ashbarrow Hall,included_in_source_candidate_lock_view,accepted_unchanged,,,visible_public_name,false,false,false,false,false,false,false,false,false,false,false
manor:manor_hx_52682,manor_working_final_ready,manor_hx_52682,manor,c_14,Kestrelford,hx_52682,T4_minor_or_low_capacity_manor,minor_lordship,Manor of Swiftfield,Manor of Swiftfield,Swiftfield,included_in_source_candidate_lock_view,accepted_unchanged,,,visible_public_name,false,false,false,false,false,false,false,false,false,false,false
manor:manor_hx_52685,manor_working_final_ready,manor_hx_52685,manor,c_14,Kestrelford,hx_52685,T4_minor_or_low_capacity_manor,minor_lordship,,Manor of Brineham,Brineham,included_in_working_authority_name_closure,approved_blank_name_closure_applied,V04-PLACE-MANOR-LCU-BLANK-NAME-AND-QA-PERSON-NAME-CLOSURE-MATERIALIZATION-001,,visible_public_name,false,false,false,false,false,false,false,false,false,false,false
manor:manor_hx_52972,manor_working_final_ready,manor_hx_52972,manor,c_14,Kestrelford,hx_52972,T4_minor_or_low_capacity_manor,minor_lordship,Manor of Goldcote Hall,Manor of Goldcote Hall,Goldcote Hall,included_in_source_candidate_lock_view,accepted_unchanged,,,visible_public_name,false,false,false,false,false,false,false,false,false,false,false
manor:manor_hx_53522,manor_working_final_ready,manor_hx_53522,manor,c_14,Kestrelford,hx_53522,T4_minor_or_low_capacity_manor,minor_lordship,Manor of Cliffbeck,Manor of Cliffbeck,Cliffbeck,included_in_source_candidate_lock_view,accepted_unchanged,,,visible_public_name,false,false,false,false,false,false,false,false,false,false,false
manor:manor_hx_53526,manor_working_final_ready,manor_hx_53526,manor,c_14,Kestrelford,hx_53526,T4_minor_or_low_capacity_manor,minor_lordship,Manor of Brackenham Court,Manor of Brackenham Court,Brackenham Court,included_in_source_candidate_lock_view,accepted_unchanged,,,visible_public_name,false,false,false,false,false,false,false,false,false,false,false
manor:manor_hx_53530,manor_working_final_ready,manor_hx_53530,manor,c_14,Kestrelford,hx_53530,T3_high_capacity_ordinary_manor,minor_lordship,Manor of Brackenham,Manor of Brackenham,Brackenham,included_in_source_candidate_lock_view,accepted_unchanged,,,visible_public_name,false,false,false,false,false,false,false,false,false,false,false
manor:manor_hx_53802,manor_working_final_ready,manor_hx_53802,manor,c_14,Kestrelford,hx_53802,T4_minor_or_low_capacity_manor,minor_lordship,Manor of Ashbarrow Court,Manor of Ashbarrow Court,Ashbarrow Court,included_in_source_candidate_lock_view,accepted_unchanged,,,visible_public_name,false,false,false,false,false,false,false,false,false,false,false
manor:manor_hx_53807,manor_working_final_ready,manor_hx_53807,manor,c_14,Kestrelford,hx_53807,T4_minor_or_low_capacity_manor,minor_lordship,,Manor of Cliffton,Cliffton,included_in_working_authority_name_closure,approved_blank_name_closure_applied,V04-PLACE-MANOR-LCU-BLANK-NAME-AND-QA-PERSON-NAME-CLOSURE-MATERIALIZATION-001,,visible_public_name,false,false,false,false,false,false,false,false,false,false,false
manor:manor_hx_54084,manor_working_final_ready,manor_hx_54084,manor,c_14,Kestrelford,hx_54084,T4_minor_or_low_capacity_manor,minor_lordship,Manor of Stoneridge Hall,Manor of Stoneridge Hall,Stoneridge Hall,included_in_source_candidate_lock_view,accepted_unchanged,,,visible_public_name,false,false,false,false,false,false,false,false,false,false,false
manor:manor_hx_54357,manor_working_final_ready,manor_hx_54357,manor,c_14,Kestrelford,hx_54357,T3_high_capacity_ordinary_manor,minor_lordship,Manor of Hartbury Court,Manor of Hartbury Court,Hartbury Court,included_in_source_candidate_lock_view,accepted_unchanged,,,visible_public_name,false,false,false,false,false,false,false,false,false,false,false
manor:manor_hx_54361,manor_working_final_ready,manor_hx_54361,manor,c_14,Kestrelford,hx_54361,T3_high_capacity_ordinary_manor,minor_lordship,Manor of Windbarrow Hall,Manor of Windbarrow Hall,Windbarrow Hall,included_in_source_candidate_lock_view,accepted_unchanged,,,visible_public_name,false,false,false,false,false,false,false,false,false,false,false
manor:manor_hx_54365,manor_working_final_ready,manor_hx_54365,manor,c_14,Kestrelford,hx_54365,T4_minor_or_low_capacity_manor,minor_lordship,Manor of Stoneridge,Manor of Stoneridge,Stoneridge,included_in_source_candidate_lock_view,accepted_unchanged,,,visible_public_name,false,false,false,false,false,false,false,false,false,false,false
manor:manor_hx_54372,manor_working_final_ready,manor_hx_54372,manor,c_14,Kestrelford,hx_54372,T4_minor_or_low_capacity_manor,minor_lordship,Manor of Gorseley Hall,Manor of Gorseley Hall,Gorseley Hall,included_in_source_candidate_lock_view,accepted_unchanged,,,visible_public_name,false,false,false,false,false,false,false,false,false,false,false
manor:manor_hx_54649,manor_working_final_ready,manor_hx_54649,manor,c_14,Kestrelford,hx_54649,T4_minor_or_low_capacity_manor,minor_lordship,Manor of Greybarrow Hall,Manor of Greybarrow Hall,Greybarrow Hall,included_in_source_candidate_lock_view,accepted_unchanged,,,visible_public_name,false,false,false,false,false,false,false,false,false,false,false
manor:manor_hx_54651,manor_working_final_ready,manor_hx_54651,manor,c_14,Kestrelford,hx_54651,T4_minor_or_low_capacity_manor,minor_lordship,Manor of Gorseley Court,Manor of Gorseley Court,Gorseley Court,included_in_source_candidate_lock_view,accepted_unchanged,,,visible_public_name,false,false,false,false,false,false,false,false,false,false,false
manor:manor_hx_54921,manor_working_final_ready,manor_hx_54921,manor,c_14,Kestrelford,hx_54921,T3_high_capacity_ordinary_manor,minor_lordship,Manor of Windbarrow Court,Manor of Windbarrow Court,Windbarrow Court,included_in_source_candidate_lock_view,accepted_unchanged,,,visible_public_name,false,false,false,false,false,false,false,false,false,false,false
manor:manor_hx_54924,manor_working_final_ready,manor_hx_54924,manor,c_14,Kestrelford,hx_54924,T3_high_capacity_ordinary_manor,minor_lordship,Manor of Windbarrow,Manor of Windbarrow,Windbarrow,included_in_source_candidate_lock_view,accepted_unchanged,,,visible_public_name,false,false,false,false,false,false,false,false,false,false,false
manor:manor_hx_54927,manor_working_final_ready,manor_hx_54927,manor,c_14,Kestrelford,hx_54927,T3_high_capacity_ordinary_manor,minor_lordship,Manor of Greybarrow Court,Manor of Greybarrow Court,Greybarrow Court,included_in_source_candidate_lock_view,accepted_unchanged,,,visible_public_name,false,false,false,false,false,false,false,false,false,false,false
manor:manor_hx_55197,manor_working_final_ready,manor_hx_55197,manor,c_14,Kestrelford,hx_55197,T4_minor_or_low_capacity_manor,minor_lordship,Manor of Kitebridge,Manor of Kitebridge,Kitebridge,included_in_source_candidate_lock_view,accepted_unchanged,,,visible_public_name,false,false,false,false,false,false,false,false,false,false,false
manor:manor_hx_55206,manor_working_final_ready,manor_hx_55206,manor,c_14,Kestrelford,hx_55206,T3_high_capacity_ordinary_manor,minor_lordship,Manor of Swiftcote Hall,Manor of Swiftcote Hall,Swiftcote Hall,included_in_source_candidate_lock_view,accepted_unchanged,,,visible_public_name,false,false,false,false,false,false,false,false,false,false,false
manor:manor_hx_56617,manor_working_final_ready,manor_hx_56617,manor,c_14,Kestrelford,hx_56617,T2_seat_complex_or_strategic_manor,minor_lordship,,Manor of Kestrelwatch,Kestrelwatch,included_in_working_authority_name_closure,approved_blank_name_closure_applied,V04-PLACE-MANOR-LCU-BLANK-NAME-AND-QA-PERSON-NAME-CLOSURE-MATERIALIZATION-001,,visible_public_name,false,false,false,false,false,false,false,false,false,false,false
manor:manor_hx_57452,manor_working_final_ready,manor_hx_57452,manor,c_14,Kestrelford,hx_57452,T4_minor_or_low_capacity_manor,minor_lordship,Manor of Fordstow,Manor of Fordstow,Fordstow,included_in_source_candidate_lock_view,accepted_unchanged,,,visible_public_name,false,false,false,false,false,false,false,false,false,false,false
manor:manor_hx_58011,manor_working_final_ready,manor_hx_58011,manor,c_14,Kestrelford,hx_58011,T2_seat_complex_or_strategic_manor,minor_lordship,Manor of Brackenwick,Manor of Brackenwick,Brackenwick,included_in_source_candidate_lock_view,accepted_unchanged,,,visible_public_name,false,false,false,false,false,false,false,false,false,false,false
manor:manor_hx_58293,manor_working_final_ready,manor_hx_58293,manor,c_14,Kestrelford,hx_58293,T2_seat_complex_or_strategic_manor,minor_lordship,Manor of Northford,Manor of Northford,Northford,included_in_source_candidate_lock_view,accepted_unchanged,,,visible_public_name,false,false,false,false,false,false,false,false,false,false,false
manor:manor_hx_58295,manor_working_final_ready,manor_hx_58295,manor,c_14,Kestrelford,hx_58295,T2_seat_complex_or_strategic_manor,minor_lordship,Manor of Kitegate,Manor of Kitegate,Kitegate,included_in_source_candidate_lock_view,accepted_unchanged,,,visible_public_name,false,false,false,false,false,false,false,false,false,false,false
manor:manor_hx_58851,manor_working_final_ready,manor_hx_58851,manor,c_14,Kestrelford,hx_58851,T2_seat_complex_or_strategic_manor,minor_lordship,Manor of Ridgecaster,Manor of Ridgecaster,Ridgecaster,included_in_source_candidate_lock_view,accepted_unchanged,,,visible_public_name,false,false,false,false,false,false,false,false,false,false,false
manor:manor_hx_58853,manor_working_final_ready,manor_hx_58853,manor,c_14,Kestrelford,hx_58853,T2_seat_complex_or_strategic_manor,minor_lordship,Manor of Windcross,Manor of Windcross,Windcross,included_in_source_candidate_lock_view,accepted_unchanged,,,visible_public_name,false,false,false,false,false,false,false,false,false,false,false
manor:manor_hx_31926,manor_working_final_ready,manor_hx_31926,manor,c_2,Larkspire,hx_31926,T1_direct_or_institutional_manor,barony,,Manor of Larkhurst,Larkhurst,included_in_working_authority_name_closure,approved_blank_name_closure_applied,V04-PLACE-MANOR-LCU-BLANK-NAME-AND-QA-PERSON-NAME-CLOSURE-MATERIALIZATION-001,,visible_public_name,false,false,false,false,false,false,false,false,false,false,false
manor:manor_hx_31928,manor_working_final_ready,manor_hx_31928,manor,c_2,Larkspire,hx_31928,T1_direct_or_institutional_manor,barony,Manor of Breckbarrow,Manor of Breckbarrow,Breckbarrow,included_in_source_candidate_lock_view,accepted_unchanged,,,visible_public_name,false,false,false,false,false,false,false,false,false,false,false
manor:manor_hx_32487,manor_working_final_ready,manor_hx_32487,manor,c_2,Larkspire,hx_32487,T1_direct_or_institutional_manor,barony,Manor of Spirestow Hall,Manor of Spirestow Hall,Spirestow Hall,included_in_source_candidate_lock_view,accepted_unchanged,,,visible_public_name,false,false,false,false,false,false,false,false,false,false,false
manor:manor_hx_32772,manor_working_final_ready,manor_hx_32772,manor,c_2,Larkspire,hx_32772,T1_direct_or_institutional_manor,barony,Manor of Hawkburn Hall,Manor of Hawkburn Hall,Hawkburn Hall,included_in_source_candidate_lock_view,accepted_unchanged,,,visible_public_name,false,false,false,false,false,false,false,false,false,false,false
manor:manor_hx_33331,manor_working_final_ready,manor_hx_33331,manor,c_2,Larkspire,hx_33331,T1_direct_or_institutional_manor,barony,Manor of Hawkburn,Manor of Hawkburn,Hawkburn,included_in_source_candidate_lock_view,accepted_unchanged,,,visible_public_name,false,false,false,false,false,false,false,false,false,false,false
manor:manor_hx_33875,manor_working_final_ready,manor_hx_33875,manor,c_2,Larkspire,hx_33875,T1_direct_or_institutional_manor,barony,Manor of Harthcote,Manor of Harthcote,Harthcote,included_in_source_candidate_lock_view,accepted_unchanged,,,visible_public_name,false,false,false,false,false,false,false,false,false,false,false
manor:manor_hx_29396,manor_working_final_ready,manor_hx_29396,manor,c_2,Larkspire,hx_29396,T1_direct_or_institutional_manor,church_fief,Manor of Greyfriars,Manor of Greyfriars,Greyfriars,included_in_source_candidate_lock_view,accepted_unchanged,,,visible_public_name,false,false,false,false,false,false,false,false,false,false,false
manor:manor_hx_29676,manor_working_final_ready,manor_hx_29676,manor,c_2,Larkspire,hx_29676,T1_direct_or_institutional_manor,church_fief,Manor of Stonecell,Manor of Stonecell,Stonecell,included_in_source_candidate_lock_view,accepted_unchanged,,,visible_public_name,false,false,false,false,false,false,false,false,false,false,false
manor:manor_hx_29959,manor_working_final_ready,manor_hx_29959,manor,c_2,Larkspire,hx_29959,T1_direct_or_institutional_manor,church_fief,Manor of Keldby,Manor of Keldby,Keldby,included_in_source_candidate_lock_view,accepted_unchanged,,,visible_public_name,false,false,false,false,false,false,false,false,false,false,false
manor:manor_hx_30238,manor_working_final_ready,manor_hx_30238,manor,c_2,Larkspire,hx_30238,T1_direct_or_institutional_manor,church_fief,Manor of Breckthorpe,Manor of Breckthorpe,Breckthorpe,included_in_source_candidate_lock_view,accepted_unchanged,,,visible_public_name,false,false,false,false,false,false,false,false,false,false,false
manor:manor_hx_30514,manor_working_final_ready,manor_hx_30514,manor,c_2,Larkspire,hx_30514,T1_direct_or_institutional_manor,church_fief,Manor of Spirewold,Manor of Spirewold,Spirewold,included_in_source_candidate_lock_view,accepted_unchanged,,,visible_public_name,false,false,false,false,false,false,false,false,false,false,false
manor:manor_hx_30517,manor_working_final_ready,manor_hx_30517,manor,c_2,Larkspire,hx_30517,T1_direct_or_institutional_manor,church_fief,Manor of Halegarth,Manor of Halegarth,Halegarth,included_in_source_candidate_lock_view,accepted_unchanged,,,visible_public_name,false,false,false,false,false,false,false,false,false,false,false
manor:manor_hx_31074,manor_working_final_ready,manor_hx_31074,manor,c_2,Larkspire,hx_31074,T1_direct_or_institutional_manor,church_fief,Manor of Larkstow,Manor of Larkstow,Larkstow,included_in_source_candidate_lock_view,accepted_unchanged,,,visible_public_name,false,false,false,false,false,false,false,false,false,false,false
manor:manor_hx_31081,manor_working_final_ready,manor_hx_31081,manor,c_2,Larkspire,hx_31081,T1_direct_or_institutional_manor,church_fief,Manor of Windale,Manor of Windale,Windale,included_in_source_candidate_lock_view,accepted_unchanged,,,visible_public_name,false,false,false,false,false,false,false,false,false,false,false
manor:manor_hx_31361,manor_working_final_ready,manor_hx_31361,manor,c_2,Larkspire,hx_31361,T1_direct_or_institutional_manor,church_fief,Manor of Greythorpe,Manor of Greythorpe,Greythorpe,included_in_source_candidate_lock_view,accepted_unchanged,,,visible_public_name,false,false,false,false,false,false,false,false,false,false,false
manor:manor_hx_31362,manor_working_final_ready,manor_hx_31362,manor,c_2,Larkspire,hx_31362,T1_direct_or_institutional_manor,church_fief,Manor of Skylarkham,Manor of Skylarkham,Skylarkham,included_in_source_candidate_lock_view,accepted_unchanged,,,visible_public_name,false,false,false,false,false,false,false,false,false,false,false
manor:manor_hx_31632,manor_working_final_ready,manor_hx_31632,manor,c_2,Larkspire,hx_31632,T1_direct_or_institutional_manor,church_fief,Manor of Stoneby,Manor of Stoneby,Stoneby,included_in_source_candidate_lock_view,accepted_unchanged,,,visible_public_name,false,false,false,false,false,false,false,false,false,false,false
manor:manor_hx_31634,manor_working_final_ready,manor_hx_31634,manor,c_2,Larkspire,hx_31634,T1_direct_or_institutional_manor,church_fief,Manor of Windburn,Manor of Windburn,Windburn,included_in_source_candidate_lock_view,accepted_unchanged,,,visible_public_name,false,false,false,false,false,false,false,false,false,false,false
manor:manor_hx_31636,manor_working_final_ready,manor_hx_31636,manor,c_2,Larkspire,hx_31636,T1_direct_or_institutional_manor,church_fief,Manor of Fellhallow,Manor of Fellhallow,Fellhallow,included_in_source_candidate_lock_view,accepted_unchanged,,,visible_public_name,false,false,false,false,false,false,false,false,false,false,false
manor:manor_hx_31637,manor_working_final_ready,manor_hx_31637,manor,c_2,Larkspire,hx_31637,T1_direct_or_institutional_manor,church_fief,Manor of Keldwick,Manor of Keldwick,Keldwick,included_in_source_candidate_lock_view,accepted_unchanged,,,visible_public_name,false,false,false,false,false,false,false,false,false,false,false
manor:manor_hx_31647,manor_working_final_ready,manor_hx_31647,manor,c_2,Larkspire,hx_31647,T1_direct_or_institutional_manor,church_fief,Manor of Daleby,Manor of Daleby,Daleby,included_in_source_candidate_lock_view,accepted_unchanged,,,visible_public_name,false,false,false,false,false,false,false,false,false,false,false
manor:manor_hx_31648,manor_working_final_ready,manor_hx_31648,manor,c_2,Larkspire,hx_31648,T1_direct_or_institutional_manor,church_fief,Manor of Bycote,Manor of Bycote,Bycote,included_in_source_candidate_lock_view,accepted_unchanged,,,visible_public_name,false,false,false,false,false,false,false,false,false,false,false
manor:manor_hx_32203,manor_working_final_ready,manor_hx_32203,manor,c_2,Larkspire,hx_32203,T1_direct_or_institutional_manor,church_fief,Manor of Greywold,Manor of Greywold,Greywold,included_in_source_candidate_lock_view,accepted_unchanged,,,visible_public_name,false,false,false,false,false,false,false,false,false,false,false
manor:manor_hx_32206,manor_working_final_ready,manor_hx_32206,manor,c_2,Larkspire,hx_32206,T1_direct_or_institutional_manor,church_fief,Manor of Hawkby,Manor of Hawkby,Hawkby,included_in_source_candidate_lock_view,accepted_unchanged,,,visible_public_name,false,false,false,false,false,false,false,false,false,false,false
manor:manor_hx_32476,manor_working_final_ready,manor_hx_32476,manor,c_2,Larkspire,hx_32476,T1_direct_or_institutional_manor,church_fief,Manor of Hawkwold,Manor of Hawkwold,Hawkwold,included_in_source_candidate_lock_view,accepted_unchanged,,,visible_public_name,false,false,false,false,false,false,false,false,false,false,false
manor:manor_hx_32485,manor_working_final_ready,manor_hx_32485,manor,c_2,Larkspire,hx_32485,T1_direct_or_institutional_manor,church_fief,Manor of Larkbury,Manor of Larkbury,Larkbury,included_in_source_candidate_lock_view,accepted_unchanged,,,visible_public_name,false,false,false,false,false,false,false,false,false,false,false
manor:manor_hx_32760,manor_working_final_ready,manor_hx_32760,manor,c_2,Larkspire,hx_32760,T1_direct_or_institutional_manor,church_fief,Manor of Thorpstead,Manor of Thorpstead,Thorpstead,included_in_source_candidate_lock_view,accepted_unchanged,,,visible_public_name,false,false,false,false,false,false,false,false,false,false,false
manor:manor_hx_32763,manor_working_final_ready,manor_hx_32763,manor,c_2,Larkspire,hx_32763,T1_direct_or_institutional_manor,church_fief,Manor of Larkton,Manor of Larkton,Larkton,included_in_source_candidate_lock_view,accepted_unchanged,,,visible_public_name,false,false,false,false,false,false,false,false,false,false,false
manor:manor_hx_33033,manor_working_final_ready,manor_hx_33033,manor,c_2,Larkspire,hx_33033,T1_direct_or_institutional_manor,church_fief,Manor of Ridgeminster,Manor of Ridgeminster,Ridgeminster,included_in_source_candidate_lock_view,accepted_unchanged,,,visible_public_name,false,false,false,false,false,false,false,false,false,false,false
manor:manor_hx_33037,manor_working_final_ready,manor_hx_33037,manor,c_2,Larkspire,hx_33037,T1_direct_or_institutional_manor,church_fief,Manor of Bywold,Manor of Bywold,Bywold,included_in_source_candidate_lock_view,accepted_unchanged,,,visible_public_name,false,false,false,false,false,false,false,false,false,false,false
manor:manor_hx_33041,manor_working_final_ready,manor_hx_33041,manor,c_2,Larkspire,hx_33041,T1_direct_or_institutional_manor,church_fief,Manor of Thorpewell,Manor of Thorpewell,Thorpewell,included_in_source_candidate_lock_view,accepted_unchanged,,,visible_public_name,false,false,false,false,false,false,false,false,false,false,false
manor:manor_hx_33050,manor_working_final_ready,manor_hx_33050,manor,c_2,Larkspire,hx_33050,T1_direct_or_institutional_manor,church_fief,Manor of Stonebury,Manor of Stonebury,Stonebury,included_in_source_candidate_lock_view,accepted_unchanged,,,visible_public_name,false,false,false,false,false,false,false,false,false,false,false
manor:manor_hx_34157,manor_working_final_ready,manor_hx_34157,manor,c_2,Larkspire,hx_34157,T1_direct_or_institutional_manor,church_fief,Manor of Stonefield,Manor of Stonefield,Stonefield,included_in_source_candidate_lock_view,accepted_unchanged,,,visible_public_name,false,false,false,false,false,false,false,false,false,false,false
manor:manor_hx_34443,manor_working_final_ready,manor_hx_34443,manor,c_2,Larkspire,hx_34443,T1_direct_or_institutional_manor,church_fief,Manor of Windthorpe,Manor of Windthorpe,Windthorpe,included_in_source_candidate_lock_view,accepted_unchanged,,,visible_public_name,false,false,false,false,false,false,false,false,false,false,false
manor:manor_hx_35003,manor_working_final_ready,manor_hx_35003,manor,c_2,Larkspire,hx_35003,T1_direct_or_institutional_manor,church_fief,Manor of Skylarkley,Manor of Skylarkley,Skylarkley,included_in_source_candidate_lock_view,accepted_unchanged,,,visible_public_name,false,false,false,false,false,false,false,false,false,false,false
manor:manor_hx_32475,manor_working_final_ready,manor_hx_32475,manor,c_2,Larkspire,hx_32475,T1_direct_or_institutional_manor,county_domain,Manor of Langworth,Manor of Langworth,Langworth,included_in_source_candidate_lock_view,accepted_unchanged,,,visible_public_name,false,false,false,false,false,false,false,false,false,false,false
manor:manor_hx_32484,manor_working_final_ready,manor_hx_32484,manor,c_2,Larkspire,hx_32484,T1_direct_or_institutional_manor,county_domain,Manor of Breckwold,Manor of Breckwold,Breckwold,included_in_source_candidate_lock_view,accepted_unchanged,,,visible_public_name,false,false,false,false,false,false,false,false,false,false,false
manor:manor_hx_33329,manor_working_final_ready,manor_hx_33329,manor,c_2,Larkspire,hx_33329,T1_direct_or_institutional_manor,county_domain,Manor of Spirestow,Manor of Spirestow,Spirestow,included_in_source_candidate_lock_view,accepted_unchanged,,,visible_public_name,false,false,false,false,false,false,false,false,false,false,false
manor:manor_hx_33601,manor_working_final_ready,manor_hx_33601,manor,c_2,Larkspire,hx_33601,T1_direct_or_institutional_manor,county_domain,Manor of Thorpeley,Manor of Thorpeley,Thorpeley,included_in_source_candidate_lock_view,accepted_unchanged,,,visible_public_name,false,false,false,false,false,false,false,false,false,false,false
manor:manor_hx_33881,manor_working_final_ready,manor_hx_33881,manor,c_2,Larkspire,hx_33881,T1_direct_or_institutional_manor,county_domain,Manor of Harththorpe Hall,Manor of Harththorpe Hall,Harththorpe Hall,included_in_source_candidate_lock_view,accepted_unchanged,,,visible_public_name,false,false,false,false,false,false,false,false,false,false,false
manor:manor_hx_33886,manor_working_final_ready,manor_hx_33886,manor,c_2,Larkspire,hx_33886,T1_direct_or_institutional_manor,county_domain,Manor of Byham,Manor of Byham,Byham,included_in_source_candidate_lock_view,accepted_unchanged,,,visible_public_name,false,false,false,false,false,false,false,false,false,false,false
manor:manor_hx_33891,manor_working_final_ready,manor_hx_33891,manor,c_2,Larkspire,hx_33891,T1_direct_or_institutional_manor,county_domain,Manor of Keldham,Manor of Keldham,Keldham,included_in_source_candidate_lock_view,accepted_unchanged,,,visible_public_name,false,false,false,false,false,false,false,false,false,false,false
manor:manor_hx_34724,manor_working_final_ready,manor_hx_34724,manor,c_2,Larkspire,hx_34724,T1_direct_or_institutional_manor,county_domain,Manor of Harththorpe,Manor of Harththorpe,Harththorpe,included_in_source_candidate_lock_view,accepted_unchanged,,,visible_public_name,false,false,false,false,false,false,false,false,false,false,false
manor:manor_hx_35567,manor_working_final_ready,manor_hx_35567,manor,c_2,Larkspire,hx_35567,T1_direct_or_institutional_manor,county_domain,Manor of Grimton Court,Manor of Grimton Court,Grimton Court,included_in_source_candidate_lock_view,accepted_unchanged,,,visible_public_name,false,false,false,false,false,false,false,false,false,false,false
manor:manor_hx_29111,manor_working_final_ready,manor_hx_29111,manor,c_2,Larkspire,hx_29111,T2_seat_complex_or_strategic_manor,minor_lordship,Manor of Larkedge,Manor of Larkedge,Larkedge,included_in_source_candidate_lock_view,accepted_unchanged,,,visible_public_name,false,false,false,false,false,false,false,false,false,false,false
manor:manor_hx_31070,manor_working_final_ready,manor_hx_31070,manor,c_2,Larkspire,hx_31070,T2_seat_complex_or_strategic_manor,minor_lordship,Manor of Spireminster,Manor of Spireminster,Spireminster,included_in_source_candidate_lock_view,accepted_unchanged,,,visible_public_name,false,false,false,false,false,false,false,false,false,false,false
manor:manor_hx_31909,manor_working_final_ready,manor_hx_31909,manor,c_2,Larkspire,hx_31909,T2_seat_complex_or_strategic_manor,minor_lordship,Manor of Keldend,Manor of Keldend,Keldend,included_in_source_candidate_lock_view,accepted_unchanged,,,visible_public_name,false,false,false,false,false,false,false,false,false,false,false
manor:manor_hx_31929,manor_working_final_ready,manor_hx_31929,manor,c_2,Larkspire,hx_31929,T4_minor_or_low_capacity_manor,minor_lordship,,Manor of Fenwick,Fenwick,included_in_working_authority_name_closure,approved_blank_name_closure_applied,V04-PLACE-MANOR-LCU-BLANK-NAME-AND-QA-PERSON-NAME-CLOSURE-MATERIALIZATION-001,,visible_public_name,false,false,false,false,false,false,false,false,false,false,false
manor:manor_hx_32195,manor_working_final_ready,manor_hx_32195,manor,c_2,Larkspire,hx_32195,T2_seat_complex_or_strategic_manor,minor_lordship,Manor of Hallowwold,Manor of Hallowwold,Hallowwold,included_in_source_candidate_lock_view,accepted_unchanged,,,visible_public_name,false,false,false,false,false,false,false,false,false,false,false
manor:manor_hx_32757,manor_working_final_ready,manor_hx_32757,manor,c_2,Larkspire,hx_32757,T2_seat_complex_or_strategic_manor,minor_lordship,Manor of Halewold,Manor of Halewold,Halewold,included_in_source_candidate_lock_view,accepted_unchanged,,,visible_public_name,false,false,false,false,false,false,false,false,false,false,false
manor:manor_hx_32765,manor_working_final_ready,manor_hx_32765,manor,c_2,Larkspire,hx_32765,T4_minor_or_low_capacity_manor,minor_lordship,Manor of Spirestow Court,Manor of Spirestow Court,Spirestow Court,included_in_source_candidate_lock_view,accepted_unchanged,,,visible_public_name,false,false,false,false,false,false,false,false,false,false,false
manor:manor_hx_32775,manor_working_final_ready,manor_hx_32775,manor,c_2,Larkspire,hx_32775,T4_minor_or_low_capacity_manor,minor_lordship,Manor of Meadley Hall,Manor of Meadley Hall,Meadley Hall,included_in_source_candidate_lock_view,accepted_unchanged,,,visible_public_name,false,false,false,false,false,false,false,false,false,false,false
manor:manor_hx_33320,manor_working_final_ready,manor_hx_33320,manor,c_2,Larkspire,hx_33320,T4_minor_or_low_capacity_manor,minor_lordship,Manor of Thorpley,Manor of Thorpley,Thorpley,included_in_source_candidate_lock_view,accepted_unchanged,,,visible_public_name,false,false,false,false,false,false,false,false,false,false,false
manor:manor_hx_33617,manor_working_final_ready,manor_hx_33617,manor,c_2,Larkspire,hx_33617,T4_minor_or_low_capacity_manor,minor_lordship,Manor of Meadley Court,Manor of Meadley Court,Meadley Court,included_in_source_candidate_lock_view,accepted_unchanged,,,visible_public_name,false,false,false,false,false,false,false,false,false,false,false
manor:manor_hx_33892,manor_working_final_ready,manor_hx_33892,manor,c_2,Larkspire,hx_33892,T4_minor_or_low_capacity_manor,minor_lordship,Manor of Hawkburn Court,Manor of Hawkburn Court,Hawkburn Court,included_in_source_candidate_lock_view,accepted_unchanged,,,visible_public_name,false,false,false,false,false,false,false,false,false,false,false
manor:manor_hx_34177,manor_working_final_ready,manor_hx_34177,manor,c_2,Larkspire,hx_34177,T4_minor_or_low_capacity_manor,minor_lordship,Manor of Pearham Hall,Manor of Pearham Hall,Pearham Hall,included_in_source_candidate_lock_view,accepted_unchanged,,,visible_public_name,false,false,false,false,false,false,false,false,false,false,false
manor:manor_hx_34441,manor_working_final_ready,manor_hx_34441,manor,c_2,Larkspire,hx_34441,T4_minor_or_low_capacity_manor,minor_lordship,Manor of Harththorpe Court,Manor of Harththorpe Court,Harththorpe Court,included_in_source_candidate_lock_view,accepted_unchanged,,,visible_public_name,false,false,false,false,false,false,false,false,false,false,false
manor:manor_hx_34452,manor_working_final_ready,manor_hx_34452,manor,c_2,Larkspire,hx_34452,T4_minor_or_low_capacity_manor,minor_lordship,Manor of Keldham Hall,Manor of Keldham Hall,Keldham Hall,included_in_source_candidate_lock_view,accepted_unchanged,,,visible_public_name,false,false,false,false,false,false,false,false,false,false,false
manor:manor_hx_34454,manor_working_final_ready,manor_hx_34454,manor,c_2,Larkspire,hx_34454,T4_minor_or_low_capacity_manor,minor_lordship,Manor of Keldley Hall,Manor of Keldley Hall,Keldley Hall,included_in_source_candidate_lock_view,accepted_unchanged,,,visible_public_name,false,false,false,false,false,false,false,false,false,false,false
manor:manor_hx_34736,manor_working_final_ready,manor_hx_34736,manor,c_2,Larkspire,hx_34736,T4_minor_or_low_capacity_manor,minor_lordship,Manor of Halecote,Manor of Halecote,Halecote,included_in_source_candidate_lock_view,accepted_unchanged,,,visible_public_name,false,false,false,false,false,false,false,false,false,false,false
manor:manor_hx_35011,manor_working_final_ready,manor_hx_35011,manor,c_2,Larkspire,hx_35011,T3_high_capacity_ordinary_manor,minor_lordship,Manor of Keldham Court,Manor of Keldham Court,Keldham Court,included_in_source_candidate_lock_view,accepted_unchanged,,,visible_public_name,false,false,false,false,false,false,false,false,false,false,false
manor:manor_hx_35012,manor_working_final_ready,manor_hx_35012,manor,c_2,Larkspire,hx_35012,T4_minor_or_low_capacity_manor,minor_lordship,Manor of Hawkstead,Manor of Hawkstead,Hawkstead,included_in_source_candidate_lock_view,accepted_unchanged,,,visible_public_name,false,false,false,false,false,false,false,false,false,false,false
manor:manor_hx_35577,manor_working_final_ready,manor_hx_35577,manor,c_2,Larkspire,hx_35577,T4_minor_or_low_capacity_manor,minor_lordship,Manor of GarWell,Manor of Garwell,Garwell,included_in_source_candidate_lock_view,accepted_with_postlock_place_anchor_style_quality_repair,V04-PLACE-ANCHOR-STYLE-QUALITY-MATERIALIZATION-001,,visible_public_name,false,false,false,false,false,false,false,false,false,false,false
manor:manor_hx_35854,manor_working_final_ready,manor_hx_35854,manor,c_2,Larkspire,hx_35854,T4_minor_or_low_capacity_manor,minor_lordship,Manor of Hawkstead Hall,Manor of Hawkstead Hall,Hawkstead Hall,included_in_source_candidate_lock_view,accepted_unchanged,,,visible_public_name,false,false,false,false,false,false,false,false,false,false,false
manor:manor_hx_33085,manor_working_final_ready,manor_hx_33085,manor,c_3,Merewatch,hx_33085,T1_direct_or_institutional_manor,barony,Manor of Wadestow,Manor of Wadestow,Wadestow,included_in_source_candidate_lock_view,accepted_unchanged,,,visible_public_name,false,false,false,false,false,false,false,false,false,false,false
manor:manor_hx_33368,manor_working_final_ready,manor_hx_33368,manor,c_3,Merewatch,hx_33368,T1_direct_or_institutional_manor,barony,Manor of Sedgepool,Manor of Sedgepool,Sedgepool,included_in_source_candidate_lock_view,accepted_unchanged,,,visible_public_name,false,false,false,false,false,false,false,false,false,false,false
manor:manor_hx_34196,manor_working_final_ready,manor_hx_34196,manor,c_3,Merewatch,hx_34196,T1_direct_or_institutional_manor,barony,Manor of Watchbury,Manor of Watchbury,Watchbury,included_in_source_candidate_lock_view,approved_multi_anchor_identity_core_or_prefixed_member,,place_identity_county_seat_complex_watchbury,visible_public_name,false,false,false,false,false,false,false,false,false,false,false
manor:manor_hx_34473,manor_working_final_ready,manor_hx_34473,manor,c_3,Merewatch,hx_34473,T1_direct_or_institutional_manor,barony,Manor of Greyfleet,Manor of Greyfleet,Greyfleet,included_in_source_candidate_lock_view,accepted_unchanged,,,visible_public_name,false,false,false,false,false,false,false,false,false,false,false
manor:manor_hx_35035,manor_working_final_ready,manor_hx_35035,manor,c_3,Merewatch,hx_35035,T1_direct_or_institutional_manor,barony,Manor of Eelham,Manor of Eelham,Eelham,included_in_source_candidate_lock_view,accepted_unchanged,,,visible_public_name,false,false,false,false,false,false,false,false,false,false,false
manor:manor_hx_35875,manor_working_final_ready,manor_hx_35875,manor,c_3,Merewatch,hx_35875,T1_direct_or_institutional_manor,barony,Manor of Willowley Hall,Manor of Willowley Hall,Willowley Hall,included_in_source_candidate_lock_view,accepted_unchanged,,,visible_public_name,false,false,false,false,false,false,false,false,false,false,false
manor:manor_hx_36156,manor_working_final_ready,manor_hx_36156,manor,c_3,Merewatch,hx_36156,T1_direct_or_institutional_manor,barony,Manor of Willowley,Manor of Willowley,Willowley,included_in_source_candidate_lock_view,accepted_unchanged,,,visible_public_name,false,false,false,false,false,false,false,false,false,false,false
manor:manor_hx_36726,manor_working_final_ready,manor_hx_36726,manor,c_3,Merewatch,hx_36726,T1_direct_or_institutional_manor,barony,Manor of Fenpriory Hall,Manor of Fenpriory Hall,Fenpriory Hall,included_in_source_candidate_lock_view,accepted_unchanged,,,visible_public_name,false,false,false,false,false,false,false,false,false,false,false
manor:manor_hx_37566,manor_working_final_ready,manor_hx_37566,manor,c_3,Merewatch,hx_37566,T1_direct_or_institutional_manor,barony,Manor of Watchwick Hall,Manor of Watchwick Hall,Watchwick Hall,included_in_source_candidate_lock_view,accepted_unchanged,,,visible_public_name,false,false,false,false,false,false,false,false,false,false,false
manor:manor_hx_38405,manor_working_final_ready,manor_hx_38405,manor,c_3,Merewatch,hx_38405,T1_direct_or_institutional_manor,barony,Manor of Watchwick Court,Manor of Watchwick Court,Watchwick Court,included_in_source_candidate_lock_view,accepted_unchanged,,,visible_public_name,false,false,false,false,false,false,false,false,false,false,false
manor:manor_hx_33083,manor_working_final_ready,manor_hx_33083,manor,c_3,Merewatch,hx_33083,T1_direct_or_institutional_manor,church_fief,Manor of Fleetstead,Manor of Fleetstead,Fleetstead,included_in_source_candidate_lock_view,accepted_unchanged,,,visible_public_name,false,false,false,false,false,false,false,false,false,false,false
manor:manor_hx_34197,manor_working_final_ready,manor_hx_34197,manor,c_3,Merewatch,hx_34197,T1_direct_or_institutional_manor,church_fief,Manor of Reedchapel Hall,Manor of Reedchapel Hall,Reedchapel Hall,included_in_source_candidate_lock_view,accepted_unchanged,,,visible_public_name,false,false,false,false,false,false,false,false,false,false,false
manor:manor_hx_34487,manor_working_final_ready,manor_hx_34487,manor,c_3,Merewatch,hx_34487,T1_direct_or_institutional_manor,church_fief,Manor of Waterbailey,Manor of Waterbailey,Waterbailey,included_in_source_candidate_lock_view,accepted_unchanged,,,visible_public_name,false,false,false,false,false,false,false,false,false,false,false
manor:manor_hx_34489,manor_working_final_ready,manor_hx_34489,manor,c_3,Merewatch,hx_34489,T1_direct_or_institutional_manor,church_fief,Manor of Watchminster Hall,Manor of Watchminster Hall,Watchminster Hall,included_in_source_candidate_lock_view,accepted_unchanged,,,visible_public_name,false,false,false,false,false,false,false,false,false,false,false
manor:manor_hx_35321,manor_working_final_ready,manor_hx_35321,manor,c_3,Merewatch,hx_35321,T1_direct_or_institutional_manor,church_fief,Manor of Willowhallow,Manor of Willowhallow,Willowhallow,included_in_source_candidate_lock_view,accepted_unchanged,,,visible_public_name,false,false,false,false,false,false,false,false,false,false,false
manor:manor_hx_35602,manor_working_final_ready,manor_hx_35602,manor,c_3,Merewatch,hx_35602,T1_direct_or_institutional_manor,church_fief,Manor of Lodeham,Manor of Lodeham,Lodeham,included_in_source_candidate_lock_view,accepted_unchanged,,,visible_public_name,false,false,false,false,false,false,false,false,false,false,false
manor:manor_hx_35885,manor_working_final_ready,manor_hx_35885,manor,c_3,Merewatch,hx_35885,T1_direct_or_institutional_manor,church_fief,Manor of Fenpriory,Manor of Fenpriory,Fenpriory,included_in_source_candidate_lock_view,accepted_unchanged,,,visible_public_name,false,false,false,false,false,false,false,false,false,false,false
manor:manor_hx_32802,manor_working_final_ready,manor_hx_32802,manor,c_3,Merewatch,hx_32802,T1_direct_or_institutional_manor,county_domain,Manor of Eelbrook,Manor of Eelbrook,Eelbrook,included_in_source_candidate_lock_view,accepted_unchanged,,,visible_public_name,false,false,false,false,false,false,false,false,false,false,false
manor:manor_hx_33644,manor_working_final_ready,manor_hx_33644,manor,c_3,Merewatch,hx_33644,T1_direct_or_institutional_manor,county_domain,Manor of Reedham Hall,Manor of Reedham Hall,Reedham Hall,included_in_source_candidate_lock_view,accepted_unchanged,,,visible_public_name,false,false,false,false,false,false,false,false,false,false,false
manor:manor_hx_34201,manor_working_final_ready,manor_hx_34201,manor,c_3,Merewatch,hx_34201,T1_direct_or_institutional_manor,county_domain,Manor of Eelley,Manor of Eelley,Eelley,included_in_source_candidate_lock_view,accepted_unchanged,,,visible_public_name,false,false,false,false,false,false,false,false,false,false,false
manor:manor_hx_34488,manor_working_final_ready,manor_hx_34488,manor,c_3,Merewatch,hx_34488,T1_direct_or_institutional_manor,county_domain,Manor of Watchminster,Manor of Watchminster,Watchminster,included_in_source_candidate_lock_view,accepted_unchanged,,,visible_public_name,false,false,false,false,false,false,false,false,false,false,false
manor:manor_hx_34491,manor_working_final_ready,manor_hx_34491,manor,c_3,Merewatch,hx_34491,T1_direct_or_institutional_manor,county_domain,Manor of Watchgate,Manor of Watchgate,Watchgate,included_in_source_candidate_lock_view,accepted_unchanged,,,visible_public_name,false,false,false,false,false,false,false,false,false,false,false
manor:manor_hx_34764,manor_working_final_ready,manor_hx_34764,manor,c_3,Merewatch,hx_34764,T1_direct_or_institutional_manor,county_domain,Manor of Reedham,Manor of Reedham,Reedham,included_in_source_candidate_lock_view,accepted_unchanged,,,visible_public_name,false,false,false,false,false,false,false,false,false,false,false
manor:manor_hx_35039,manor_working_final_ready,manor_hx_35039,manor,c_3,Merewatch,hx_35039,T1_direct_or_institutional_manor,county_domain,Manor of Reedchapel,Manor of Reedchapel,Reedchapel,included_in_source_candidate_lock_view,accepted_unchanged,,,visible_public_name,false,false,false,false,false,false,false,false,false,false,false
manor:manor_hx_35042,manor_working_final_ready,manor_hx_35042,manor,c_3,Merewatch,hx_35042,T1_direct_or_institutional_manor,county_domain,Manor of Willowhallow Hall,Manor of Willowhallow Hall,Willowhallow Hall,included_in_source_candidate_lock_view,accepted_unchanged,,,visible_public_name,false,false,false,false,false,false,false,false,false,false,false
manor:manor_hx_35325,manor_working_final_ready,manor_hx_35325,manor,c_3,Merewatch,hx_35325,T1_direct_or_institutional_manor,county_domain,Manor of Willowhallow Court,Manor of Willowhallow Court,Willowhallow Court,included_in_source_candidate_lock_view,accepted_unchanged,,,visible_public_name,false,false,false,false,false,false,false,false,false,false,false
manor:manor_hx_35327,manor_working_final_ready,manor_hx_35327,manor,c_3,Merewatch,hx_35327,T1_direct_or_institutional_manor,county_domain,Manor of Willowfen Hall,Manor of Willowfen Hall,Willowfen Hall,included_in_source_candidate_lock_view,accepted_unchanged,,,visible_public_name,false,false,false,false,false,false,false,false,false,false,false
manor:manor_hx_35600,manor_working_final_ready,manor_hx_35600,manor,c_3,Merewatch,hx_35600,T1_direct_or_institutional_manor,county_domain,Manor of Sedgewick Hall,Manor of Sedgewick Hall,Sedgewick Hall,included_in_source_candidate_lock_view,accepted_unchanged,,,visible_public_name,false,false,false,false,false,false,false,false,false,false,false
manor:manor_hx_35882,manor_working_final_ready,manor_hx_35882,manor,c_3,Merewatch,hx_35882,T1_direct_or_institutional_manor,county_domain,Manor of Sedgewick,Manor of Sedgewick,Sedgewick,included_in_source_candidate_lock_view,accepted_unchanged,,,visible_public_name,false,false,false,false,false,false,false,false,false,false,false
manor:manor_hx_36161,manor_working_final_ready,manor_hx_36161,manor,c_3,Merewatch,hx_36161,T1_direct_or_institutional_manor,county_domain,Manor of Sedgewick Court,Manor of Sedgewick Court,Sedgewick Court,included_in_source_candidate_lock_view,accepted_unchanged,,,visible_public_name,false,false,false,false,false,false,false,false,false,false,false
manor:manor_hx_36445,manor_working_final_ready,manor_hx_36445,manor,c_3,Merewatch,hx_36445,T1_direct_or_institutional_manor,county_domain,Manor of Fenpriory Court,Manor of Fenpriory Court,Fenpriory Court,included_in_source_candidate_lock_view,accepted_unchanged,,,visible_public_name,false,false,false,false,false,false,false,false,false,false,false
manor:manor_hx_37001,manor_working_final_ready,manor_hx_37001,manor,c_3,Merewatch,hx_37001,T1_direct_or_institutional_manor,county_domain,Manor of Hernmere,Manor of Hernmere,Hernmere,included_in_source_candidate_lock_view,accepted_unchanged,,,visible_public_name,false,false,false,false,false,false,false,false,false,false,false
manor:manor_hx_37284,manor_working_final_ready,manor_hx_37284,manor,c_3,Merewatch,hx_37284,T1_direct_or_institutional_manor,county_domain,Manor of Reevestow,Manor of Reevestow,Reevestow,included_in_source_candidate_lock_view,accepted_unchanged,,,visible_public_name,false,false,false,false,false,false,false,false,false,false,false
manor:manor_hx_32226,manor_working_final_ready,manor_hx_32226,manor,c_3,Merewatch,hx_32226,T2_seat_complex_or_strategic_manor,minor_lordship,Manor of Willowmere,Manor of Willowmere,Willowmere,included_in_source_candidate_lock_view,accepted_unchanged,,,visible_public_name,false,false,false,false,false,false,false,false,false,false,false
manor:manor_hx_32521,manor_working_final_ready,manor_hx_32521,manor,c_3,Merewatch,hx_32521,T2_seat_complex_or_strategic_manor,minor_lordship,Manor of Wickton,Manor of Wickton,Wickton,included_in_source_candidate_lock_view,accepted_unchanged,,,visible_public_name,false,false,false,false,false,false,false,false,false,false,false
manor:manor_hx_33066,manor_working_final_ready,manor_hx_33066,manor,c_3,Merewatch,hx_33066,T2_seat_complex_or_strategic_manor,minor_lordship,Manor of Rushfleet,Manor of Rushfleet,Rushfleet,included_in_source_candidate_lock_view,accepted_unchanged,,,visible_public_name,false,false,false,false,false,false,false,false,false,false,false
manor:manor_hx_33082,manor_working_final_ready,manor_hx_33082,manor,c_3,Merewatch,hx_33082,T2_seat_complex_or_strategic_manor,minor_lordship,Manor of Greyfen,Manor of Greyfen,Greyfen,included_in_source_candidate_lock_view,accepted_unchanged,,,visible_public_name,false,false,false,false,false,false,false,false,false,false,false
manor:manor_hx_33349,manor_working_final_ready,manor_hx_33349,manor,c_3,Merewatch,hx_33349,T4_minor_or_low_capacity_manor,minor_lordship,Manor of Reedwater,Manor of Reedwater,Reedwater,included_in_source_candidate_lock_view,accepted_unchanged,,,visible_public_name,false,false,false,false,false,false,false,false,false,false,false
manor:manor_hx_33638,manor_working_final_ready,manor_hx_33638,manor,c_3,Merewatch,hx_33638,T2_seat_complex_or_strategic_manor,minor_lordship,,Manor of Merecross,Merecross,included_in_working_authority_name_closure,approved_blank_name_closure_applied,V04-PLACE-MANOR-LCU-BLANK-NAME-AND-QA-PERSON-NAME-CLOSURE-MATERIALIZATION-001,,visible_public_name,false,false,false,false,false,false,false,false,false,false,false
manor:manor_hx_33646,manor_working_final_ready,manor_hx_33646,manor,c_3,Merewatch,hx_33646,T2_seat_complex_or_strategic_manor,minor_lordship,Manor of Reedham Court,Manor of Reedham Court,Reedham Court,included_in_source_candidate_lock_view,accepted_unchanged,,,visible_public_name,false,false,false,false,false,false,false,false,false,false,false
manor:manor_hx_34492,manor_working_final_ready,manor_hx_34492,manor,c_3,Merewatch,hx_34492,T2_seat_complex_or_strategic_manor,minor_lordship,Manor of Reedbridge,Manor of Reedbridge,Reedbridge,included_in_source_candidate_lock_view,accepted_unchanged,,,visible_public_name,false,false,false,false,false,false,false,false,false,false,false
manor:manor_hx_35034,manor_working_final_ready,manor_hx_35034,manor,c_3,Merewatch,hx_35034,T2_seat_complex_or_strategic_manor,minor_lordship,Manor of Rushcote,Manor of Rushcote,Rushcote,included_in_source_candidate_lock_view,accepted_unchanged,,,visible_public_name,false,false,false,false,false,false,false,false,false,false,false
manor:manor_hx_35307,manor_working_final_ready,manor_hx_35307,manor,c_3,Merewatch,hx_35307,T2_seat_complex_or_strategic_manor,minor_lordship,Manor of Brackley,Manor of Brackley,Brackley,included_in_source_candidate_lock_view,accepted_unchanged,,,visible_public_name,false,false,false,false,false,false,false,false,false,false,false
manor:manor_hx_35593,manor_working_final_ready,manor_hx_35593,manor,c_3,Merewatch,hx_35593,T2_seat_complex_or_strategic_manor,minor_lordship,Manor of Carrbank,Manor of Carrbank,Carrbank,included_in_source_candidate_lock_view,accepted_unchanged,,,visible_public_name,false,false,false,false,false,false,false,false,false,false,false
manor:manor_hx_35595,manor_working_final_ready,manor_hx_35595,manor,c_3,Merewatch,hx_35595,T2_seat_complex_or_strategic_manor,minor_lordship,Manor of Poolham,Manor of Poolham,Poolham,included_in_source_candidate_lock_view,accepted_unchanged,,,visible_public_name,false,false,false,false,false,false,false,false,false,false,false
manor:manor_hx_36167,manor_working_final_ready,manor_hx_36167,manor,c_3,Merewatch,hx_36167,T2_seat_complex_or_strategic_manor,minor_lordship,Manor of Willowfen,Manor of Willowfen,Willowfen,included_in_source_candidate_lock_view,accepted_unchanged,,,visible_public_name,false,false,false,false,false,false,false,false,false,false,false
manor:manor_hx_34437,manor_working_final_ready,manor_hx_34437,manor,c_4,Northwych,hx_34437,T1_direct_or_institutional_manor,barony,Manor of Ravenbridge,Manor of Ravenbridge,Ravenbridge,included_in_source_candidate_lock_view,accepted_unchanged,,,visible_public_name,false,false,false,false,false,false,false,false,false,false,false
manor:manor_hx_34999,manor_working_final_ready,manor_hx_34999,manor,c_4,Northwych,hx_34999,T1_direct_or_institutional_manor,barony,Manor of Hallowby Hall,Manor of Hallowby Hall,Hallowby Hall,included_in_source_candidate_lock_view,accepted_unchanged,,,visible_public_name,false,false,false,false,false,false,false,false,false,false,false
manor:manor_hx_35276,manor_working_final_ready,manor_hx_35276,manor,c_4,Northwych,hx_35276,T1_direct_or_institutional_manor,barony,Manor of Ridgewell,Manor of Ridgewell,Ridgewell,included_in_source_candidate_lock_view,accepted_unchanged,,,visible_public_name,false,false,false,false,false,false,false,false,false,false,false
manor:manor_hx_35559,manor_working_final_ready,manor_hx_35559,manor,c_4,Northwych,hx_35559,T1_direct_or_institutional_manor,barony,Manor of Stoneway,Manor of Stoneway,Stoneway,included_in_source_candidate_lock_view,accepted_unchanged,,,visible_public_name,false,false,false,false,false,false,false,false,false,false,false
manor:manor_hx_37519,manor_working_final_ready,manor_hx_37519,manor,c_4,Northwych,hx_37519,T1_direct_or_institutional_manor,barony,Manor of Daneley,Manor of Daneley,Daneley,included_in_source_candidate_lock_view,accepted_unchanged,,,visible_public_name,false,false,false,false,false,false,false,false,false,false,false
manor:manor_hx_37799,manor_working_final_ready,manor_hx_37799,manor,c_4,Northwych,hx_37799,T1_direct_or_institutional_manor,barony,Manor of Branthowe Hall,Manor of Branthowe Hall,Branthowe Hall,included_in_source_candidate_lock_view,accepted_unchanged,,,visible_public_name,false,false,false,false,false,false,false,false,false,false,false
manor:manor_hx_37803,manor_working_final_ready,manor_hx_37803,manor,c_4,Northwych,hx_37803,T1_direct_or_institutional_manor,barony,Manor of Frostwick,Manor of Frostwick,Frostwick,included_in_source_candidate_lock_view,accepted_unchanged,,,visible_public_name,false,false,false,false,false,false,false,false,false,false,false
manor:manor_hx_38639,manor_working_final_ready,manor_hx_38639,manor,c_4,Northwych,hx_38639,T1_direct_or_institutional_manor,barony,Manor of Branthowe,Manor of Branthowe,Branthowe,included_in_source_candidate_lock_view,accepted_unchanged,,,visible_public_name,false,false,false,false,false,false,false,false,false,false,false
manor:manor_hx_38641,manor_working_final_ready,manor_hx_38641,manor,c_4,Northwych,hx_38641,T1_direct_or_institutional_manor,barony,Manor of Kirkthorpe,Manor of Kirkthorpe,Kirkthorpe,included_in_source_candidate_lock_view,accepted_unchanged,,,visible_public_name,false,false,false,false,false,false,false,false,false,false,false
manor:manor_hx_40328,manor_working_final_ready,manor_hx_40328,manor,c_4,Northwych,hx_40328,T1_direct_or_institutional_manor,barony,Manor of Ulfworth Hall,Manor of Ulfworth Hall,Ulfworth Hall,included_in_source_candidate_lock_view,accepted_unchanged,,,visible_public_name,false,false,false,false,false,false,false,false,false,false,false
manor:manor_hx_40888,manor_working_final_ready,manor_hx_40888,manor,c_4,Northwych,hx_40888,T1_direct_or_institutional_manor,barony,Manor of Langgate,Manor of Langgate,Langgate,included_in_source_candidate_lock_view,accepted_unchanged,,,visible_public_name,false,false,false,false,false,false,false,false,false,false,false
manor:manor_hx_41452,manor_working_final_ready,manor_hx_41452,manor,c_4,Northwych,hx_41452,T1_direct_or_institutional_manor,barony,Manor of Ulfworth Court,Manor of Ulfworth Court,Ulfworth Court,included_in_source_candidate_lock_view,accepted_unchanged,,,visible_public_name,false,false,false,false,false,false,false,false,false,false,false
manor:manor_hx_33309,manor_working_final_ready,manor_hx_33309,manor,c_4,Northwych,hx_33309,T1_direct_or_institutional_manor,church_fief,Manor of Kirkwych,Manor of Kirkwych,Kirkwych,included_in_source_candidate_lock_view,accepted_unchanged,,,visible_public_name,false,false,false,false,false,false,false,false,false,false,false
manor:manor_hx_33592,manor_working_final_ready,manor_hx_33592,manor,c_4,Northwych,hx_33592,T1_direct_or_institutional_manor,church_fief,Manor of Wychminster,Manor of Wychminster,Wychminster,included_in_source_candidate_lock_view,accepted_unchanged,,,visible_public_name,false,false,false,false,false,false,false,false,false,false,false
manor:manor_hx_34148,manor_working_final_ready,manor_hx_34148,manor,c_4,Northwych,hx_34148,T1_direct_or_institutional_manor,church_fief,Manor of Ravenchapel,Manor of Ravenchapel,Ravenchapel,included_in_source_candidate_lock_view,accepted_unchanged,,,visible_public_name,false,false,false,false,false,false,false,false,false,false,false
manor:manor_hx_34427,manor_working_final_ready,manor_hx_34427,manor,c_4,Northwych,hx_34427,T1_direct_or_institutional_manor,church_fief,Manor of Coldpriory,Manor of Coldpriory,Coldpriory,included_in_source_candidate_lock_view,accepted_unchanged,,,visible_public_name,false,false,false,false,false,false,false,false,false,false,false
manor:manor_hx_34720,manor_working_final_ready,manor_hx_34720,manor,c_4,Northwych,hx_34720,T1_direct_or_institutional_manor,church_fief,Manor of Hallowby,Manor of Hallowby,Hallowby,included_in_source_candidate_lock_view,accepted_unchanged,,,visible_public_name,false,false,false,false,false,false,false,false,false,false,false
manor:manor_hx_34991,manor_working_final_ready,manor_hx_34991,manor,c_4,Northwych,hx_34991,T1_direct_or_institutional_manor,church_fief,Manor of Kirkby Wych,Manor of Kirkby Wych,Kirkby Wych,included_in_source_candidate_lock_view,accepted_unchanged,,,visible_public_name,false,false,false,false,false,false,false,false,false,false,false
manor:manor_hx_35284,manor_working_final_ready,manor_hx_35284,manor,c_4,Northwych,hx_35284,T1_direct_or_institutional_manor,church_fief,Manor of Grimthorpe,Manor of Grimthorpe,Grimthorpe,included_in_source_candidate_lock_view,accepted_unchanged,,,visible_public_name,false,false,false,false,false,false,false,false,false,false,false
manor:manor_hx_35831,manor_working_final_ready,manor_hx_35831,manor,c_4,Northwych,hx_35831,T1_direct_or_institutional_manor,church_fief,Manor of Ravenby,Manor of Ravenby,Ravenby,included_in_source_candidate_lock_view,accepted_unchanged,,,visible_public_name,false,false,false,false,false,false,false,false,false,false,false
manor:manor_hx_36396,manor_working_final_ready,manor_hx_36396,manor,c_4,Northwych,hx_36396,T1_direct_or_institutional_manor,church_fief,Manor of Woldhowe,Manor of Woldhowe,Woldhowe,included_in_source_candidate_lock_view,accepted_unchanged,,,visible_public_name,false,false,false,false,false,false,false,false,false,false,false
manor:manor_hx_36955,manor_working_final_ready,manor_hx_36955,manor,c_4,Northwych,hx_36955,T1_direct_or_institutional_manor,church_fief,Manor of Coldgarth,Manor of Coldgarth,Coldgarth,included_in_source_candidate_lock_view,accepted_unchanged,,,visible_public_name,false,false,false,false,false,false,false,false,false,false,false
manor:manor_hx_37798,manor_working_final_ready,manor_hx_37798,manor,c_4,Northwych,hx_37798,T1_direct_or_institutional_manor,church_fief,Manor of Howebeck,Manor of Howebeck,Howebeck,included_in_source_candidate_lock_view,accepted_unchanged,,,visible_public_name,false,false,false,false,false,false,false,false,false,false,false
manor:manor_hx_38078,manor_working_final_ready,manor_hx_38078,manor,c_4,Northwych,hx_38078,T1_direct_or_institutional_manor,church_fief,Manor of Branthowe Court,Manor of Branthowe Court,Branthowe Court,included_in_source_candidate_lock_view,accepted_unchanged,,,visible_public_name,false,false,false,false,false,false,false,false,false,false,false
manor:manor_hx_38085,manor_working_final_ready,manor_hx_38085,manor,c_4,Northwych,hx_38085,T1_direct_or_institutional_manor,church_fief,Manor of Northby,Manor of Northby,Northby,included_in_source_candidate_lock_view,approved_multi_anchor_identity_core_or_prefixed_member,,place_identity_county_seat_complex_northby,visible_public_name,false,false,false,false,false,false,false,false,false,false,false
manor:manor_hx_35280,manor_working_final_ready,manor_hx_35280,manor,c_4,Northwych,hx_35280,T1_direct_or_institutional_manor,county_domain,Manor of Stonebeck Hall,Manor of Stonebeck Hall,Stonebeck Hall,included_in_source_candidate_lock_view,accepted_unchanged,,,visible_public_name,false,false,false,false,false,false,false,false,false,false,false
manor:manor_hx_35282,manor_working_final_ready,manor_hx_35282,manor,c_4,Northwych,hx_35282,T1_direct_or_institutional_manor,county_domain,Manor of Ulfham,Manor of Ulfham,Ulfham,included_in_source_candidate_lock_view,accepted_unchanged,,,visible_public_name,false,false,false,false,false,false,false,false,false,false,false
manor:manor_hx_35564,manor_working_final_ready,manor_hx_35564,manor,c_4,Northwych,hx_35564,T1_direct_or_institutional_manor,county_domain,Manor of Stonebeck,Manor of Stonebeck,Stonebeck,included_in_source_candidate_lock_view,accepted_unchanged,,,visible_public_name,false,false,false,false,false,false,false,false,false,false,false
manor:manor_hx_35844,manor_working_final_ready,manor_hx_35844,manor,c_4,Northwych,hx_35844,T1_direct_or_institutional_manor,county_domain,Manor of Stonebeck Court,Manor of Stonebeck Court,Stonebeck Court,included_in_source_candidate_lock_view,accepted_unchanged,,,visible_public_name,false,false,false,false,false,false,false,false,false,false,false
manor:manor_hx_36123,manor_working_final_ready,manor_hx_36123,manor,c_4,Northwych,hx_36123,T1_direct_or_institutional_manor,county_domain,Manor of Northstead Hall,Manor of Northstead Hall,Northstead Hall,included_in_source_candidate_lock_view,accepted_unchanged,,,visible_public_name,false,false,false,false,false,false,false,false,false,false,false
manor:manor_hx_36400,manor_working_final_ready,manor_hx_36400,manor,c_4,Northwych,hx_36400,T1_direct_or_institutional_manor,county_domain,Manor of Scarbeck,Manor of Scarbeck,Scarbeck,included_in_source_candidate_lock_view,accepted_unchanged,,,visible_public_name,false,false,false,false,false,false,false,false,false,false,false
manor:manor_hx_36407,manor_working_final_ready,manor_hx_36407,manor,c_4,Northwych,hx_36407,T1_direct_or_institutional_manor,county_domain,,Manor of Northgate,Northgate,included_in_working_authority_name_closure,approved_blank_name_closure_applied,V04-PLACE-MANOR-LCU-BLANK-NAME-AND-QA-PERSON-NAME-CLOSURE-MATERIALIZATION-001,,visible_public_name,false,false,false,false,false,false,false,false,false,false,false
manor:manor_hx_36965,manor_working_final_ready,manor_hx_36965,manor,c_4,Northwych,hx_36965,T1_direct_or_institutional_manor,county_domain,Manor of Northstead,Manor of Northstead,Northstead,included_in_source_candidate_lock_view,accepted_unchanged,,,visible_public_name,false,false,false,false,false,false,false,false,false,false,false
manor:manor_hx_37243,manor_working_final_ready,manor_hx_37243,manor,c_4,Northwych,hx_37243,T1_direct_or_institutional_manor,county_domain,Manor of Northstead Court,Manor of Northstead Court,Northstead Court,included_in_source_candidate_lock_view,accepted_unchanged,,,visible_public_name,false,false,false,false,false,false,false,false,false,false,false
manor:manor_hx_38087,manor_working_final_ready,manor_hx_38087,manor,c_4,Northwych,hx_38087,T1_direct_or_institutional_manor,county_domain,Manor of Haldthorpe Hall,Manor of Haldthorpe Hall,Haldthorpe Hall,included_in_source_candidate_lock_view,accepted_unchanged,,,visible_public_name,false,false,false,false,false,false,false,false,false,false,false
manor:manor_hx_38364,manor_working_final_ready,manor_hx_38364,manor,c_4,Northwych,hx_38364,T1_direct_or_institutional_manor,county_domain,Manor of Scarby,Manor of Scarby,Scarby,included_in_source_candidate_lock_view,accepted_unchanged,,,visible_public_name,false,false,false,false,false,false,false,false,false,false,false
manor:manor_hx_38365,manor_working_final_ready,manor_hx_38365,manor,c_4,Northwych,hx_38365,T1_direct_or_institutional_manor,county_domain,Manor of Haldthorpe,Manor of Haldthorpe,Haldthorpe,included_in_source_candidate_lock_view,accepted_unchanged,,,visible_public_name,false,false,false,false,false,false,false,false,false,false,false
manor:manor_hx_38649,manor_working_final_ready,manor_hx_38649,manor,c_4,Northwych,hx_38649,T1_direct_or_institutional_manor,county_domain,Manor of Haldthorpe Court,Manor of Haldthorpe Court,Haldthorpe Court,included_in_source_candidate_lock_view,accepted_unchanged,,,visible_public_name,false,false,false,false,false,false,false,false,false,false,false
manor:manor_hx_39205,manor_working_final_ready,manor_hx_39205,manor,c_4,Northwych,hx_39205,T1_direct_or_institutional_manor,county_domain,Manor of Ulfthorpe Hall,Manor of Ulfthorpe Hall,Ulfthorpe Hall,included_in_source_candidate_lock_view,accepted_unchanged,,,visible_public_name,false,false,false,false,false,false,false,false,false,false,false
manor:manor_hx_33873,manor_working_final_ready,manor_hx_33873,manor,c_4,Northwych,hx_33873,T2_seat_complex_or_strategic_manor,minor_lordship,Manor of Wychgate,Manor of Wychgate,Wychgate,included_in_source_candidate_lock_view,accepted_unchanged,,,visible_public_name,false,false,false,false,false,false,false,false,false,false,false
manor:manor_hx_34150,manor_working_final_ready,manor_hx_34150,manor,c_4,Northwych,hx_34150,T2_seat_complex_or_strategic_manor,minor_lordship,Manor of Kirkcross,Manor of Kirkcross,Kirkcross,included_in_source_candidate_lock_view,accepted_unchanged,,,visible_public_name,false,false,false,false,false,false,false,false,false,false,false
manor:manor_hx_34994,manor_working_final_ready,manor_hx_34994,manor,c_4,Northwych,hx_34994,T2_seat_complex_or_strategic_manor,minor_lordship,Manor of Daneford,Manor of Daneford,Daneford,included_in_source_candidate_lock_view,accepted_unchanged,,,visible_public_name,false,false,false,false,false,false,false,false,false,false,false
manor:manor_hx_35555,manor_working_final_ready,manor_hx_35555,manor,c_4,Northwych,hx_35555,T2_seat_complex_or_strategic_manor,minor_lordship,Manor of Thorpstow,Manor of Thorpstow,Thorpstow,included_in_source_candidate_lock_view,accepted_unchanged,,,visible_public_name,false,false,false,false,false,false,false,false,false,false,false
manor:manor_hx_36127,manor_working_final_ready,manor_hx_36127,manor,c_4,Northwych,hx_36127,T4_minor_or_low_capacity_manor,minor_lordship,Manor of Grimton,Manor of Grimton,Grimton,included_in_source_candidate_lock_view,accepted_unchanged,,,visible_public_name,false,false,false,false,false,false,false,false,false,false,false
manor:manor_hx_36398,manor_working_final_ready,manor_hx_36398,manor,c_4,Northwych,hx_36398,T2_seat_complex_or_strategic_manor,minor_lordship,Manor of Danegate,Manor of Danegate,Danegate,included_in_source_candidate_lock_view,accepted_unchanged,,,visible_public_name,false,false,false,false,false,false,false,false,false,false,false
manor:manor_hx_36678,manor_working_final_ready,manor_hx_36678,manor,c_4,Northwych,hx_36678,T4_minor_or_low_capacity_manor,minor_lordship,Manor of Scaredge,Manor of Scaredge,Scaredge,included_in_source_candidate_lock_view,accepted_unchanged,,,visible_public_name,false,false,false,false,false,false,false,false,false,false,false
manor:manor_hx_36679,manor_working_final_ready,manor_hx_36679,manor,c_4,Northwych,hx_36679,T4_minor_or_low_capacity_manor,minor_lordship,Manor of Howebarrow,Manor of Howebarrow,Howebarrow,included_in_source_candidate_lock_view,accepted_unchanged,,,visible_public_name,false,false,false,false,false,false,false,false,false,false,false
manor:manor_hx_36689,manor_working_final_ready,manor_hx_36689,manor,c_4,Northwych,hx_36689,T3_high_capacity_ordinary_manor,minor_lordship,Manor of Brantstead,Manor of Brantstead,Brantstead,included_in_source_candidate_lock_view,accepted_unchanged,,,visible_public_name,false,false,false,false,false,false,false,false,false,false,false
manor:manor_hx_36956,manor_working_final_ready,manor_hx_36956,manor,c_4,Northwych,hx_36956,T4_minor_or_low_capacity_manor,minor_lordship,Manor of Daneley Hall,Manor of Daneley Hall,Daneley Hall,included_in_source_candidate_lock_view,accepted_unchanged,,,visible_public_name,false,false,false,false,false,false,false,false,false,false,false
manor:manor_hx_38090,manor_working_final_ready,manor_hx_38090,manor,c_4,Northwych,hx_38090,T3_high_capacity_ordinary_manor,minor_lordship,Manor of Grimwold,Manor of Grimwold,Grimwold,included_in_source_candidate_lock_view,accepted_unchanged,,,visible_public_name,false,false,false,false,false,false,false,false,false,false,false
manor:manor_hx_38370,manor_working_final_ready,manor_hx_38370,manor,c_4,Northwych,hx_38370,T3_high_capacity_ordinary_manor,minor_lordship,Manor of Grimwold Hall,Manor of Grimwold Hall,Grimwold Hall,included_in_source_candidate_lock_view,accepted_unchanged,,,visible_public_name,false,false,false,false,false,false,false,false,false,false,false
manor:manor_hx_38372,manor_working_final_ready,manor_hx_38372,manor,c_4,Northwych,hx_38372,T4_minor_or_low_capacity_manor,minor_lordship,Manor of Grimwold Court,Manor of Grimwold Court,Grimwold Court,included_in_source_candidate_lock_view,accepted_unchanged,,,visible_public_name,false,false,false,false,false,false,false,false,false,false,false
manor:manor_hx_38922,manor_working_final_ready,manor_hx_38922,manor,c_4,Northwych,hx_38922,T4_minor_or_low_capacity_manor,minor_lordship,Manor of Kirkthorpe Hall,Manor of Kirkthorpe Hall,Kirkthorpe Hall,included_in_source_candidate_lock_view,accepted_unchanged,,,visible_public_name,false,false,false,false,false,false,false,false,false,false,false
manor:manor_hx_39201,manor_working_final_ready,manor_hx_39201,manor,c_4,Northwych,hx_39201,T4_minor_or_low_capacity_manor,minor_lordship,Manor of Eldbrook Hall,Manor of Eldbrook Hall,Eldbrook Hall,included_in_source_candidate_lock_view,accepted_unchanged,,,visible_public_name,false,false,false,false,false,false,false,false,false,false,false
manor:manor_hx_39209,manor_working_final_ready,manor_hx_39209,manor,c_4,Northwych,hx_39209,T4_minor_or_low_capacity_manor,minor_lordship,Manor of Scarcote,Manor of Scarcote,Scarcote,included_in_source_candidate_lock_view,accepted_unchanged,,,visible_public_name,false,false,false,false,false,false,false,false,false,false,false
manor:manor_hx_39211,manor_working_final_ready,manor_hx_39211,manor,c_4,Northwych,hx_39211,T3_high_capacity_ordinary_manor,minor_lordship,Manor of Ulffield Hall,Manor of Ulffield Hall,Ulffield Hall,included_in_source_candidate_lock_view,accepted_unchanged,,,visible_public_name,false,false,false,false,false,false,false,false,false,false,false
manor:manor_hx_39486,manor_working_final_ready,manor_hx_39486,manor,c_4,Northwych,hx_39486,T4_minor_or_low_capacity_manor,minor_lordship,Manor of Tarn Hall,Manor of Tarn Hall,Tarn Hall,included_in_source_candidate_lock_view,accepted_unchanged,,,visible_public_name,false,false,false,false,false,false,false,false,false,false,false
manor:manor_hx_39488,manor_working_final_ready,manor_hx_39488,manor,c_4,Northwych,hx_39488,T4_minor_or_low_capacity_manor,minor_lordship,Manor of Ulffield,Manor of Ulffield,Ulffield,included_in_source_candidate_lock_view,accepted_unchanged,,,visible_public_name,false,false,false,false,false,false,false,false,false,false,false
manor:manor_hx_39490,manor_working_final_ready,manor_hx_39490,manor,c_4,Northwych,hx_39490,T4_minor_or_low_capacity_manor,minor_lordship,Manor of Howe Grange,Manor of Howe Grange,Howe Grange,included_in_source_candidate_lock_view,accepted_unchanged,,,visible_public_name,false,false,false,false,false,false,false,false,false,false,false
manor:manor_hx_39765,manor_working_final_ready,manor_hx_39765,manor,c_4,Northwych,hx_39765,T4_minor_or_low_capacity_manor,minor_lordship,Manor of Ulfthorpe,Manor of Ulfthorpe,Ulfthorpe,included_in_source_candidate_lock_view,accepted_unchanged,,,visible_public_name,false,false,false,false,false,false,false,false,false,false,false
manor:manor_hx_40324,manor_working_final_ready,manor_hx_40324,manor,c_4,Northwych,hx_40324,T3_high_capacity_ordinary_manor,minor_lordship,Manor of Beck,Manor of Beck,Beck,included_in_source_candidate_lock_view,accepted_unchanged,,,visible_public_name,false,false,false,false,false,false,false,false,false,false,false
manor:manor_hx_40327,manor_working_final_ready,manor_hx_40327,manor,c_4,Northwych,hx_40327,T4_minor_or_low_capacity_manor,minor_lordship,Manor of Beck Hall,Manor of Beck Hall,Beck Hall,included_in_source_candidate_lock_view,accepted_unchanged,,,visible_public_name,false,false,false,false,false,false,false,false,false,false,false
manor:manor_hx_40613,manor_working_final_ready,manor_hx_40613,manor,c_4,Northwych,hx_40613,T4_minor_or_low_capacity_manor,minor_lordship,Manor of Haldbeck,Manor of Haldbeck,Haldbeck,included_in_source_candidate_lock_view,accepted_unchanged,,,visible_public_name,false,false,false,false,false,false,false,false,false,false,false
manor:manor_hx_41168,manor_working_final_ready,manor_hx_41168,manor,c_4,Northwych,hx_41168,T4_minor_or_low_capacity_manor,minor_lordship,Manor of Beck Court,Manor of Beck Court,Beck Court,included_in_source_candidate_lock_view,accepted_unchanged,,,visible_public_name,false,false,false,false,false,false,false,false,false,false,false
manor:manor_hx_41447,manor_working_final_ready,manor_hx_41447,manor,c_4,Northwych,hx_41447,T2_seat_complex_or_strategic_manor,minor_lordship,Manor of Minsterworth Hall,Manor of Minsterworth Hall,Minsterworth Hall,included_in_source_candidate_lock_view,accepted_unchanged,,,visible_public_name,false,false,false,false,false,false,false,false,false,false,false
manor:manor_hx_41455,manor_working_final_ready,manor_hx_41455,manor,c_4,Northwych,hx_41455,T4_minor_or_low_capacity_manor,minor_lordship,Manor of Haldham,Manor of Haldham,Haldham,included_in_source_candidate_lock_view,accepted_unchanged,,,visible_public_name,false,false,false,false,false,false,false,false,false,false,false
manor:manor_hx_41457,manor_working_final_ready,manor_hx_41457,manor,c_4,Northwych,hx_41457,T4_minor_or_low_capacity_manor,minor_lordship,Manor of Ashwick Court,Manor of Ashwick Court,Ashwick Court,included_in_source_candidate_lock_view,accepted_unchanged,,,visible_public_name,false,false,false,false,false,false,false,false,false,false,false
manor:manor_hx_41732,manor_working_final_ready,manor_hx_41732,manor,c_4,Northwych,hx_41732,T4_minor_or_low_capacity_manor,minor_lordship,Manor of Woldthorpe Hall,Manor of Woldthorpe Hall,Woldthorpe Hall,included_in_source_candidate_lock_view,accepted_unchanged,,,visible_public_name,false,false,false,false,false,false,false,false,false,false,false
manor:manor_hx_41734,manor_working_final_ready,manor_hx_41734,manor,c_4,Northwych,hx_41734,T4_minor_or_low_capacity_manor,minor_lordship,Manor of Woldthorpe Court,Manor of Woldthorpe Court,Woldthorpe Court,included_in_source_candidate_lock_view,accepted_unchanged,,,visible_public_name,false,false,false,false,false,false,false,false,false,false,false
manor:manor_hx_42010,manor_working_final_ready,manor_hx_42010,manor,c_4,Northwych,hx_42010,T2_seat_complex_or_strategic_manor,minor_lordship,Manor of Woldthorpe,Manor of Woldthorpe,Woldthorpe,included_in_source_candidate_lock_view,accepted_unchanged,,,visible_public_name,false,false,false,false,false,false,false,false,false,false,false
manor:manor_hx_42017,manor_working_final_ready,manor_hx_42017,manor,c_4,Northwych,hx_42017,T4_minor_or_low_capacity_manor,minor_lordship,Manor of Haldham Hall,Manor of Haldham Hall,Haldham Hall,included_in_source_candidate_lock_view,accepted_unchanged,,,visible_public_name,false,false,false,false,false,false,false,false,false,false,false
manor:manor_hx_42573,manor_working_final_ready,manor_hx_42573,manor,c_4,Northwych,hx_42573,T4_minor_or_low_capacity_manor,minor_lordship,Manor of Oldwell Hall,Manor of Oldwell Hall,Oldwell Hall,included_in_source_candidate_lock_view,accepted_unchanged,,,visible_public_name,false,false,false,false,false,false,false,false,false,false,false
manor:manor_hx_42575,manor_working_final_ready,manor_hx_42575,manor,c_4,Northwych,hx_42575,T4_minor_or_low_capacity_manor,minor_lordship,Manor of Oldwell Court,Manor of Oldwell Court,Oldwell Court,included_in_source_candidate_lock_view,accepted_unchanged,,,visible_public_name,false,false,false,false,false,false,false,false,false,false,false
manor:manor_hx_33904,manor_working_final_ready,manor_hx_33904,manor,c_5,Orchardmere,hx_33904,T1_direct_or_institutional_manor,barony,Manor of Appleton Hall,Manor of Appleton Hall,Appleton Hall,included_in_source_candidate_lock_view,accepted_unchanged,,,visible_public_name,false,false,false,false,false,false,false,false,false,false,false
manor:manor_hx_34462,manor_working_final_ready,manor_hx_34462,manor,c_5,Orchardmere,hx_34462,T1_direct_or_institutional_manor,barony,Manor of Lindenacre,Manor of Lindenacre,Lindenacre,included_in_source_candidate_lock_view,accepted_unchanged,,,visible_public_name,false,false,false,false,false,false,false,false,false,false,false
manor:manor_hx_35024,manor_working_final_ready,manor_hx_35024,manor,c_5,Orchardmere,hx_35024,T1_direct_or_institutional_manor,barony,Manor of Lindenacre Hall,Manor of Lindenacre Hall,Lindenacre Hall,included_in_source_candidate_lock_view,accepted_unchanged,,,visible_public_name,false,false,false,false,false,false,false,false,false,false,false
manor:manor_hx_35301,manor_working_final_ready,manor_hx_35301,manor,c_5,Orchardmere,hx_35301,T1_direct_or_institutional_manor,barony,Manor of Lindenacre Court,Manor of Lindenacre Court,Lindenacre Court,included_in_source_candidate_lock_view,accepted_unchanged,,,visible_public_name,false,false,false,false,false,false,false,false,false,false,false
manor:manor_hx_35305,manor_working_final_ready,manor_hx_35305,manor,c_5,Orchardmere,hx_35305,T1_direct_or_institutional_manor,barony,,Manor of Appletree,Appletree,included_in_working_authority_name_closure,approved_blank_name_closure_applied,V04-PLACE-MANOR-LCU-BLANK-NAME-AND-QA-PERSON-NAME-CLOSURE-MATERIALIZATION-001,,visible_public_name,false,false,false,false,false,false,false,false,false,false,false
manor:manor_hx_35306,manor_working_final_ready,manor_hx_35306,manor,c_5,Orchardmere,hx_35306,T1_direct_or_institutional_manor,barony,Manor of Oatenhall,Manor of Oatenhall,Oatenhall,included_in_source_candidate_lock_view,accepted_unchanged,,,visible_public_name,false,false,false,false,false,false,false,false,false,false,false
manor:manor_hx_35867,manor_working_final_ready,manor_hx_35867,manor,c_5,Orchardmere,hx_35867,T1_direct_or_institutional_manor,barony,Manor of Haystreet,Manor of Haystreet,Haystreet,included_in_source_candidate_lock_view,accepted_unchanged,,,visible_public_name,false,false,false,false,false,false,false,false,false,false,false
manor:manor_hx_36149,manor_working_final_ready,manor_hx_36149,manor,c_5,Orchardmere,hx_36149,T1_direct_or_institutional_manor,barony,Manor of Fieldhall,Manor of Fieldhall,Fieldhall,included_in_source_candidate_lock_view,accepted_unchanged,,,visible_public_name,false,false,false,false,false,false,false,false,false,false,false
manor:manor_hx_36154,manor_working_final_ready,manor_hx_36154,manor,c_5,Orchardmere,hx_36154,T1_direct_or_institutional_manor,barony,Manor of Hayhall,Manor of Hayhall,Hayhall,included_in_source_candidate_lock_view,accepted_unchanged,,,visible_public_name,false,false,false,false,false,false,false,false,false,false,false
manor:manor_hx_36716,manor_working_final_ready,manor_hx_36716,manor,c_5,Orchardmere,hx_36716,T1_direct_or_institutional_manor,barony,Manor of Meadford,Manor of Meadford,Meadford,included_in_source_candidate_lock_view,accepted_unchanged,,,visible_public_name,false,false,false,false,false,false,false,false,false,false,false
manor:manor_hx_37279,manor_working_final_ready,manor_hx_37279,manor,c_5,Orchardmere,hx_37279,T1_direct_or_institutional_manor,barony,Manor of Mallowfield,Manor of Mallowdene,Mallowdene,included_in_source_candidate_lock_view,approved_name_repair_applied,PNC-REPAIR-012,,visible_public_name,false,false,false,false,false,false,false,false,false,false,false
manor:manor_hx_33900,manor_working_final_ready,manor_hx_33900,manor,c_5,Orchardmere,hx_33900,T1_direct_or_institutional_manor,church_fief,Manor of Dovecote,Manor of Dovecote,Dovecote,included_in_source_candidate_lock_view,accepted_unchanged,,,visible_public_name,false,false,false,false,false,false,false,false,false,false,false
manor:manor_hx_36989,manor_working_final_ready,manor_hx_36989,manor,c_5,Orchardmere,hx_36989,T1_direct_or_institutional_manor,church_fief,Manor of Orchardham,Manor of Orchardham,Orchardham,included_in_source_candidate_lock_view,approved_multi_anchor_identity_core_or_prefixed_member,,place_identity_county_seat_complex_orchardham,visible_public_name,false,false,false,false,false,false,false,false,false,false,false
manor:manor_hx_36998,manor_working_final_ready,manor_hx_36998,manor,c_5,Orchardmere,hx_36998,T1_direct_or_institutional_manor,church_fief,Manor of Oatenworth,Manor of Oatenworth,Oatenworth,included_in_source_candidate_lock_view,accepted_unchanged,,,visible_public_name,false,false,false,false,false,false,false,false,false,false,false
manor:manor_hx_35878,manor_working_final_ready,manor_hx_35878,manor,c_5,Orchardmere,hx_35878,T1_direct_or_institutional_manor,county_domain,Manor of Hernmere Hall,Manor of Hernmere Hall,Hernmere Hall,included_in_source_candidate_lock_view,accepted_unchanged,,,visible_public_name,false,false,false,false,false,false,false,false,false,false,false
manor:manor_hx_40073,manor_working_final_ready,manor_hx_40073,manor,c_5,Orchardmere,hx_40073,T1_direct_or_institutional_manor,county_domain,Manor of Wheatstow Hall,Manor of Wheatstow Hall,Wheatstow Hall,included_in_source_candidate_lock_view,accepted_unchanged,,,visible_public_name,false,false,false,false,false,false,false,false,false,false,false
manor:manor_hx_40634,manor_working_final_ready,manor_hx_40634,manor,c_5,Orchardmere,hx_40634,T1_direct_or_institutional_manor,county_domain,Manor of Oatenstead,Manor of Oatenstead,Oatenstead,included_in_source_candidate_lock_view,accepted_unchanged,,,visible_public_name,false,false,false,false,false,false,false,false,false,false,false
manor:manor_hx_33619,manor_working_final_ready,manor_hx_33619,manor,c_5,Orchardmere,hx_33619,T4_minor_or_low_capacity_manor,minor_lordship,Manor of Meadley,Manor of Meadley,Meadley,included_in_source_candidate_lock_view,accepted_unchanged,,,visible_public_name,false,false,false,false,false,false,false,false,false,false,false
manor:manor_hx_33902,manor_working_final_ready,manor_hx_33902,manor,c_5,Orchardmere,hx_33902,T4_minor_or_low_capacity_manor,minor_lordship,Manor of Appleton,Manor of Appleton,Appleton,included_in_source_candidate_lock_view,accepted_unchanged,,,visible_public_name,false,false,false,false,false,false,false,false,false,false,false
manor:manor_hx_34179,manor_working_final_ready,manor_hx_34179,manor,c_5,Orchardmere,hx_34179,T4_minor_or_low_capacity_manor,minor_lordship,Manor of Pearham,Manor of Pearham,Pearham,included_in_source_candidate_lock_view,accepted_unchanged,,,visible_public_name,false,false,false,false,false,false,false,false,false,false,false
manor:manor_hx_34466,manor_working_final_ready,manor_hx_34466,manor,c_5,Orchardmere,hx_34466,T2_seat_complex_or_strategic_manor,minor_lordship,Manor of Meadstow,Manor of Meadstow,Meadstow,included_in_source_candidate_lock_view,accepted_unchanged,,,visible_public_name,false,false,false,false,false,false,false,false,false,false,false
manor:manor_hx_34468,manor_working_final_ready,manor_hx_34468,manor,c_5,Orchardmere,hx_34468,T2_seat_complex_or_strategic_manor,minor_lordship,Manor of Applecross,Manor of Applecross,Applecross,included_in_source_candidate_lock_view,accepted_unchanged,,,visible_public_name,false,false,false,false,false,false,false,false,false,false,false
manor:manor_hx_34738,manor_working_final_ready,manor_hx_34738,manor,c_5,Orchardmere,hx_34738,T3_high_capacity_ordinary_manor,minor_lordship,Manor of Pearham Court,Manor of Pearham Court,Pearham Court,included_in_source_candidate_lock_view,accepted_unchanged,,,visible_public_name,false,false,false,false,false,false,false,false,false,false,false
manor:manor_hx_35579,manor_working_final_ready,manor_hx_35579,manor,c_5,Orchardmere,hx_35579,T3_high_capacity_ordinary_manor,minor_lordship,Manor of Orchardgate,Manor of Orchardgate,Orchardgate,included_in_source_candidate_lock_view,accepted_unchanged,,,visible_public_name,false,false,false,false,false,false,false,false,false,false,false
manor:manor_hx_35585,manor_working_final_ready,manor_hx_35585,manor,c_5,Orchardmere,hx_35585,T2_seat_complex_or_strategic_manor,minor_lordship,Manor of Bloombridge,Manor of Bloombridge,Bloombridge,included_in_source_candidate_lock_view,accepted_unchanged,,,visible_public_name,false,false,false,false,false,false,false,false,false,false,false
manor:manor_hx_35586,manor_working_final_ready,manor_hx_35586,manor,c_5,Orchardmere,hx_35586,T2_seat_complex_or_strategic_manor,minor_lordship,,Manor of Withybridge,Withybridge,included_in_working_authority_name_closure,approved_blank_name_closure_applied,V04-PLACE-MANOR-LCU-BLANK-NAME-AND-QA-PERSON-NAME-CLOSURE-MATERIALIZATION-001,,visible_public_name,false,false,false,false,false,false,false,false,false,false,false
manor:manor_hx_35871,manor_working_final_ready,manor_hx_35871,manor,c_5,Orchardmere,hx_35871,T2_seat_complex_or_strategic_manor,minor_lordship,Manor of Honeyfield,Manor of Honeyfield,Honeyfield,included_in_source_candidate_lock_view,accepted_unchanged,,,visible_public_name,false,false,false,false,false,false,false,false,false,false,false
manor:manor_hx_36139,manor_working_final_ready,manor_hx_36139,manor,c_5,Orchardmere,hx_36139,T4_minor_or_low_capacity_manor,minor_lordship,Manor of Doveworth Hall,Manor of Doveworth Hall,Doveworth Hall,included_in_source_candidate_lock_view,accepted_unchanged,,,visible_public_name,false,false,false,false,false,false,false,false,false,false,false
manor:manor_hx_36426,manor_working_final_ready,manor_hx_36426,manor,c_5,Orchardmere,hx_36426,T2_seat_complex_or_strategic_manor,minor_lordship,Manor of Greenford,Manor of Greenford,Greenford,included_in_source_candidate_lock_view,accepted_unchanged,,,visible_public_name,false,false,false,false,false,false,false,false,false,false,false
manor:manor_hx_36712,manor_working_final_ready,manor_hx_36712,manor,c_5,Orchardmere,hx_36712,T2_seat_complex_or_strategic_manor,minor_lordship,Manor of Plumfield,Manor of Plumfield,Plumfield,included_in_source_candidate_lock_view,accepted_unchanged,,,visible_public_name,false,false,false,false,false,false,false,false,false,false,false
manor:manor_hx_36983,manor_working_final_ready,manor_hx_36983,manor,c_5,Orchardmere,hx_36983,T4_minor_or_low_capacity_manor,minor_lordship,Manor of Doveworth,Manor of Doveworth,Doveworth,included_in_source_candidate_lock_view,accepted_unchanged,,,visible_public_name,false,false,false,false,false,false,false,false,false,false,false
manor:manor_hx_36985,manor_working_final_ready,manor_hx_36985,manor,c_5,Orchardmere,hx_36985,T4_minor_or_low_capacity_manor,minor_lordship,Manor of Lindenfield,Manor of Lindenfield,Lindenfield,included_in_source_candidate_lock_view,accepted_unchanged,,,visible_public_name,false,false,false,false,false,false,false,false,false,false,false
manor:manor_hx_37267,manor_working_final_ready,manor_hx_37267,manor,c_5,Orchardmere,hx_37267,T4_minor_or_low_capacity_manor,minor_lordship,Manor of Bloomfield,Manor of Bloomfield,Bloomfield,included_in_source_candidate_lock_view,accepted_unchanged,,,visible_public_name,false,false,false,false,false,false,false,false,false,false,false
manor:manor_hx_37269,manor_working_final_ready,manor_hx_37269,manor,c_5,Orchardmere,hx_37269,T4_minor_or_low_capacity_manor,minor_lordship,Manor of Honeywick,Manor of Honeywick,Honeywick,included_in_source_candidate_lock_view,accepted_unchanged,,,visible_public_name,false,false,false,false,false,false,false,false,false,false,false
manor:manor_hx_37556,manor_working_final_ready,manor_hx_37556,manor,c_5,Orchardmere,hx_37556,T4_minor_or_low_capacity_manor,minor_lordship,Manor of Pearmead,Manor of Pearmead,Pearmead,included_in_source_candidate_lock_view,accepted_unchanged,,,visible_public_name,false,false,false,false,false,false,false,false,false,false,false
manor:manor_hx_37827,manor_working_final_ready,manor_hx_37827,manor,c_5,Orchardmere,hx_37827,T4_minor_or_low_capacity_manor,minor_lordship,Manor of Honeywick Hall,Manor of Honeywick Hall,Honeywick Hall,included_in_source_candidate_lock_view,accepted_unchanged,,,visible_public_name,false,false,false,false,false,false,false,false,false,false,false
manor:manor_hx_37830,manor_working_final_ready,manor_hx_37830,manor,c_5,Orchardmere,hx_37830,T3_high_capacity_ordinary_manor,minor_lordship,Manor of Honeywick Court,Manor of Honeywick Court,Honeywick Court,included_in_source_candidate_lock_view,accepted_unchanged,,,visible_public_name,false,false,false,false,false,false,false,false,false,false,false
manor:manor_hx_37835,manor_working_final_ready,manor_hx_37835,manor,c_5,Orchardmere,hx_37835,T3_high_capacity_ordinary_manor,minor_lordship,Manor of Acreworth Hall,Manor of Acreworth Hall,Acreworth Hall,included_in_source_candidate_lock_view,accepted_unchanged,,,visible_public_name,false,false,false,false,false,false,false,false,false,false,false
manor:manor_hx_37840,manor_working_final_ready,manor_hx_37840,manor,c_5,Orchardmere,hx_37840,T4_minor_or_low_capacity_manor,minor_lordship,Manor of Lindenbury,Manor of Lindenbury,Lindenbury,included_in_source_candidate_lock_view,accepted_unchanged,,,visible_public_name,false,false,false,false,false,false,false,false,false,false,false
manor:manor_hx_38108,manor_working_final_ready,manor_hx_38108,manor,c_5,Orchardmere,hx_38108,T4_minor_or_low_capacity_manor,minor_lordship,Manor of Greenwick Hall,Manor of Greenwick Hall,Greenwick Hall,included_in_source_candidate_lock_view,accepted_unchanged,,,visible_public_name,false,false,false,false,false,false,false,false,false,false,false
manor:manor_hx_38387,manor_working_final_ready,manor_hx_38387,manor,c_5,Orchardmere,hx_38387,T4_minor_or_low_capacity_manor,minor_lordship,Manor of Greenwick,Manor of Greenwick,Greenwick,included_in_source_candidate_lock_view,accepted_unchanged,,,visible_public_name,false,false,false,false,false,false,false,false,false,false,false
manor:manor_hx_38390,manor_working_final_ready,manor_hx_38390,manor,c_5,Orchardmere,hx_38390,T4_minor_or_low_capacity_manor,minor_lordship,Manor of Plumcote,Manor of Plumcote,Plumcote,included_in_source_candidate_lock_view,accepted_unchanged,,,visible_public_name,false,false,false,false,false,false,false,false,false,false,false
manor:manor_hx_38393,manor_working_final_ready,manor_hx_38393,manor,c_5,Orchardmere,hx_38393,T4_minor_or_low_capacity_manor,minor_lordship,Manor of Mallowbury,Manor of Mallowbury,Mallowbury,included_in_source_candidate_lock_view,accepted_unchanged,,,visible_public_name,false,false,false,false,false,false,false,false,false,false,false
manor:manor_hx_38401,manor_working_final_ready,manor_hx_38401,manor,c_5,Orchardmere,hx_38401,T4_minor_or_low_capacity_manor,minor_lordship,Manor of Lindenbury Hall,Manor of Lindenbury Hall,Lindenbury Hall,included_in_source_candidate_lock_view,accepted_unchanged,,,visible_public_name,false,false,false,false,false,false,false,false,false,false,false
manor:manor_hx_38402,manor_working_final_ready,manor_hx_38402,manor,c_5,Orchardmere,hx_38402,T4_minor_or_low_capacity_manor,minor_lordship,Manor of Lindenbury Court,Manor of Lindenbury Court,Lindenbury Court,included_in_source_candidate_lock_view,accepted_unchanged,,,visible_public_name,false,false,false,false,false,false,false,false,false,false,false
manor:manor_hx_38950,manor_working_final_ready,manor_hx_38950,manor,c_5,Orchardmere,hx_38950,T4_minor_or_low_capacity_manor,minor_lordship,Manor of Plumcote Hall,Manor of Plumcote Hall,Plumcote Hall,included_in_source_candidate_lock_view,accepted_unchanged,,,visible_public_name,false,false,false,false,false,false,false,false,false,false,false
manor:manor_hx_38952,manor_working_final_ready,manor_hx_38952,manor,c_5,Orchardmere,hx_38952,T4_minor_or_low_capacity_manor,minor_lordship,Manor of Plumcote Court,Manor of Plumcote Court,Plumcote Court,included_in_source_candidate_lock_view,accepted_unchanged,,,visible_public_name,false,false,false,false,false,false,false,false,false,false,false
manor:manor_hx_38955,manor_working_final_ready,manor_hx_38955,manor,c_5,Orchardmere,hx_38955,T4_minor_or_low_capacity_manor,minor_lordship,Manor of Mallowbury Hall,Manor of Mallowbury Hall,Mallowbury Hall,included_in_source_candidate_lock_view,accepted_unchanged,,,visible_public_name,false,false,false,false,false,false,false,false,false,false,false
manor:manor_hx_38958,manor_working_final_ready,manor_hx_38958,manor,c_5,Orchardmere,hx_38958,T4_minor_or_low_capacity_manor,minor_lordship,Manor of Pearwick Hall,Manor of Pearwick Hall,Pearwick Hall,included_in_source_candidate_lock_view,accepted_unchanged,,,visible_public_name,false,false,false,false,false,false,false,false,false,false,false
manor:manor_hx_38962,manor_working_final_ready,manor_hx_38962,manor,c_5,Orchardmere,hx_38962,T4_minor_or_low_capacity_manor,minor_lordship,Manor of Pearwick,Manor of Pearwick,Pearwick,included_in_source_candidate_lock_view,accepted_unchanged,,,visible_public_name,false,false,false,false,false,false,false,false,false,false,false
manor:manor_hx_38963,manor_working_final_ready,manor_hx_38963,manor,c_5,Orchardmere,hx_38963,T4_minor_or_low_capacity_manor,minor_lordship,Manor of Honeyley,Manor of Honeyley,Honeyley,included_in_source_candidate_lock_view,accepted_unchanged,,,visible_public_name,false,false,false,false,false,false,false,false,false,false,false
manor:manor_hx_39518,manor_working_final_ready,manor_hx_39518,manor,c_5,Orchardmere,hx_39518,T3_high_capacity_ordinary_manor,minor_lordship,Manor of Pearwick Court,Manor of Pearwick Court,Pearwick Court,included_in_source_candidate_lock_view,accepted_unchanged,,,visible_public_name,false,false,false,false,false,false,false,false,false,false,false
manor:manor_hx_39792,manor_working_final_ready,manor_hx_39792,manor,c_5,Orchardmere,hx_39792,T4_minor_or_low_capacity_manor,minor_lordship,Manor of Wheatstow,Manor of Wheatstow,Wheatstow,included_in_source_candidate_lock_view,accepted_unchanged,,,visible_public_name,false,false,false,false,false,false,false,false,false,false,false
manor:manor_hx_39794,manor_working_final_ready,manor_hx_39794,manor,c_5,Orchardmere,hx_39794,T4_minor_or_low_capacity_manor,minor_lordship,Manor of Wheatstow Court,Manor of Wheatstow Court,Wheatstow Court,included_in_source_candidate_lock_view,accepted_unchanged,,,visible_public_name,false,false,false,false,false,false,false,false,false,false,false
manor:manor_hx_40358,manor_working_final_ready,manor_hx_40358,manor,c_5,Orchardmere,hx_40358,T3_high_capacity_ordinary_manor,minor_lordship,Manor of Hallowminster Court,Manor of Hallowminster Court,Hallowminster Court,included_in_source_candidate_lock_view,accepted_unchanged,,,visible_public_name,false,false,false,false,false,false,false,false,false,false,false
manor:manor_hx_28808,manor_working_final_ready,manor_hx_28808,manor,c_6,Wyrmford,hx_28808,T1_direct_or_institutional_manor,barony,Manor of Harrowstow Hall,Manor of Harrowstow Hall,Harrowstow Hall,included_in_source_candidate_lock_view,accepted_unchanged,,,visible_public_name,false,false,false,false,false,false,false,false,false,false,false
manor:manor_hx_29091,manor_working_final_ready,manor_hx_29091,manor,c_6,Wyrmford,hx_29091,T1_direct_or_institutional_manor,barony,Manor of Harrowstow,Manor of Harrowstow,Harrowstow,included_in_source_candidate_lock_view,accepted_unchanged,,,visible_public_name,false,false,false,false,false,false,false,false,false,false,false
manor:manor_hx_29650,manor_working_final_ready,manor_hx_29650,manor,c_6,Wyrmford,hx_29650,T1_direct_or_institutional_manor,barony,Manor of Harrowstow Court,Manor of Harrowstow Court,Harrowstow Court,included_in_source_candidate_lock_view,accepted_unchanged,,,visible_public_name,false,false,false,false,false,false,false,false,false,false,false
manor:manor_hx_29652,manor_working_final_ready,manor_hx_29652,manor,c_6,Wyrmford,hx_29652,T1_direct_or_institutional_manor,barony,Manor of Cliffley,Manor of Cliffley,Cliffley,included_in_source_candidate_lock_view,accepted_unchanged,,,visible_public_name,false,false,false,false,false,false,false,false,false,false,false
manor:manor_hx_22639,manor_working_final_ready,manor_hx_22639,manor,c_6,Wyrmford,hx_22639,T1_direct_or_institutional_manor,church_fief,Manor of Wyreminster,Manor of Wyreminster,Wyreminster,included_in_source_candidate_lock_view,accepted_unchanged,,,visible_public_name,false,false,false,false,false,false,false,false,false,false,false
manor:manor_hx_22640,manor_working_final_ready,manor_hx_22640,manor,c_6,Wyrmford,hx_22640,T1_direct_or_institutional_manor,church_fief,Manor of Wyrmchapel,Manor of Wyrmchapel,Wyrmchapel,included_in_source_candidate_lock_view,accepted_unchanged,,,visible_public_name,false,false,false,false,false,false,false,false,false,false,false
manor:manor_hx_23194,manor_working_final_ready,manor_hx_23194,manor,c_6,Wyrmford,hx_23194,T1_direct_or_institutional_manor,church_fief,Manor of Hallowwyre,Manor of Hallowwyre,Hallowwyre,included_in_source_candidate_lock_view,accepted_unchanged,,,visible_public_name,false,false,false,false,false,false,false,false,false,false,false
manor:manor_hx_23483,manor_working_final_ready,manor_hx_23483,manor,c_6,Wyrmford,hx_23483,T1_direct_or_institutional_manor,church_fief,Manor of Reedpriory,Manor of Reedpriory,Reedpriory,included_in_source_candidate_lock_view,accepted_unchanged,,,visible_public_name,false,false,false,false,false,false,false,false,false,false,false
manor:manor_hx_23757,manor_working_final_ready,manor_hx_23757,manor,c_6,Wyrmford,hx_23757,T1_direct_or_institutional_manor,church_fief,Manor of Reedminster,Manor of Reedminster,Reedminster,included_in_source_candidate_lock_view,accepted_unchanged,,,visible_public_name,false,false,false,false,false,false,false,false,false,false,false
manor:manor_hx_23761,manor_working_final_ready,manor_hx_23761,manor,c_6,Wyrmford,hx_23761,T1_direct_or_institutional_manor,church_fief,Manor of Reedworth,Manor of Reedworth,Reedworth,included_in_source_candidate_lock_view,accepted_unchanged,,,visible_public_name,false,false,false,false,false,false,false,false,false,false,false
manor:manor_hx_24043,manor_working_final_ready,manor_hx_24043,manor,c_6,Wyrmford,hx_24043,T1_direct_or_institutional_manor,church_fief,Manor of Reedcote,Manor of Reedcote,Reedcote,included_in_source_candidate_lock_view,accepted_unchanged,,,visible_public_name,false,false,false,false,false,false,false,false,false,false,false
manor:manor_hx_24326,manor_working_final_ready,manor_hx_24326,manor,c_6,Wyrmford,hx_24326,T1_direct_or_institutional_manor,church_fief,Manor of Cairnbrook,Manor of Cairnbrook,Cairnbrook,included_in_source_candidate_lock_view,accepted_unchanged,,,visible_public_name,false,false,false,false,false,false,false,false,false,false,false
manor:manor_hx_25163,manor_working_final_ready,manor_hx_25163,manor,c_6,Wyrmford,hx_25163,T1_direct_or_institutional_manor,church_fief,Manor of Withychapel,Manor of Withychapel,Withychapel,included_in_source_candidate_lock_view,accepted_unchanged,,,visible_public_name,false,false,false,false,false,false,false,false,false,false,false
manor:manor_hx_26285,manor_working_final_ready,manor_hx_26285,manor,c_6,Wyrmford,hx_26285,T1_direct_or_institutional_manor,church_fief,Manor of Cliffwell,Manor of Cliffwell,Cliffwell,included_in_source_candidate_lock_view,accepted_unchanged,,,visible_public_name,false,false,false,false,false,false,false,false,false,false,false
manor:manor_hx_26562,manor_working_final_ready,manor_hx_26562,manor,c_6,Wyrmford,hx_26562,T1_direct_or_institutional_manor,church_fief,Manor of Cairnchapel,Manor of Cairnchapel,Cairnchapel,included_in_source_candidate_lock_view,accepted_unchanged,,,visible_public_name,false,false,false,false,false,false,false,false,false,false,false
manor:manor_hx_26839,manor_working_final_ready,manor_hx_26839,manor,c_6,Wyrmford,hx_26839,T1_direct_or_institutional_manor,church_fief,Manor of Bramhallow,Manor of Bramhallow,Bramhallow,included_in_source_candidate_lock_view,accepted_unchanged,,,visible_public_name,false,false,false,false,false,false,false,false,false,false,false
manor:manor_hx_26846,manor_working_final_ready,manor_hx_26846,manor,c_6,Wyrmford,hx_26846,T1_direct_or_institutional_manor,church_fief,Manor of Swancote,Manor of Swancote,Swancote,included_in_source_candidate_lock_view,accepted_unchanged,,,visible_public_name,false,false,false,false,false,false,false,false,false,false,false
manor:manor_hx_27129,manor_working_final_ready,manor_hx_27129,manor,c_6,Wyrmford,hx_27129,T1_direct_or_institutional_manor,church_fief,Manor of Redton,Manor of Redton,Redton,included_in_source_candidate_lock_view,accepted_unchanged,,,visible_public_name,false,false,false,false,false,false,false,false,false,false,false
manor:manor_hx_27681,manor_working_final_ready,manor_hx_27681,manor,c_6,Wyrmford,hx_27681,T1_direct_or_institutional_manor,church_fief,Manor of Wyrechapel,Manor of Wyrechapel,Wyrechapel,included_in_source_candidate_lock_view,accepted_unchanged,,,visible_public_name,false,false,false,false,false,false,false,false,false,false,false
manor:manor_hx_27685,manor_working_final_ready,manor_hx_27685,manor,c_6,Wyrmford,hx_27685,T1_direct_or_institutional_manor,church_fief,Manor of Redley,Manor of Redley,Redley,included_in_source_candidate_lock_view,accepted_unchanged,,,visible_public_name,false,false,false,false,false,false,false,false,false,false,false
manor:manor_hx_27690,manor_working_final_ready,manor_hx_27690,manor,c_6,Wyrmford,hx_27690,T1_direct_or_institutional_manor,church_fief,Manor of Fenford,Manor of Fenford,Fenford,included_in_source_candidate_lock_view,accepted_unchanged,,,visible_public_name,false,false,false,false,false,false,false,false,false,false,false
manor:manor_hx_27692,manor_working_final_ready,manor_hx_27692,manor,c_6,Wyrmford,hx_27692,T1_direct_or_institutional_manor,church_fief,Manor of Swanford,Manor of Swanford,Swanford,included_in_source_candidate_lock_view,accepted_unchanged,,,visible_public_name,false,false,false,false,false,false,false,false,false,false,false
manor:manor_hx_28247,manor_working_final_ready,manor_hx_28247,manor,c_6,Wyrmford,hx_28247,T1_direct_or_institutional_manor,church_fief,Manor of Narrowwell,Manor of Narrowwell,Narrowwell,included_in_source_candidate_lock_view,accepted_unchanged,,,visible_public_name,false,false,false,false,false,false,false,false,false,false,false
manor:manor_hx_28534,manor_working_final_ready,manor_hx_28534,manor,c_6,Wyrmford,hx_28534,T1_direct_or_institutional_manor,church_fief,Manor of Fenminster Hall,Manor of Fenminster Hall,Fenminster Hall,included_in_source_candidate_lock_view,accepted_unchanged,,,visible_public_name,false,false,false,false,false,false,false,false,false,false,false
manor:manor_hx_29372,manor_working_final_ready,manor_hx_29372,manor,c_6,Wyrmford,hx_29372,T1_direct_or_institutional_manor,church_fief,Manor of Wyrmbury,Manor of Wyrmbury,Wyrmbury,included_in_source_candidate_lock_view,approved_multi_anchor_identity_core_or_prefixed_member,,place_identity_county_seat_complex_wyrmbury,visible_public_name,false,false,false,false,false,false,false,false,false,false,false
manor:manor_hx_33292,manor_working_final_ready,manor_hx_33292,manor,c_6,Wyrmford,hx_33292,T1_direct_or_institutional_manor,church_fief,Manor of Rookwell,Manor of Rookwell,Rookwell,included_in_source_candidate_lock_view,accepted_unchanged,,,visible_public_name,false,false,false,false,false,false,false,false,false,false,false
manor:manor_hx_26835,manor_working_final_ready,manor_hx_26835,manor,c_6,Wyrmford,hx_26835,T4_minor_or_low_capacity_manor,minor_lordship,Manor of Narrowworth,Manor of Narrowworth,Narrowworth,included_in_source_candidate_lock_view,accepted_unchanged,,,visible_public_name,false,false,false,false,false,false,false,false,false,false,false
manor:manor_hx_26853,manor_working_final_ready,manor_hx_26853,manor,c_6,Wyrmford,hx_26853,T2_seat_complex_or_strategic_manor,minor_lordship,Manor of Greenedge,Manor of Greenedge,Greenedge,included_in_source_candidate_lock_view,accepted_unchanged,,,visible_public_name,false,false,false,false,false,false,false,false,false,false,false
manor:manor_hx_27117,manor_working_final_ready,manor_hx_27117,manor,c_6,Wyrmford,hx_27117,T2_seat_complex_or_strategic_manor,minor_lordship,Manor of Eddywick,Manor of Eddywick,Eddywick,included_in_source_candidate_lock_view,accepted_unchanged,,,visible_public_name,false,false,false,false,false,false,false,false,false,false,false
manor:manor_hx_27416,manor_working_final_ready,manor_hx_27416,manor,c_6,Wyrmford,hx_27416,T2_seat_complex_or_strategic_manor,minor_lordship,Manor of Osierford,Manor of Osierford,Osierford,included_in_source_candidate_lock_view,accepted_unchanged,,,visible_public_name,false,false,false,false,false,false,false,false,false,false,false
manor:manor_hx_27419,manor_working_final_ready,manor_hx_27419,manor,c_6,Wyrmford,hx_27419,T2_seat_complex_or_strategic_manor,minor_lordship,Manor of Bramford,Manor of Bramford,Bramford,included_in_source_candidate_lock_view,accepted_unchanged,,,visible_public_name,false,false,false,false,false,false,false,false,false,false,false
manor:manor_hx_27957,manor_working_final_ready,manor_hx_27957,manor,c_6,Wyrmford,hx_27957,T2_seat_complex_or_strategic_manor,minor_lordship,Manor of Waterstow,Manor of Waterstow,Waterstow,included_in_source_candidate_lock_view,accepted_unchanged,,,visible_public_name,false,false,false,false,false,false,false,false,false,false,false
manor:manor_hx_27972,manor_working_final_ready,manor_hx_27972,manor,c_6,Wyrmford,hx_27972,T2_seat_complex_or_strategic_manor,minor_lordship,Manor of Greenham,Manor of Greenham,Greenham,included_in_source_candidate_lock_view,accepted_unchanged,,,visible_public_name,false,false,false,false,false,false,false,false,false,false,false
manor:manor_hx_27978,manor_working_final_ready,manor_hx_27978,manor,c_6,Wyrmford,hx_27978,T2_seat_complex_or_strategic_manor,minor_lordship,Manor of Wyrecote,Manor of Wyrecote,Wyrecote,included_in_source_candidate_lock_view,accepted_unchanged,,,visible_public_name,false,false,false,false,false,false,false,false,false,false,false
manor:manor_hx_28237,manor_working_final_ready,manor_hx_28237,manor,c_6,Wyrmford,hx_28237,T3_high_capacity_ordinary_manor,minor_lordship,,Manor of Wyrmcote,Wyrmcote,included_in_working_authority_name_closure,approved_blank_name_closure_applied,V04-PLACE-MANOR-LCU-BLANK-NAME-AND-QA-PERSON-NAME-CLOSURE-MATERIALIZATION-001,,visible_public_name,false,false,false,false,false,false,false,false,false,false,false
manor:manor_hx_28240,manor_working_final_ready,manor_hx_28240,manor,c_6,Wyrmford,hx_28240,T2_seat_complex_or_strategic_manor,minor_lordship,Manor of Bendham,Manor of Bendham,Bendham,included_in_source_candidate_lock_view,accepted_unchanged,,,visible_public_name,false,false,false,false,false,false,false,false,false,false,false
manor:manor_hx_28259,manor_working_final_ready,manor_hx_28259,manor,c_6,Wyrmford,hx_28259,T2_seat_complex_or_strategic_manor,minor_lordship,Manor of Withyham,Manor of Withyham,Withyham,included_in_source_candidate_lock_view,accepted_unchanged,,,visible_public_name,false,false,false,false,false,false,false,false,false,false,false
manor:manor_hx_28524,manor_working_final_ready,manor_hx_28524,manor,c_6,Wyrmford,hx_28524,T2_seat_complex_or_strategic_manor,minor_lordship,Manor of Brambrook,Manor of Brambrook,Brambrook,included_in_source_candidate_lock_view,accepted_unchanged,,,visible_public_name,false,false,false,false,false,false,false,false,false,false,false
manor:manor_hx_28527,manor_working_final_ready,manor_hx_28527,manor,c_6,Wyrmford,hx_28527,T2_seat_complex_or_strategic_manor,minor_lordship,Manor of Blackwick,Manor of Blackwick,Blackwick,included_in_source_candidate_lock_view,accepted_unchanged,,,visible_public_name,false,false,false,false,false,false,false,false,false,false,false
manor:manor_hx_28537,manor_working_final_ready,manor_hx_28537,manor,c_6,Wyrmford,hx_28537,T2_seat_complex_or_strategic_manor,minor_lordship,Manor of Withyley Hall,Manor of Withyley Hall,Withyley Hall,included_in_source_candidate_lock_view,accepted_unchanged,,,visible_public_name,false,false,false,false,false,false,false,false,false,false,false
manor:manor_hx_28540,manor_working_final_ready,manor_hx_28540,manor,c_6,Wyrmford,hx_28540,T2_seat_complex_or_strategic_manor,minor_lordship,Manor of Osiercroft,Manor of Osiercroft,Osiercroft,included_in_source_candidate_lock_view,accepted_unchanged,,,visible_public_name,false,false,false,false,false,false,false,false,false,false,false
manor:manor_hx_28802,manor_working_final_ready,manor_hx_28802,manor,c_6,Wyrmford,hx_28802,T2_seat_complex_or_strategic_manor,minor_lordship,Manor of Hatchham,Manor of Hatchham,Hatchham,included_in_source_candidate_lock_view,accepted_unchanged,,,visible_public_name,false,false,false,false,false,false,false,false,false,false,false
manor:manor_hx_29093,manor_working_final_ready,manor_hx_29093,manor,c_6,Wyrmford,hx_29093,T3_high_capacity_ordinary_manor,minor_lordship,Manor of Fenminster,Manor of Fenminster,Fenminster,included_in_source_candidate_lock_view,accepted_unchanged,,,visible_public_name,false,false,false,false,false,false,false,false,false,false,false
manor:manor_hx_29096,manor_working_final_ready,manor_hx_29096,manor,c_6,Wyrmford,hx_29096,T2_seat_complex_or_strategic_manor,minor_lordship,Manor of Fenminster Court,Manor of Fenminster Court,Fenminster Court,included_in_source_candidate_lock_view,accepted_unchanged,,,visible_public_name,false,false,false,false,false,false,false,false,false,false,false
manor:manor_hx_29100,manor_working_final_ready,manor_hx_29100,manor,c_6,Wyrmford,hx_29100,T2_seat_complex_or_strategic_manor,minor_lordship,Manor of Wadecroft,Manor of Wadecroft,Wadecroft,included_in_source_candidate_lock_view,accepted_unchanged,,,visible_public_name,false,false,false,false,false,false,false,false,false,false,false
manor:manor_hx_29366,manor_working_final_ready,manor_hx_29366,manor,c_6,Wyrmford,hx_29366,T4_minor_or_low_capacity_manor,minor_lordship,Manor of Watermere,Manor of Watermere,Watermere,included_in_source_candidate_lock_view,accepted_unchanged,,,visible_public_name,false,false,false,false,false,false,false,false,false,false,false
manor:manor_hx_29381,manor_working_final_ready,manor_hx_29381,manor,c_6,Wyrmford,hx_29381,T2_seat_complex_or_strategic_manor,minor_lordship,Manor of Greenworth,Manor of Greenworth,Greenworth,included_in_source_candidate_lock_view,accepted_unchanged,,,visible_public_name,false,false,false,false,false,false,false,false,false,false,false
manor:manor_hx_29383,manor_working_final_ready,manor_hx_29383,manor,c_6,Wyrmford,hx_29383,T2_seat_complex_or_strategic_manor,minor_lordship,Manor of Cairnton,Manor of Cairnton,Cairnton,included_in_source_candidate_lock_view,accepted_unchanged,,,visible_public_name,false,false,false,false,false,false,false,false,false,false,false
manor:manor_hx_29388,manor_working_final_ready,manor_hx_29388,manor,c_6,Wyrmford,hx_29388,T2_seat_complex_or_strategic_manor,minor_lordship,Manor of Cairnstead,Manor of Bramfold,Bramfold,included_in_source_candidate_lock_view,approved_name_repair_applied,PNC-REPAIR-006,,visible_public_name,false,false,false,false,false,false,false,false,false,false,false
manor:manor_hx_29647,manor_working_final_ready,manor_hx_29647,manor,c_6,Wyrmford,hx_29647,T4_minor_or_low_capacity_manor,minor_lordship,Manor of Greencote Hall,Manor of Greencote Hall,Greencote Hall,included_in_source_candidate_lock_view,accepted_unchanged,,,visible_public_name,false,false,false,false,false,false,false,false,false,false,false
manor:manor_hx_29935,manor_working_final_ready,manor_hx_29935,manor,c_6,Wyrmford,hx_29935,T4_minor_or_low_capacity_manor,minor_lordship,Manor of Cliffley Hall,Manor of Cliffley Hall,Cliffley Hall,included_in_source_candidate_lock_view,accepted_unchanged,,,visible_public_name,false,false,false,false,false,false,false,false,false,false,false
manor:manor_hx_29940,manor_working_final_ready,manor_hx_29940,manor,c_6,Wyrmford,hx_29940,T4_minor_or_low_capacity_manor,minor_lordship,Manor of Reedbend Cote,Manor of Reedbend Cote,Reedbend Cote,included_in_source_candidate_lock_view,accepted_unchanged,,,visible_public_name,false,false,false,false,false,false,false,false,false,false,false
manor:manor_hx_29942,manor_working_final_ready,manor_hx_29942,manor,c_6,Wyrmford,hx_29942,T2_seat_complex_or_strategic_manor,minor_lordship,Manor of Fenstead,Manor of Fenstead,Fenstead,included_in_source_candidate_lock_view,accepted_unchanged,,,visible_public_name,false,false,false,false,false,false,false,false,false,false,false
manor:manor_hx_29946,manor_working_final_ready,manor_hx_29946,manor,c_6,Wyrmford,hx_29946,T2_seat_complex_or_strategic_manor,minor_lordship,Manor of Bendwick,Manor of Bendwick,Bendwick,included_in_source_candidate_lock_view,accepted_unchanged,,,visible_public_name,false,false,false,false,false,false,false,false,false,false,false
manor:manor_hx_30200,manor_working_final_ready,manor_hx_30200,manor,c_6,Wyrmford,hx_30200,T3_high_capacity_ordinary_manor,minor_lordship,Manor of Blackshaw,Manor of Blackshaw,Blackshaw,included_in_source_candidate_lock_view,accepted_unchanged,,,visible_public_name,false,false,false,false,false,false,false,false,false,false,false
manor:manor_hx_30210,manor_working_final_ready,manor_hx_30210,manor,c_6,Wyrmford,hx_30210,T4_minor_or_low_capacity_manor,minor_lordship,Manor of Narrowbend,Manor of Narrowbend,Narrowbend,included_in_source_candidate_lock_view,accepted_unchanged,,,visible_public_name,false,false,false,false,false,false,false,false,false,false,false
manor:manor_hx_30213,manor_working_final_ready,manor_hx_30213,manor,c_6,Wyrmford,hx_30213,T4_minor_or_low_capacity_manor,minor_lordship,Manor of Cliffley Court,Manor of Cliffley Court,Cliffley Court,included_in_source_candidate_lock_view,accepted_unchanged,,,visible_public_name,false,false,false,false,false,false,false,false,false,false,false
manor:manor_hx_30219,manor_working_final_ready,manor_hx_30219,manor,c_6,Wyrmford,hx_30219,T4_minor_or_low_capacity_manor,minor_lordship,Manor of Reedbend,Manor of Reedbend,Reedbend,included_in_source_candidate_lock_view,accepted_unchanged,,,visible_public_name,false,false,false,false,false,false,false,false,false,false,false
manor:manor_hx_30487,manor_working_final_ready,manor_hx_30487,manor,c_6,Wyrmford,hx_30487,T4_minor_or_low_capacity_manor,minor_lordship,Manor of Eddyworth,Manor of Eddyworth,Eddyworth,included_in_source_candidate_lock_view,accepted_unchanged,,,visible_public_name,false,false,false,false,false,false,false,false,false,false,false
manor:manor_hx_30492,manor_working_final_ready,manor_hx_30492,manor,c_6,Wyrmford,hx_30492,T4_minor_or_low_capacity_manor,minor_lordship,Manor of Fordwick,Manor of Fordwick,Fordwick,included_in_source_candidate_lock_view,accepted_unchanged,,,visible_public_name,false,false,false,false,false,false,false,false,false,false,false
manor:manor_hx_30498,manor_working_final_ready,manor_hx_30498,manor,c_6,Wyrmford,hx_30498,T4_minor_or_low_capacity_manor,minor_lordship,Manor of Eddybend,Manor of Eddybend,Eddybend,included_in_source_candidate_lock_view,accepted_unchanged,,,visible_public_name,false,false,false,false,false,false,false,false,false,false,false
manor:manor_hx_30501,manor_working_final_ready,manor_hx_30501,manor,c_6,Wyrmford,hx_30501,T4_minor_or_low_capacity_manor,minor_lordship,Manor of Brambend,Manor of Brambend,Brambend,included_in_source_candidate_lock_view,accepted_unchanged,,,visible_public_name,false,false,false,false,false,false,false,false,false,false,false
manor:manor_hx_30504,manor_working_final_ready,manor_hx_30504,manor,c_6,Wyrmford,hx_30504,T2_seat_complex_or_strategic_manor,minor_lordship,Manor of Harrowworth,Manor of Harrowworth,Harrowworth,included_in_source_candidate_lock_view,accepted_unchanged,,,visible_public_name,false,false,false,false,false,false,false,false,false,false,false
manor:manor_hx_30506,manor_working_final_ready,manor_hx_30506,manor,c_6,Wyrmford,hx_30506,T2_seat_complex_or_strategic_manor,minor_lordship,Manor of Rookstow,Manor of Rookstow,Rookstow,included_in_source_candidate_lock_view,accepted_unchanged,,,visible_public_name,false,false,false,false,false,false,false,false,false,false,false
manor:manor_hx_30771,manor_working_final_ready,manor_hx_30771,manor,c_6,Wyrmford,hx_30771,T4_minor_or_low_capacity_manor,minor_lordship,Manor of Greencote Court,Manor of Greencote Court,Greencote Court,included_in_source_candidate_lock_view,accepted_unchanged,,,visible_public_name,false,false,false,false,false,false,false,false,false,false,false
manor:manor_hx_30776,manor_working_final_ready,manor_hx_30776,manor,c_6,Wyrmford,hx_30776,T4_minor_or_low_capacity_manor,minor_lordship,Manor of Fordwick Hall,Manor of Fordwick Hall,Fordwick Hall,included_in_source_candidate_lock_view,accepted_unchanged,,,visible_public_name,false,false,false,false,false,false,false,false,false,false,false
manor:manor_hx_30787,manor_working_final_ready,manor_hx_30787,manor,c_6,Wyrmford,hx_30787,T2_seat_complex_or_strategic_manor,minor_lordship,Manor of Ashwyre,Manor of Ashwyre,Ashwyre,included_in_source_candidate_lock_view,accepted_unchanged,,,visible_public_name,false,false,false,false,false,false,false,false,false,false,false
manor:manor_hx_31042,manor_working_final_ready,manor_hx_31042,manor,c_6,Wyrmford,hx_31042,T4_minor_or_low_capacity_manor,minor_lordship,Manor of Redbrook,Manor of Redbrook,Redbrook,included_in_source_candidate_lock_view,accepted_unchanged,,,visible_public_name,false,false,false,false,false,false,false,false,false,false,false
manor:manor_hx_31061,manor_working_final_ready,manor_hx_31061,manor,c_6,Wyrmford,hx_31061,T4_minor_or_low_capacity_manor,minor_lordship,Manor of Cliffham Hall,Manor of Cliffham Hall,Cliffham Hall,included_in_source_candidate_lock_view,accepted_unchanged,,,visible_public_name,false,false,false,false,false,false,false,false,false,false,false
manor:manor_hx_31062,manor_working_final_ready,manor_hx_31062,manor,c_6,Wyrmford,hx_31062,T4_minor_or_low_capacity_manor,minor_lordship,Manor of Harrowford,Manor of Harrowford,Harrowford,included_in_source_candidate_lock_view,accepted_unchanged,,,visible_public_name,false,false,false,false,false,false,false,false,false,false,false
manor:manor_hx_31605,manor_working_final_ready,manor_hx_31605,manor,c_6,Wyrmford,hx_31605,T4_minor_or_low_capacity_manor,minor_lordship,Manor of Wadeham,Manor of Wadeham,Wadeham,included_in_source_candidate_lock_view,accepted_unchanged,,,visible_public_name,false,false,false,false,false,false,false,false,false,false,false
manor:manor_hx_31612,manor_working_final_ready,manor_hx_31612,manor,c_6,Wyrmford,hx_31612,T4_minor_or_low_capacity_manor,minor_lordship,Manor of Fordham,Manor of Fordham,Fordham,included_in_source_candidate_lock_view,accepted_unchanged,,,visible_public_name,false,false,false,false,false,false,false,false,false,false,false
manor:manor_hx_31614,manor_working_final_ready,manor_hx_31614,manor,c_6,Wyrmford,hx_31614,T4_minor_or_low_capacity_manor,minor_lordship,Manor of Fordwick Court,Manor of Fordwick Court,Fordwick Court,included_in_source_candidate_lock_view,accepted_unchanged,,,visible_public_name,false,false,false,false,false,false,false,false,false,false,false
manor:manor_hx_31620,manor_working_final_ready,manor_hx_31620,manor,c_6,Wyrmford,hx_31620,T4_minor_or_low_capacity_manor,minor_lordship,Manor of Cliffham Court,Manor of Cliffham Court,Cliffham Court,included_in_source_candidate_lock_view,accepted_unchanged,,,visible_public_name,false,false,false,false,false,false,false,false,false,false,false
manor:manor_hx_31623,manor_working_final_ready,manor_hx_31623,manor,c_6,Wyrmford,hx_31623,T4_minor_or_low_capacity_manor,minor_lordship,Manor of Ashbrook Hall,Manor of Ashbrook Hall,Ashbrook Hall,included_in_source_candidate_lock_view,accepted_unchanged,,,visible_public_name,false,false,false,false,false,false,false,false,false,false,false
manor:manor_hx_31891,manor_working_final_ready,manor_hx_31891,manor,c_6,Wyrmford,hx_31891,T4_minor_or_low_capacity_manor,minor_lordship,Manor of Narrowley,Manor of Narrowley,Narrowley,included_in_source_candidate_lock_view,accepted_unchanged,,,visible_public_name,false,false,false,false,false,false,false,false,false,false,false
manor:manor_hx_31897,manor_working_final_ready,manor_hx_31897,manor,c_6,Wyrmford,hx_31897,T4_minor_or_low_capacity_manor,minor_lordship,Manor of Wyrmley Hall,Manor of Wyrmley Hall,Wyrmley Hall,included_in_source_candidate_lock_view,accepted_unchanged,,,visible_public_name,false,false,false,false,false,false,false,false,false,false,false
manor:manor_hx_31898,manor_working_final_ready,manor_hx_31898,manor,c_6,Wyrmford,hx_31898,T4_minor_or_low_capacity_manor,minor_lordship,Manor of Harrowbend,Manor of Harrowbend,Harrowbend,included_in_source_candidate_lock_view,accepted_unchanged,,,visible_public_name,false,false,false,false,false,false,false,false,false,false,false
manor:manor_hx_32174,manor_working_final_ready,manor_hx_32174,manor,c_6,Wyrmford,hx_32174,T4_minor_or_low_capacity_manor,minor_lordship,Manor of Hatchford,Manor of Hatchford,Hatchford,included_in_source_candidate_lock_view,accepted_unchanged,,,visible_public_name,false,false,false,false,false,false,false,false,false,false,false
manor:manor_hx_32176,manor_working_final_ready,manor_hx_32176,manor,c_6,Wyrmford,hx_32176,T4_minor_or_low_capacity_manor,minor_lordship,Manor of Waterfield,Manor of Waterfield,Waterfield,included_in_source_candidate_lock_view,accepted_unchanged,,,visible_public_name,false,false,false,false,false,false,false,false,false,false,false
manor:manor_hx_32185,manor_working_final_ready,manor_hx_32185,manor,c_6,Wyrmford,hx_32185,T2_seat_complex_or_strategic_manor,minor_lordship,Manor of Hatchcroft,Manor of Hatchcroft,Hatchcroft,included_in_source_candidate_lock_view,accepted_unchanged,,,visible_public_name,false,false,false,false,false,false,false,false,false,false,false
manor:manor_hx_32186,manor_working_final_ready,manor_hx_32186,manor,c_6,Wyrmford,hx_32186,T2_seat_complex_or_strategic_manor,minor_lordship,Manor of Withybank,Manor of Withybank,Withybank,included_in_source_candidate_lock_view,accepted_unchanged,,,visible_public_name,false,false,false,false,false,false,false,false,false,false,false
manor:manor_hx_32188,manor_working_final_ready,manor_hx_32188,manor,c_6,Wyrmford,hx_32188,T2_seat_complex_or_strategic_manor,minor_lordship,Manor of Swanley,Manor of Swanley,Swanley,included_in_source_candidate_lock_view,accepted_unchanged,,,visible_public_name,false,false,false,false,false,false,false,false,false,false,false
manor:manor_hx_32459,manor_working_final_ready,manor_hx_32459,manor,c_6,Wyrmford,hx_32459,T4_minor_or_low_capacity_manor,minor_lordship,Manor of Wadebank,Manor of Wadebank,Wadebank,included_in_source_candidate_lock_view,accepted_unchanged,,,visible_public_name,false,false,false,false,false,false,false,false,false,false,false
manor:manor_hx_32730,manor_working_final_ready,manor_hx_32730,manor,c_6,Wyrmford,hx_32730,T3_high_capacity_ordinary_manor,minor_lordship,Manor of Bendstead,Manor of Bendstead,Bendstead,included_in_source_candidate_lock_view,accepted_unchanged,,,visible_public_name,false,false,false,false,false,false,false,false,false,false,false
manor:manor_hx_32740,manor_working_final_ready,manor_hx_32740,manor,c_6,Wyrmford,hx_32740,T4_minor_or_low_capacity_manor,minor_lordship,Manor of Withybarrow,Manor of Withybarrow,Withybarrow,included_in_source_candidate_lock_view,accepted_unchanged,,,visible_public_name,false,false,false,false,false,false,false,false,false,false,false
manor:manor_hx_32747,manor_working_final_ready,manor_hx_32747,manor,c_6,Wyrmford,hx_32747,T2_seat_complex_or_strategic_manor,minor_lordship,Manor of Blackstead,Manor of Redfield,Redfield,included_in_source_candidate_lock_view,approved_name_repair_applied,PNC-REPAIR-004,,visible_public_name,false,false,false,false,false,false,false,false,false,false,false
manor:manor_hx_33013,manor_working_final_ready,manor_hx_33013,manor,c_6,Wyrmford,hx_33013,T4_minor_or_low_capacity_manor,minor_lordship,Manor of Osierstead,Manor of Osierstead,Osierstead,included_in_source_candidate_lock_view,accepted_unchanged,,,visible_public_name,false,false,false,false,false,false,false,false,false,false,false
manor:manor_hx_33015,manor_working_final_ready,manor_hx_33015,manor,c_6,Wyrmford,hx_33015,T2_seat_complex_or_strategic_manor,minor_lordship,Manor of Greenton,Manor of Greenton,Greenton,included_in_source_candidate_lock_view,accepted_unchanged,,,visible_public_name,false,false,false,false,false,false,false,false,false,false,false
manor:manor_hx_33024,manor_working_final_ready,manor_hx_33024,manor,c_6,Wyrmford,hx_33024,T2_seat_complex_or_strategic_manor,minor_lordship,Manor of Wyrebend,Manor of Wyrebend,Wyrebend,included_in_source_candidate_lock_view,accepted_unchanged,,,visible_public_name,false,false,false,false,false,false,false,false,false,false,false
manor:manor_hx_33299,manor_working_final_ready,manor_hx_33299,manor,c_6,Wyrmford,hx_33299,T2_seat_complex_or_strategic_manor,minor_lordship,Manor of Swanbend,Manor of Swanbend,Swanbend,included_in_source_candidate_lock_view,accepted_unchanged,,,visible_public_name,false,false,false,false,false,false,false,false,false,false,false
manor:manor_hx_33576,manor_working_final_ready,manor_hx_33576,manor,c_6,Wyrmford,hx_33576,T2_seat_complex_or_strategic_manor,minor_lordship,Manor of Crossbend,Manor of Crossbend,Crossbend,included_in_source_candidate_lock_view,accepted_unchanged,,,visible_public_name,false,false,false,false,false,false,false,false,false,false,false
manor:manor_hx_33577,manor_working_final_ready,manor_hx_33577,manor,c_6,Wyrmford,hx_33577,T2_seat_complex_or_strategic_manor,minor_lordship,Manor of Fordmere,Manor of Fordmere,Fordmere,included_in_source_candidate_lock_view,accepted_unchanged,,,visible_public_name,false,false,false,false,false,false,false,false,false,false,false
manor:manor_hx_33578,manor_working_final_ready,manor_hx_33578,manor,c_6,Wyrmford,hx_33578,T2_seat_complex_or_strategic_manor,minor_lordship,Manor of Harrowby,Manor of Harrowby,Harrowby,included_in_source_candidate_lock_view,accepted_unchanged,,,visible_public_name,false,false,false,false,false,false,false,false,false,false,false
manor:manor_hx_33582,manor_working_final_ready,manor_hx_33582,manor,c_6,Wyrmford,hx_33582,T2_seat_complex_or_strategic_manor,minor_lordship,Manor of Wyrmton,Manor of Wyrmton,Wyrmton,included_in_source_candidate_lock_view,accepted_unchanged,,,visible_public_name,false,false,false,false,false,false,false,false,false,false,false
manor:manor_hx_33858,manor_working_final_ready,manor_hx_33858,manor,c_6,Wyrmford,hx_33858,T2_seat_complex_or_strategic_manor,minor_lordship,Manor of Brambank,Manor of Brambank,Brambank,included_in_source_candidate_lock_view,accepted_unchanged,,,visible_public_name,false,false,false,false,false,false,false,false,false,false,false
manor:manor_hx_33860,manor_working_final_ready,manor_hx_33860,manor,c_6,Wyrmford,hx_33860,T2_seat_complex_or_strategic_manor,minor_lordship,Manor of Clifffield,Manor of Cliffield,Cliffield,included_in_source_candidate_lock_view,approved_name_repair_applied,PNC-REPAIR-033,,visible_public_name,false,false,false,false,false,false,false,false,false,false,false
manor:manor_hx_33867,manor_working_final_ready,manor_hx_33867,manor,c_6,Wyrmford,hx_33867,T2_seat_complex_or_strategic_manor,minor_lordship,Manor of Rookstead,Manor of Rookstead,Rookstead,included_in_source_candidate_lock_view,accepted_unchanged,,,visible_public_name,false,false,false,false,false,false,false,false,false,false,false
manor:manor_hx_34144,manor_working_final_ready,manor_hx_34144,manor,c_6,Wyrmford,hx_34144,T2_seat_complex_or_strategic_manor,minor_lordship,Manor of Eddyford,Manor of Eddyford,Eddyford,included_in_source_candidate_lock_view,accepted_unchanged,,,visible_public_name,false,false,false,false,false,false,false,false,false,false,false
manor:manor_hx_34209,manor_working_final_ready,manor_hx_34209,manor,c_7,Crowmarsh,hx_34209,T1_direct_or_institutional_manor,barony,Manor of Watchminster Court,Manor of Watchminster Court,Watchminster Court,included_in_source_candidate_lock_view,accepted_unchanged,,,visible_public_name,false,false,false,false,false,false,false,false,false,false,false
manor:manor_hx_34771,manor_working_final_ready,manor_hx_34771,manor,c_7,Crowmarsh,hx_34771,T1_direct_or_institutional_manor,barony,Manor of Crowgate,Manor of Crowgate,Crowgate,included_in_source_candidate_lock_view,accepted_unchanged,,,visible_public_name,false,false,false,false,false,false,false,false,false,false,false
manor:manor_hx_36458,manor_working_final_ready,manor_hx_36458,manor,c_7,Crowmarsh,hx_36458,T1_direct_or_institutional_manor,barony,Manor of Crowwater,Manor of Crowwater,Crowwater,included_in_source_candidate_lock_view,accepted_unchanged,,,visible_public_name,false,false,false,false,false,false,false,false,false,false,false
manor:manor_hx_36463,manor_working_final_ready,manor_hx_36463,manor,c_7,Crowmarsh,hx_36463,T1_direct_or_institutional_manor,barony,Manor of Heronpool,Manor of Heronpool,Heronpool,included_in_source_candidate_lock_view,accepted_unchanged,,,visible_public_name,false,false,false,false,false,false,false,false,false,false,false
manor:manor_hx_36744,manor_working_final_ready,manor_hx_36744,manor,c_7,Crowmarsh,hx_36744,T1_direct_or_institutional_manor,barony,Manor of Rookwater,Manor of Rookwater,Rookwater,included_in_source_candidate_lock_view,accepted_unchanged,,,visible_public_name,false,false,false,false,false,false,false,false,false,false,false
manor:manor_hx_37020,manor_working_final_ready,manor_hx_37020,manor,c_7,Crowmarsh,hx_37020,T1_direct_or_institutional_manor,barony,Manor of Blackley,Manor of Blackley,Blackley,included_in_source_candidate_lock_view,accepted_unchanged,,,visible_public_name,false,false,false,false,false,false,false,false,false,false,false
manor:manor_hx_37570,manor_working_final_ready,manor_hx_37570,manor,c_7,Crowmarsh,hx_37570,T1_direct_or_institutional_manor,barony,,Manor of Crowfold,Crowfold,included_in_working_authority_name_closure,approved_blank_name_closure_applied,V04-PLACE-MANOR-LCU-BLANK-NAME-AND-QA-PERSON-NAME-CLOSURE-MATERIALIZATION-001,,visible_public_name,false,false,false,false,false,false,false,false,false,false,false
manor:manor_hx_37583,manor_working_final_ready,manor_hx_37583,manor,c_7,Crowmarsh,hx_37583,T1_direct_or_institutional_manor,barony,Manor of Brinefleet,Manor of Brinefleet,Brinefleet,included_in_source_candidate_lock_view,accepted_unchanged,,,visible_public_name,false,false,false,false,false,false,false,false,false,false,false
manor:manor_hx_38424,manor_working_final_ready,manor_hx_38424,manor,c_7,Crowmarsh,hx_38424,T1_direct_or_institutional_manor,barony,Manor of Wadebury,Manor of Wadebury,Wadebury,included_in_source_candidate_lock_view,accepted_unchanged,,,visible_public_name,false,false,false,false,false,false,false,false,false,false,false
manor:manor_hx_38984,manor_working_final_ready,manor_hx_38984,manor,c_7,Crowmarsh,hx_38984,T1_direct_or_institutional_manor,barony,Manor of Saltmere,Manor of Saltmere,Saltmere,included_in_source_candidate_lock_view,accepted_unchanged,,,visible_public_name,false,false,false,false,false,false,false,false,false,false,false
manor:manor_hx_39823,manor_working_final_ready,manor_hx_39823,manor,c_7,Crowmarsh,hx_39823,T1_direct_or_institutional_manor,barony,Manor of Sedgeley Hall,Manor of Sedgeley Hall,Sedgeley Hall,included_in_source_candidate_lock_view,accepted_unchanged,,,visible_public_name,false,false,false,false,false,false,false,false,false,false,false
manor:manor_hx_40661,manor_working_final_ready,manor_hx_40661,manor,c_7,Crowmarsh,hx_40661,T1_direct_or_institutional_manor,barony,Manor of Wadeworth,Manor of Wadeworth,Wadeworth,included_in_source_candidate_lock_view,accepted_unchanged,,,visible_public_name,false,false,false,false,false,false,false,false,false,false,false
manor:manor_hx_40942,manor_working_final_ready,manor_hx_40942,manor,c_7,Crowmarsh,hx_40942,T1_direct_or_institutional_manor,barony,Manor of Wadeworth Hall,Manor of Wadeworth Hall,Wadeworth Hall,included_in_source_candidate_lock_view,accepted_unchanged,,,visible_public_name,false,false,false,false,false,false,false,false,false,false,false
manor:manor_hx_41222,manor_working_final_ready,manor_hx_41222,manor,c_7,Crowmarsh,hx_41222,T1_direct_or_institutional_manor,barony,Manor of Wadeworth Court,Manor of Wadeworth Court,Wadeworth Court,included_in_source_candidate_lock_view,accepted_unchanged,,,visible_public_name,false,false,false,false,false,false,false,false,false,false,false
manor:manor_hx_37858,manor_working_final_ready,manor_hx_37858,manor,c_7,Crowmarsh,hx_37858,T1_direct_or_institutional_manor,church_fief,Manor of Glassmere,Manor of Glassmere,Glassmere,included_in_source_candidate_lock_view,accepted_unchanged,,,visible_public_name,false,false,false,false,false,false,false,false,false,false,false
manor:manor_hx_39260,manor_working_final_ready,manor_hx_39260,manor,c_7,Crowmarsh,hx_39260,T1_direct_or_institutional_manor,church_fief,Manor of Crowwick,Manor of Crowwick,Crowwick,included_in_source_candidate_lock_view,accepted_unchanged,,,visible_public_name,false,false,false,false,false,false,false,false,false,false,false
manor:manor_hx_39541,manor_working_final_ready,manor_hx_39541,manor,c_7,Crowmarsh,hx_39541,T1_direct_or_institutional_manor,church_fief,Manor of Hallowfen,Manor of Hallowfen,Hallowfen,included_in_source_candidate_lock_view,accepted_unchanged,,,visible_public_name,false,false,false,false,false,false,false,false,false,false,false
manor:manor_hx_39542,manor_working_final_ready,manor_hx_39542,manor,c_7,Crowmarsh,hx_39542,T1_direct_or_institutional_manor,church_fief,Manor of Crowminster Hall,Manor of Crowminster Hall,Crowminster Hall,included_in_source_candidate_lock_view,accepted_unchanged,,,visible_public_name,false,false,false,false,false,false,false,false,false,false,false
manor:manor_hx_40658,manor_working_final_ready,manor_hx_40658,manor,c_7,Crowmarsh,hx_40658,T1_direct_or_institutional_manor,church_fief,Manor of Fencote,Manor of Fencote,Fencote,included_in_source_candidate_lock_view,accepted_unchanged,,,visible_public_name,false,false,false,false,false,false,false,false,false,false,false
manor:manor_hx_42620,manor_working_final_ready,manor_hx_42620,manor,c_7,Crowmarsh,hx_42620,T1_direct_or_institutional_manor,church_fief,Manor of Rookcell,Manor of Rookcell,Rookcell,included_in_source_candidate_lock_view,accepted_unchanged,,,visible_public_name,false,false,false,false,false,false,false,false,false,false,false
manor:manor_hx_36173,manor_working_final_ready,manor_hx_36173,manor,c_7,Crowmarsh,hx_36173,T1_direct_or_institutional_manor,county_domain,Manor of Dikewater,Manor of Dikewater,Dikewater,included_in_source_candidate_lock_view,accepted_unchanged,,,visible_public_name,false,false,false,false,false,false,false,false,false,false,false
manor:manor_hx_36745,manor_working_final_ready,manor_hx_36745,manor,c_7,Crowmarsh,hx_36745,T1_direct_or_institutional_manor,county_domain,,Manor of Marshgate,Marshgate,included_in_working_authority_name_closure,approved_blank_name_closure_applied,V04-PLACE-MANOR-LCU-BLANK-NAME-AND-QA-PERSON-NAME-CLOSURE-MATERIALIZATION-001,,visible_public_name,false,false,false,false,false,false,false,false,false,false,false
manor:manor_hx_37013,manor_working_final_ready,manor_hx_37013,manor,c_7,Crowmarsh,hx_37013,T1_direct_or_institutional_manor,county_domain,Manor of Dikewater Hall,Manor of Dikewater Hall,Dikewater Hall,included_in_source_candidate_lock_view,accepted_unchanged,,,visible_public_name,false,false,false,false,false,false,false,false,false,false,false
manor:manor_hx_37018,manor_working_final_ready,manor_hx_37018,manor,c_7,Crowmarsh,hx_37018,T1_direct_or_institutional_manor,county_domain,Manor of Rookham Hall,Manor of Rookham Hall,Rookham Hall,included_in_source_candidate_lock_view,accepted_unchanged,,,visible_public_name,false,false,false,false,false,false,false,false,false,false,false
manor:manor_hx_37862,manor_working_final_ready,manor_hx_37862,manor,c_7,Crowmarsh,hx_37862,T1_direct_or_institutional_manor,county_domain,Manor of Rookham Court,Manor of Rookham Court,Rookham Court,included_in_source_candidate_lock_view,accepted_unchanged,,,visible_public_name,false,false,false,false,false,false,false,false,false,false,false
manor:manor_hx_38141,manor_working_final_ready,manor_hx_38141,manor,c_7,Crowmarsh,hx_38141,T1_direct_or_institutional_manor,county_domain,Manor of Rookham,Manor of Rookham,Rookham,included_in_source_candidate_lock_view,accepted_unchanged,,,visible_public_name,false,false,false,false,false,false,false,false,false,false,false
manor:manor_hx_39261,manor_working_final_ready,manor_hx_39261,manor,c_7,Crowmarsh,hx_39261,T1_direct_or_institutional_manor,county_domain,Manor of Crowminster,Manor of Crowminster,Crowminster,included_in_source_candidate_lock_view,accepted_unchanged,,,visible_public_name,false,false,false,false,false,false,false,false,false,false,false
manor:manor_hx_39263,manor_working_final_ready,manor_hx_39263,manor,c_7,Crowmarsh,hx_39263,T1_direct_or_institutional_manor,county_domain,Manor of Crowminster Court,Manor of Crowminster Court,Crowminster Court,included_in_source_candidate_lock_view,accepted_unchanged,,,visible_public_name,false,false,false,false,false,false,false,false,false,false,false
manor:manor_hx_40104,manor_working_final_ready,manor_hx_40104,manor,c_7,Crowmarsh,hx_40104,T1_direct_or_institutional_manor,county_domain,,Manor of Rookgap Field,Rookgap Field,included_in_working_authority_name_closure,approved_blank_name_closure_applied,V04-PLACE-MANOR-LCU-BLANK-NAME-AND-QA-PERSON-NAME-CLOSURE-MATERIALIZATION-001,,visible_public_name,false,false,false,false,false,false,false,false,false,false,false
manor:manor_hx_42063,manor_working_final_ready,manor_hx_42063,manor,c_7,Crowmarsh,hx_42063,T1_direct_or_institutional_manor,crown_domain,,Manor of Kingsfen,Kingsfen,included_in_working_authority_name_closure,approved_blank_name_closure_applied,V04-PLACE-MANOR-LCU-BLANK-NAME-AND-QA-PERSON-NAME-CLOSURE-MATERIALIZATION-001,,visible_public_name,false,false,false,false,false,false,false,false,false,false,false
manor:manor_hx_35615,manor_working_final_ready,manor_hx_35615,manor,c_7,Crowmarsh,hx_35615,T2_seat_complex_or_strategic_manor,minor_lordship,Manor of Lowlode,Manor of Lowlode,Lowlode,included_in_source_candidate_lock_view,accepted_unchanged,,,visible_public_name,false,false,false,false,false,false,false,false,false,false,false
manor:manor_hx_36169,manor_working_final_ready,manor_hx_36169,manor,c_7,Crowmarsh,hx_36169,T4_minor_or_low_capacity_manor,minor_lordship,Manor of Willowfen Court,Manor of Willowfen Court,Willowfen Court,included_in_source_candidate_lock_view,accepted_unchanged,,,visible_public_name,false,false,false,false,false,false,false,false,false,false,false
manor:manor_hx_36184,manor_working_final_ready,manor_hx_36184,manor,c_7,Crowmarsh,hx_36184,T2_seat_complex_or_strategic_manor,minor_lordship,,Manor of Reedcastle,Reedcastle,included_in_working_authority_name_closure,approved_blank_name_closure_applied,V04-PLACE-MANOR-LCU-BLANK-NAME-AND-QA-PERSON-NAME-CLOSURE-MATERIALIZATION-001,,visible_public_name,false,false,false,false,false,false,false,false,false,false,false
manor:manor_hx_37009,manor_working_final_ready,manor_hx_37009,manor,c_7,Crowmarsh,hx_37009,T4_minor_or_low_capacity_manor,minor_lordship,Manor of Sedgefen,Manor of Sedgefen,Sedgefen,included_in_source_candidate_lock_view,accepted_unchanged,,,visible_public_name,false,false,false,false,false,false,false,false,false,false,false
manor:manor_hx_37306,manor_working_final_ready,manor_hx_37306,manor,c_7,Crowmarsh,hx_37306,T2_seat_complex_or_strategic_manor,minor_lordship,,Manor of Eelbridge,Eelbridge,included_in_working_authority_name_closure,approved_blank_name_closure_applied,V04-PLACE-MANOR-LCU-BLANK-NAME-AND-QA-PERSON-NAME-CLOSURE-MATERIALIZATION-001,,visible_public_name,false,false,false,false,false,false,false,false,false,false,false
manor:manor_hx_37569,manor_working_final_ready,manor_hx_37569,manor,c_7,Crowmarsh,hx_37569,T4_minor_or_low_capacity_manor,minor_lordship,Manor of Sedgefen Hall,Manor of Sedgefen Hall,Sedgefen Hall,included_in_source_candidate_lock_view,accepted_unchanged,,,visible_public_name,false,false,false,false,false,false,false,false,false,false,false
manor:manor_hx_37574,manor_working_final_ready,manor_hx_37574,manor,c_7,Crowmarsh,hx_37574,T3_high_capacity_ordinary_manor,minor_lordship,Manor of Saltwick Hall,Manor of Saltwick Hall,Saltwick Hall,included_in_source_candidate_lock_view,accepted_unchanged,,,visible_public_name,false,false,false,false,false,false,false,false,false,false,false
manor:manor_hx_38127,manor_working_final_ready,manor_hx_38127,manor,c_7,Crowmarsh,hx_38127,T3_high_capacity_ordinary_manor,minor_lordship,Manor of Eelton,Manor of Eelton,Eelton,included_in_source_candidate_lock_view,accepted_unchanged,,,visible_public_name,false,false,false,false,false,false,false,false,false,false,false
manor:manor_hx_38136,manor_working_final_ready,manor_hx_38136,manor,c_7,Crowmarsh,hx_38136,T4_minor_or_low_capacity_manor,minor_lordship,Manor of Saltwick Court,Manor of Saltwick Court,Saltwick Court,included_in_source_candidate_lock_view,accepted_unchanged,,,visible_public_name,false,false,false,false,false,false,false,false,false,false,false
manor:manor_hx_38412,manor_working_final_ready,manor_hx_38412,manor,c_7,Crowmarsh,hx_38412,T4_minor_or_low_capacity_manor,minor_lordship,Manor of Heronfen Hall,Manor of Heronfen Hall,Heronfen Hall,included_in_source_candidate_lock_view,accepted_unchanged,,,visible_public_name,false,false,false,false,false,false,false,false,false,false,false
manor:manor_hx_38418,manor_working_final_ready,manor_hx_38418,manor,c_7,Crowmarsh,hx_38418,T4_minor_or_low_capacity_manor,minor_lordship,Manor of Saltwick,Manor of Saltwick,Saltwick,included_in_source_candidate_lock_view,accepted_unchanged,,,visible_public_name,false,false,false,false,false,false,false,false,false,false,false
manor:manor_hx_38695,manor_working_final_ready,manor_hx_38695,manor,c_7,Crowmarsh,hx_38695,T4_minor_or_low_capacity_manor,minor_lordship,Manor of Heronfen,Manor of Heronfen,Heronfen,included_in_source_candidate_lock_view,accepted_unchanged,,,visible_public_name,false,false,false,false,false,false,false,false,false,false,false
manor:manor_hx_38697,manor_working_final_ready,manor_hx_38697,manor,c_7,Crowmarsh,hx_38697,T4_minor_or_low_capacity_manor,minor_lordship,Manor of Hallowfen Hall,Manor of Hallowfen Hall,Hallowfen Hall,included_in_source_candidate_lock_view,accepted_unchanged,,,visible_public_name,false,false,false,false,false,false,false,false,false,false,false
manor:manor_hx_38968,manor_working_final_ready,manor_hx_38968,manor,c_7,Crowmarsh,hx_38968,T4_minor_or_low_capacity_manor,minor_lordship,Manor of Eelton Hall,Manor of Eelton Hall,Eelton Hall,included_in_source_candidate_lock_view,accepted_unchanged,,,visible_public_name,false,false,false,false,false,false,false,false,false,false,false
manor:manor_hx_38971,manor_working_final_ready,manor_hx_38971,manor,c_7,Crowmarsh,hx_38971,T4_minor_or_low_capacity_manor,minor_lordship,Manor of Eelton Court,Manor of Eelton Court,Eelton Court,included_in_source_candidate_lock_view,accepted_unchanged,,,visible_public_name,false,false,false,false,false,false,false,false,false,false,false
manor:manor_hx_38975,manor_working_final_ready,manor_hx_38975,manor,c_7,Crowmarsh,hx_38975,T4_minor_or_low_capacity_manor,minor_lordship,Manor of Brinecote,Manor of Brinecote,Brinecote,included_in_source_candidate_lock_view,accepted_unchanged,,,visible_public_name,false,false,false,false,false,false,false,false,false,false,false
manor:manor_hx_39255,manor_working_final_ready,manor_hx_39255,manor,c_7,Crowmarsh,hx_39255,T4_minor_or_low_capacity_manor,minor_lordship,Manor of Heronfen Court,Manor of Heronfen Court,Heronfen Court,included_in_source_candidate_lock_view,accepted_unchanged,,,visible_public_name,false,false,false,false,false,false,false,false,false,false,false
manor:manor_hx_39257,manor_working_final_ready,manor_hx_39257,manor,c_7,Crowmarsh,hx_39257,T3_high_capacity_ordinary_manor,minor_lordship,Manor of Hallowfen Court,Manor of Hallowfen Court,Hallowfen Court,included_in_source_candidate_lock_view,accepted_unchanged,,,visible_public_name,false,false,false,false,false,false,false,false,false,false,false
manor:manor_hx_39531,manor_working_final_ready,manor_hx_39531,manor,c_7,Crowmarsh,hx_39531,T3_high_capacity_ordinary_manor,minor_lordship,Manor of Carrbrook Hall,Manor of Carrbrook Hall,Carrbrook Hall,included_in_source_candidate_lock_view,accepted_unchanged,,,visible_public_name,false,false,false,false,false,false,false,false,false,false,false
manor:manor_hx_39535,manor_working_final_ready,manor_hx_39535,manor,c_7,Crowmarsh,hx_39535,T4_minor_or_low_capacity_manor,minor_lordship,Manor of Carrstow Hall,Manor of Carrstow Hall,Carrstow Hall,included_in_source_candidate_lock_view,accepted_unchanged,,,visible_public_name,false,false,false,false,false,false,false,false,false,false,false
manor:manor_hx_39807,manor_working_final_ready,manor_hx_39807,manor,c_7,Crowmarsh,hx_39807,T3_high_capacity_ordinary_manor,minor_lordship,Manor of Honeyley Hall,Manor of Honeyley Hall,Honeyley Hall,included_in_source_candidate_lock_view,accepted_unchanged,,,visible_public_name,false,false,false,false,false,false,false,false,false,false,false
manor:manor_hx_39813,manor_working_final_ready,manor_hx_39813,manor,c_7,Crowmarsh,hx_39813,T4_minor_or_low_capacity_manor,minor_lordship,Manor of Carrstow Court,Manor of Carrstow Court,Carrstow Court,included_in_source_candidate_lock_view,accepted_unchanged,,,visible_public_name,false,false,false,false,false,false,false,false,false,false,false
manor:manor_hx_39824,manor_working_final_ready,manor_hx_39824,manor,c_7,Crowmarsh,hx_39824,T2_seat_complex_or_strategic_manor,minor_lordship,,Manor of Blackmarsh,Blackmarsh,included_in_working_authority_name_closure,approved_blank_name_closure_applied,V04-PLACE-MANOR-LCU-BLANK-NAME-AND-QA-PERSON-NAME-CLOSURE-MATERIALIZATION-001,,visible_public_name,false,false,false,false,false,false,false,false,false,false,false
manor:manor_hx_40103,manor_working_final_ready,manor_hx_40103,manor,c_7,Crowmarsh,hx_40103,T3_high_capacity_ordinary_manor,minor_lordship,Manor of Sedgeley,Manor of Sedgeley,Sedgeley,included_in_source_candidate_lock_view,accepted_unchanged,,,visible_public_name,false,false,false,false,false,false,false,false,false,false,false
manor:manor_hx_40372,manor_working_final_ready,manor_hx_40372,manor,c_7,Crowmarsh,hx_40372,T4_minor_or_low_capacity_manor,minor_lordship,Manor of Carrbrook,Manor of Carrbrook,Carrbrook,included_in_source_candidate_lock_view,accepted_unchanged,,,visible_public_name,false,false,false,false,false,false,false,false,false,false,false
manor:manor_hx_40377,manor_working_final_ready,manor_hx_40377,manor,c_7,Crowmarsh,hx_40377,T4_minor_or_low_capacity_manor,minor_lordship,Manor of Carrstow,Manor of Carrstow,Carrstow,included_in_source_candidate_lock_view,accepted_unchanged,,,visible_public_name,false,false,false,false,false,false,false,false,false,false,false
manor:manor_hx_40936,manor_working_final_ready,manor_hx_40936,manor,c_7,Crowmarsh,hx_40936,T3_high_capacity_ordinary_manor,minor_lordship,Manor of Dikeham Hall,Manor of Dikeham Hall,Dikeham Hall,included_in_source_candidate_lock_view,accepted_unchanged,,,visible_public_name,false,false,false,false,false,false,false,false,false,false,false
manor:manor_hx_41214,manor_working_final_ready,manor_hx_41214,manor,c_7,Crowmarsh,hx_41214,T4_minor_or_low_capacity_manor,minor_lordship,Manor of Roodwell Hall,Manor of Roodwell Hall,Roodwell Hall,included_in_source_candidate_lock_view,accepted_unchanged,,,visible_public_name,false,false,false,false,false,false,false,false,false,false,false
manor:manor_hx_41219,manor_working_final_ready,manor_hx_41219,manor,c_7,Crowmarsh,hx_41219,T4_minor_or_low_capacity_manor,minor_lordship,Manor of Dikeham Court,Manor of Dikeham Court,Dikeham Court,included_in_source_candidate_lock_view,accepted_unchanged,,,visible_public_name,false,false,false,false,false,false,false,false,false,false,false
manor:manor_hx_42057,manor_working_final_ready,manor_hx_42057,manor,c_7,Crowmarsh,hx_42057,T4_minor_or_low_capacity_manor,minor_lordship,Manor of Pilgrimham Hall,Manor of Pilgrimham Hall,Pilgrimham Hall,included_in_source_candidate_lock_view,accepted_unchanged,,,visible_public_name,false,false,false,false,false,false,false,false,false,false,false
manor:manor_hx_42058,manor_working_final_ready,manor_hx_42058,manor,c_7,Crowmarsh,hx_42058,T4_minor_or_low_capacity_manor,minor_lordship,Manor of Dikeham,Manor of Dikeham,Dikeham,included_in_source_candidate_lock_view,accepted_unchanged,,,visible_public_name,false,false,false,false,false,false,false,false,false,false,false
manor:manor_hx_42340,manor_working_final_ready,manor_hx_42340,manor,c_7,Crowmarsh,hx_42340,T2_seat_complex_or_strategic_manor,minor_lordship,Manor of Rookcell Hall,Manor of Rookcell Hall,Rookcell Hall,included_in_source_candidate_lock_view,accepted_unchanged,,,visible_public_name,false,false,false,false,false,false,false,false,false,false,false
manor:manor_hx_42902,manor_working_final_ready,manor_hx_42902,manor,c_7,Crowmarsh,hx_42902,T2_seat_complex_or_strategic_manor,minor_lordship,Manor of Rookcell Court,Manor of Rookcell Court,Rookcell Court,included_in_source_candidate_lock_view,accepted_unchanged,,,visible_public_name,false,false,false,false,false,false,false,false,false,false,false
manor:manor_hx_35244,manor_working_final_ready,manor_hx_35244,manor,c_8,Dunmere,hx_35244,T1_direct_or_institutional_manor,barony,Manor of Gullbrook Hall,Manor of Gullbrook Hall,Gullbrook Hall,included_in_source_candidate_lock_view,accepted_unchanged,,,visible_public_name,false,false,false,false,false,false,false,false,false,false,false
manor:manor_hx_36087,manor_working_final_ready,manor_hx_36087,manor,c_8,Dunmere,hx_36087,T1_direct_or_institutional_manor,barony,Manor of Greyhaven,Manor of Greyhaven,Greyhaven,included_in_source_candidate_lock_view,accepted_unchanged,,,visible_public_name,false,false,false,false,false,false,false,false,false,false,false
manor:manor_hx_36647,manor_working_final_ready,manor_hx_36647,manor,c_8,Dunmere,hx_36647,T1_direct_or_institutional_manor,barony,Manor of Seamere,Manor of Seamere,Seamere,included_in_source_candidate_lock_view,accepted_unchanged,,,visible_public_name,false,false,false,false,false,false,false,false,false,false,false
manor:manor_hx_36650,manor_working_final_ready,manor_hx_36650,manor,c_8,Dunmere,hx_36650,T1_direct_or_institutional_manor,barony,Manor of Seamere Hall,Manor of Seamere Hall,Seamere Hall,included_in_source_candidate_lock_view,accepted_unchanged,,,visible_public_name,false,false,false,false,false,false,false,false,false,false,false
manor:manor_hx_36925,manor_working_final_ready,manor_hx_36925,manor,c_8,Dunmere,hx_36925,T1_direct_or_institutional_manor,barony,Manor of Hithewater,Manor of Hithewater,Hithewater,included_in_source_candidate_lock_view,accepted_unchanged,,,visible_public_name,false,false,false,false,false,false,false,false,false,false,false
manor:manor_hx_36927,manor_working_final_ready,manor_hx_36927,manor,c_8,Dunmere,hx_36927,T1_direct_or_institutional_manor,barony,Manor of Seamere Court,Manor of Seamere Court,Seamere Court,included_in_source_candidate_lock_view,accepted_unchanged,,,visible_public_name,false,false,false,false,false,false,false,false,false,false,false
manor:manor_hx_37490,manor_working_final_ready,manor_hx_37490,manor,c_8,Dunmere,hx_37490,T1_direct_or_institutional_manor,barony,,Manor of Dunhall,Dunhall,included_in_working_authority_name_closure,approved_blank_name_closure_applied,V04-PLACE-MANOR-LCU-BLANK-NAME-AND-QA-PERSON-NAME-CLOSURE-MATERIALIZATION-001,,visible_public_name,false,false,false,false,false,false,false,false,false,false,false
manor:manor_hx_37492,manor_working_final_ready,manor_hx_37492,manor,c_8,Dunmere,hx_37492,T1_direct_or_institutional_manor,barony,Manor of Brinehallow,Manor of Brinehallow,Brinehallow,included_in_source_candidate_lock_view,accepted_unchanged,,,visible_public_name,false,false,false,false,false,false,false,false,false,false,false
manor:manor_hx_37497,manor_working_final_ready,manor_hx_37497,manor,c_8,Dunmere,hx_37497,T1_direct_or_institutional_manor,barony,Manor of Saltcross,Manor of Saltcross,Saltcross,included_in_source_candidate_lock_view,accepted_unchanged,,,visible_public_name,false,false,false,false,false,false,false,false,false,false,false
manor:manor_hx_38046,manor_working_final_ready,manor_hx_38046,manor,c_8,Dunmere,hx_38046,T1_direct_or_institutional_manor,barony,Manor of Dunestrand,Manor of Dunestrand,Dunestrand,included_in_source_candidate_lock_view,accepted_unchanged,,,visible_public_name,false,false,false,false,false,false,false,false,false,false,false
manor:manor_hx_38060,manor_working_final_ready,manor_hx_38060,manor,c_8,Dunmere,hx_38060,T1_direct_or_institutional_manor,barony,Manor of Netley,Manor of Netley,Netley,included_in_source_candidate_lock_view,accepted_unchanged,,,visible_public_name,false,false,false,false,false,false,false,false,false,false,false
manor:manor_hx_38336,manor_working_final_ready,manor_hx_38336,manor,c_8,Dunmere,hx_38336,T1_direct_or_institutional_manor,barony,Manor of Marshhithe,Manor of Marshhithe,Marshhithe,included_in_source_candidate_lock_view,accepted_unchanged,,,visible_public_name,false,false,false,false,false,false,false,false,false,false,false
manor:manor_hx_38619,manor_working_final_ready,manor_hx_38619,manor,c_8,Dunmere,hx_38619,T1_direct_or_institutional_manor,barony,Manor of Ferrycross,Manor of Ferrycross,Ferrycross,included_in_source_candidate_lock_view,accepted_unchanged,,,visible_public_name,false,false,false,false,false,false,false,false,false,false,false
manor:manor_hx_32166,manor_working_final_ready,manor_hx_32166,manor,c_8,Dunmere,hx_32166,T1_direct_or_institutional_manor,church_fief,Manor of Dunminster,Manor of Dunminster,Dunminster,included_in_source_candidate_lock_view,accepted_unchanged,,,visible_public_name,false,false,false,false,false,false,false,false,false,false,false
manor:manor_hx_33006,manor_working_final_ready,manor_hx_33006,manor,c_8,Dunmere,hx_33006,T1_direct_or_institutional_manor,church_fief,Manor of Hallowhithe,Manor of Hallowhithe,Hallowhithe,included_in_source_candidate_lock_view,accepted_unchanged,,,visible_public_name,false,false,false,false,false,false,false,false,false,false,false
manor:manor_hx_33288,manor_working_final_ready,manor_hx_33288,manor,c_8,Dunmere,hx_33288,T1_direct_or_institutional_manor,church_fief,Manor of Strandchapel,Manor of Strandchapel,Strandchapel,included_in_source_candidate_lock_view,accepted_unchanged,,,visible_public_name,false,false,false,false,false,false,false,false,false,false,false
manor:manor_hx_33564,manor_working_final_ready,manor_hx_33564,manor,c_8,Dunmere,hx_33564,T1_direct_or_institutional_manor,church_fief,Manor of Saltcell,Manor of Saltcell,Saltcell,included_in_source_candidate_lock_view,accepted_unchanged,,,visible_public_name,false,false,false,false,false,false,false,false,false,false,false
manor:manor_hx_33566,manor_working_final_ready,manor_hx_33566,manor,c_8,Dunmere,hx_33566,T1_direct_or_institutional_manor,church_fief,Manor of Brinechapel,Manor of Brinechapel,Brinechapel,included_in_source_candidate_lock_view,accepted_unchanged,,,visible_public_name,false,false,false,false,false,false,false,false,false,false,false
manor:manor_hx_33853,manor_working_final_ready,manor_hx_33853,manor,c_8,Dunmere,hx_33853,T1_direct_or_institutional_manor,church_fief,Manor of Harborton,Manor of Harborton,Harborton,included_in_source_candidate_lock_view,accepted_unchanged,,,visible_public_name,false,false,false,false,false,false,false,false,false,false,false
manor:manor_hx_34407,manor_working_final_ready,manor_hx_34407,manor,c_8,Dunmere,hx_34407,T1_direct_or_institutional_manor,church_fief,Manor of Keelhallow Hall,Manor of Keelhallow Hall,Keelhallow Hall,included_in_source_candidate_lock_view,accepted_unchanged,,,visible_public_name,false,false,false,false,false,false,false,false,false,false,false
manor:manor_hx_34409,manor_working_final_ready,manor_hx_34409,manor,c_8,Dunmere,hx_34409,T1_direct_or_institutional_manor,church_fief,Manor of Hitheworth,Manor of Hitheworth,Hitheworth,included_in_source_candidate_lock_view,accepted_unchanged,,,visible_public_name,false,false,false,false,false,false,false,false,false,false,false
manor:manor_hx_34413,manor_working_final_ready,manor_hx_34413,manor,c_8,Dunmere,hx_34413,T1_direct_or_institutional_manor,church_fief,Manor of Flemingbrook,Manor of Flemingbrook,Flemingbrook,included_in_source_candidate_lock_view,accepted_unchanged,,,visible_public_name,false,false,false,false,false,false,false,false,false,false,false
manor:manor_hx_34416,manor_working_final_ready,manor_hx_34416,manor,c_8,Dunmere,hx_34416,T1_direct_or_institutional_manor,church_fief,Manor of Fiskwick,Manor of Fiskwick,Fiskwick,included_in_source_candidate_lock_view,accepted_unchanged,,,visible_public_name,false,false,false,false,false,false,false,false,false,false,false
manor:manor_hx_34687,manor_working_final_ready,manor_hx_34687,manor,c_8,Dunmere,hx_34687,T1_direct_or_institutional_manor,church_fief,Manor of Keelhallow Court,Manor of Keelhallow Court,Keelhallow Court,included_in_source_candidate_lock_view,accepted_unchanged,,,visible_public_name,false,false,false,false,false,false,false,false,false,false,false
manor:manor_hx_34688,manor_working_final_ready,manor_hx_34688,manor,c_8,Dunmere,hx_34688,T1_direct_or_institutional_manor,church_fief,Manor of Saltstrand,Manor of Saltstrand,Saltstrand,included_in_source_candidate_lock_view,accepted_unchanged,,,visible_public_name,false,false,false,false,false,false,false,false,false,false,false
manor:manor_hx_34974,manor_working_final_ready,manor_hx_34974,manor,c_8,Dunmere,hx_34974,T1_direct_or_institutional_manor,church_fief,Manor of Landingworth,Manor of Landingworth,Landingworth,included_in_source_candidate_lock_view,accepted_unchanged,,,visible_public_name,false,false,false,false,false,false,false,false,false,false,false
manor:manor_hx_34975,manor_working_final_ready,manor_hx_34975,manor,c_8,Dunmere,hx_34975,T1_direct_or_institutional_manor,church_fief,Manor of Warehaven,Manor of Warehaven,Warehaven,included_in_source_candidate_lock_view,accepted_unchanged,,,visible_public_name,false,false,false,false,false,false,false,false,false,false,false
manor:manor_hx_35254,manor_working_final_ready,manor_hx_35254,manor,c_8,Dunmere,hx_35254,T1_direct_or_institutional_manor,church_fief,Manor of Harborhithe,Manor of Harborhithe,Harborhithe,included_in_source_candidate_lock_view,accepted_unchanged,,,visible_public_name,false,false,false,false,false,false,false,false,false,false,false
manor:manor_hx_35259,manor_working_final_ready,manor_hx_35259,manor,c_8,Dunmere,hx_35259,T1_direct_or_institutional_manor,church_fief,Manor of Coblewick,Manor of Coblewick,Coblewick,included_in_source_candidate_lock_view,accepted_unchanged,,,visible_public_name,false,false,false,false,false,false,false,false,false,false,false
manor:manor_hx_35528,manor_working_final_ready,manor_hx_35528,manor,c_8,Dunmere,hx_35528,T1_direct_or_institutional_manor,church_fief,Manor of Keelhallow,Manor of Keelhallow,Keelhallow,included_in_source_candidate_lock_view,accepted_unchanged,,,visible_public_name,false,false,false,false,false,false,false,false,false,false,false
manor:manor_hx_35807,manor_working_final_ready,manor_hx_35807,manor,c_8,Dunmere,hx_35807,T1_direct_or_institutional_manor,church_fief,Manor of Duncaster,Manor of Duncaster,Duncaster,included_in_source_candidate_lock_view,approved_multi_anchor_identity_core_or_prefixed_member,,place_identity_county_seat_complex_duncaster,visible_public_name,false,false,false,false,false,false,false,false,false,false,false
manor:manor_hx_35821,manor_working_final_ready,manor_hx_35821,manor,c_8,Dunmere,hx_35821,T1_direct_or_institutional_manor,church_fief,Manor of Sandstrand,Manor of Sandstrand,Sandstrand,included_in_source_candidate_lock_view,accepted_unchanged,,,visible_public_name,false,false,false,false,false,false,false,false,false,false,false
manor:manor_hx_36098,manor_working_final_ready,manor_hx_36098,manor,c_8,Dunmere,hx_36098,T1_direct_or_institutional_manor,church_fief,Manor of Warequay,Manor of Warequay,Warequay,included_in_source_candidate_lock_view,accepted_unchanged,,,visible_public_name,false,false,false,false,false,false,false,false,false,false,false
manor:manor_hx_36933,manor_working_final_ready,manor_hx_36933,manor,c_8,Dunmere,hx_36933,T1_direct_or_institutional_manor,church_fief,Manor of Brinehallow Hall,Manor of Brinehallow Hall,Brinehallow Hall,included_in_source_candidate_lock_view,accepted_unchanged,,,visible_public_name,false,false,false,false,false,false,false,false,false,false,false
manor:manor_hx_37214,manor_working_final_ready,manor_hx_37214,manor,c_8,Dunmere,hx_37214,T1_direct_or_institutional_manor,church_fief,Manor of Brinehallow Court,Manor of Brinehallow Court,Brinehallow Court,included_in_source_candidate_lock_view,accepted_unchanged,,,visible_public_name,false,false,false,false,false,false,false,false,false,false,false
manor:manor_hx_38340,manor_working_final_ready,manor_hx_38340,manor,c_8,Dunmere,hx_38340,T1_direct_or_institutional_manor,church_fief,Manor of Ferryham,Manor of Ferryham,Ferryham,included_in_source_candidate_lock_view,accepted_unchanged,,,visible_public_name,false,false,false,false,false,false,false,false,false,false,false
manor:manor_hx_39179,manor_working_final_ready,manor_hx_39179,manor,c_8,Dunmere,hx_39179,T1_direct_or_institutional_manor,church_fief,Manor of Gullwell,Manor of Gullwell,Gullwell,included_in_source_candidate_lock_view,accepted_unchanged,,,visible_public_name,false,false,false,false,false,false,false,false,false,false,false
manor:manor_hx_39181,manor_working_final_ready,manor_hx_39181,manor,c_8,Dunmere,hx_39181,T1_direct_or_institutional_manor,church_fief,Manor of MarshBower,Manor of Marshbower,Marshbower,included_in_source_candidate_lock_view,approved_name_repair_applied,PNC-REPAIR-034,,visible_public_name,false,false,false,false,false,false,false,false,false,false,false
manor:manor_hx_39452,manor_working_final_ready,manor_hx_39452,manor,c_8,Dunmere,hx_39452,T1_direct_or_institutional_manor,church_fief,Manor of Ferrychapel,Manor of Ferrychapel,Ferrychapel,included_in_source_candidate_lock_view,accepted_unchanged,,,visible_public_name,false,false,false,false,false,false,false,false,false,false,false
manor:manor_hx_40010,manor_working_final_ready,manor_hx_40010,manor,c_8,Dunmere,hx_40010,T1_direct_or_institutional_manor,church_fief,Manor of Havenwell,Manor of Havenwell,Havenwell,included_in_source_candidate_lock_view,accepted_unchanged,,,visible_public_name,false,false,false,false,false,false,false,false,false,false,false
manor:manor_hx_40014,manor_working_final_ready,manor_hx_40014,manor,c_8,Dunmere,hx_40014,T1_direct_or_institutional_manor,church_fief,Manor of Strandstow,Manor of Strandstow,Strandstow,included_in_source_candidate_lock_view,accepted_unchanged,,,visible_public_name,false,false,false,false,false,false,false,false,false,false,false
manor:manor_hx_40283,manor_working_final_ready,manor_hx_40283,manor,c_8,Dunmere,hx_40283,T1_direct_or_institutional_manor,church_fief,Manor of Sailmere,Manor of Sailmere,Sailmere,included_in_source_candidate_lock_view,accepted_unchanged,,,visible_public_name,false,false,false,false,false,false,false,false,false,false,false
manor:manor_hx_40285,manor_working_final_ready,manor_hx_40285,manor,c_8,Dunmere,hx_40285,T1_direct_or_institutional_manor,church_fief,Manor of Dunstrand,Manor of Dunstrand,Dunstrand,included_in_source_candidate_lock_view,accepted_unchanged,,,visible_public_name,false,false,false,false,false,false,false,false,false,false,false
manor:manor_hx_40291,manor_working_final_ready,manor_hx_40291,manor,c_8,Dunmere,hx_40291,T1_direct_or_institutional_manor,church_fief,Manor of Dunewick,Manor of Dunewick,Dunewick,included_in_source_candidate_lock_view,accepted_unchanged,,,visible_public_name,false,false,false,false,false,false,false,false,false,false,false
manor:manor_hx_40294,manor_working_final_ready,manor_hx_40294,manor,c_8,Dunmere,hx_40294,T1_direct_or_institutional_manor,church_fief,Manor of Hithebrook,Manor of Hithebrook,Hithebrook,included_in_source_candidate_lock_view,accepted_unchanged,,,visible_public_name,false,false,false,false,false,false,false,false,false,false,false
manor:manor_hx_38620,manor_working_final_ready,manor_hx_38620,manor,c_8,Dunmere,hx_38620,T1_direct_or_institutional_manor,county_domain,Manor of Sandbridge,Manor of Sandbridge,Sandbridge,included_in_source_candidate_lock_view,accepted_unchanged,,,visible_public_name,false,false,false,false,false,false,false,false,false,false,false
manor:manor_hx_39442,manor_working_final_ready,manor_hx_39442,manor,c_8,Dunmere,hx_39442,T1_direct_or_institutional_manor,county_domain,Manor of Fleming Hythe,Manor of Fleming Hythe,Fleming Hythe,included_in_source_candidate_lock_view,accepted_unchanged,,,visible_public_name,false,false,false,false,false,false,false,false,false,false,false
manor:manor_hx_39720,manor_working_final_ready,manor_hx_39720,manor,c_8,Dunmere,hx_39720,T1_direct_or_institutional_manor,county_domain,Manor of Tideley,Manor of Tideley,Tideley,included_in_source_candidate_lock_view,accepted_unchanged,,,visible_public_name,false,false,false,false,false,false,false,false,false,false,false
manor:manor_hx_40575,manor_working_final_ready,manor_hx_40575,manor,c_8,Dunmere,hx_40575,T1_direct_or_institutional_manor,county_domain,Manor of Keelwell,Manor of Keelwell,Keelwell,included_in_source_candidate_lock_view,accepted_unchanged,,,visible_public_name,false,false,false,false,false,false,false,false,false,false,false
manor:manor_hx_40857,manor_working_final_ready,manor_hx_40857,manor,c_8,Dunmere,hx_40857,T1_direct_or_institutional_manor,county_domain,Manor of Oarwick,Manor of Oarwick,Oarwick,included_in_source_candidate_lock_view,accepted_unchanged,,,visible_public_name,false,false,false,false,false,false,false,false,false,false,false
manor:manor_hx_41127,manor_working_final_ready,manor_hx_41127,manor,c_8,Dunmere,hx_41127,T1_direct_or_institutional_manor,county_domain,Manor of Oarquay,Manor of Oarquay,Oarquay,included_in_source_candidate_lock_view,accepted_unchanged,,,visible_public_name,false,false,false,false,false,false,false,false,false,false,false
manor:manor_hx_41134,manor_working_final_ready,manor_hx_41134,manor,c_8,Dunmere,hx_41134,T1_direct_or_institutional_manor,county_domain,Manor of Quayquay,Manor of Quaystead,Quaystead,included_in_source_candidate_lock_view,approved_name_repair_applied,PNC-REPAIR-035,,visible_public_name,false,false,false,false,false,false,false,false,false,false,false
manor:manor_hx_41414,manor_working_final_ready,manor_hx_41414,manor,c_8,Dunmere,hx_41414,T1_direct_or_institutional_manor,county_domain,Manor of Hitheedge,Manor of Hitheedge,Hitheedge,included_in_source_candidate_lock_view,accepted_unchanged,,,visible_public_name,false,false,false,false,false,false,false,false,false,false,false
manor:manor_hx_41970,manor_working_final_ready,manor_hx_41970,manor,c_8,Dunmere,hx_41970,T1_direct_or_institutional_manor,county_domain,Manor of Greyshaw,Manor of Greyshaw,Greyshaw,included_in_source_candidate_lock_view,accepted_unchanged,,,visible_public_name,false,false,false,false,false,false,false,false,false,false,false
manor:manor_hx_41974,manor_working_final_ready,manor_hx_41974,manor,c_8,Dunmere,hx_41974,T1_direct_or_institutional_manor,county_domain,Manor of Coblehaven,Manor of Coblehaven,Coblehaven,included_in_source_candidate_lock_view,accepted_unchanged,,,visible_public_name,false,false,false,false,false,false,false,false,false,false,false
manor:manor_hx_31040,manor_working_final_ready,manor_hx_31040,manor,c_8,Dunmere,hx_31040,T4_minor_or_low_capacity_manor,minor_lordship,Manor of Sailstow,Manor of Sailstow,Sailstow,included_in_source_candidate_lock_view,accepted_unchanged,,,visible_public_name,false,false,false,false,false,false,false,false,false,false,false
manor:manor_hx_31597,manor_working_final_ready,manor_hx_31597,manor,c_8,Dunmere,hx_31597,T4_minor_or_low_capacity_manor,minor_lordship,,Manor of Dunfield,Dunfield,included_in_working_authority_name_closure,approved_blank_name_closure_applied,V04-PLACE-MANOR-LCU-BLANK-NAME-AND-QA-PERSON-NAME-CLOSURE-MATERIALIZATION-001,,visible_public_name,false,false,false,false,false,false,false,false,false,false,false
manor:manor_hx_31879,manor_working_final_ready,manor_hx_31879,manor,c_8,Dunmere,hx_31879,T4_minor_or_low_capacity_manor,minor_lordship,Manor of Dunestow,Manor of Dunestow,Dunestow,included_in_source_candidate_lock_view,accepted_unchanged,,,visible_public_name,false,false,false,false,false,false,false,false,false,false,false
manor:manor_hx_31882,manor_working_final_ready,manor_hx_31882,manor,c_8,Dunmere,hx_31882,T4_minor_or_low_capacity_manor,minor_lordship,Manor of Strandwick,Manor of Strandwick,Strandwick,included_in_source_candidate_lock_view,accepted_unchanged,,,visible_public_name,false,false,false,false,false,false,false,false,false,false,false
manor:manor_hx_33000,manor_working_final_ready,manor_hx_33000,manor,c_8,Dunmere,hx_33000,T3_high_capacity_ordinary_manor,minor_lordship,Manor of Quayworth,Manor of Quayworth,Quayworth,included_in_source_candidate_lock_view,accepted_unchanged,,,visible_public_name,false,false,false,false,false,false,false,false,false,false,false
manor:manor_hx_33002,manor_working_final_ready,manor_hx_33002,manor,c_8,Dunmere,hx_33002,T2_seat_complex_or_strategic_manor,minor_lordship,Manor of Sailquay,Manor of Sailquay,Sailquay,included_in_source_candidate_lock_view,accepted_unchanged,,,visible_public_name,false,false,false,false,false,false,false,false,false,false,false
manor:manor_hx_33277,manor_working_final_ready,manor_hx_33277,manor,c_8,Dunmere,hx_33277,T4_minor_or_low_capacity_manor,minor_lordship,,Manor of Westmere,Westmere,included_in_working_authority_name_closure,approved_blank_name_closure_applied,V04-PLACE-MANOR-LCU-BLANK-NAME-AND-QA-PERSON-NAME-CLOSURE-MATERIALIZATION-001,,visible_public_name,false,false,false,false,false,false,false,false,false,false,false
manor:manor_hx_33555,manor_working_final_ready,manor_hx_33555,manor,c_8,Dunmere,hx_33555,T4_minor_or_low_capacity_manor,minor_lordship,Manor of Brinewater,Manor of Brinewater,Brinewater,included_in_source_candidate_lock_view,accepted_unchanged,,,visible_public_name,false,false,false,false,false,false,false,false,false,false,false
manor:manor_hx_33557,manor_working_final_ready,manor_hx_33557,manor,c_8,Dunmere,hx_33557,T4_minor_or_low_capacity_manor,minor_lordship,Manor of Gullfleet,Manor of Gullfleet,Gullfleet,included_in_source_candidate_lock_view,accepted_unchanged,,,visible_public_name,false,false,false,false,false,false,false,false,false,false,false
manor:manor_hx_33840,manor_working_final_ready,manor_hx_33840,manor,c_8,Dunmere,hx_33840,T4_minor_or_low_capacity_manor,minor_lordship,Manor of Landinghithe Hall,Manor of Landinghithe Hall,Landinghithe Hall,included_in_source_candidate_lock_view,accepted_unchanged,,,visible_public_name,false,false,false,false,false,false,false,false,false,false,false
manor:manor_hx_34400,manor_working_final_ready,manor_hx_34400,manor,c_8,Dunmere,hx_34400,T4_minor_or_low_capacity_manor,minor_lordship,Manor of Quayham,Manor of Quayham,Quayham,included_in_source_candidate_lock_view,accepted_unchanged,,,visible_public_name,false,false,false,false,false,false,false,false,false,false,false
manor:manor_hx_34404,manor_working_final_ready,manor_hx_34404,manor,c_8,Dunmere,hx_34404,T2_seat_complex_or_strategic_manor,minor_lordship,Manor of Merechester,Manor of Merechester,Merechester,included_in_source_candidate_lock_view,accepted_unchanged,,,visible_public_name,false,false,false,false,false,false,false,false,false,false,false
manor:manor_hx_34682,manor_working_final_ready,manor_hx_34682,manor,c_8,Dunmere,hx_34682,T4_minor_or_low_capacity_manor,minor_lordship,Manor of Landinghithe Court,Manor of Landinghithe Court,Landinghithe Court,included_in_source_candidate_lock_view,accepted_unchanged,,,visible_public_name,false,false,false,false,false,false,false,false,false,false,false
manor:manor_hx_34699,manor_working_final_ready,manor_hx_34699,manor,c_8,Dunmere,hx_34699,T2_seat_complex_or_strategic_manor,minor_lordship,Manor of Wareshaw,Manor of Wareshaw,Wareshaw,included_in_source_candidate_lock_view,accepted_unchanged,,,visible_public_name,false,false,false,false,false,false,false,false,false,false,false
manor:manor_hx_34701,manor_working_final_ready,manor_hx_34701,manor,c_8,Dunmere,hx_34701,T2_seat_complex_or_strategic_manor,minor_lordship,Manor of Tidebrook,Manor of Tidebrook,Tidebrook,included_in_source_candidate_lock_view,accepted_unchanged,,,visible_public_name,false,false,false,false,false,false,false,false,false,false,false
manor:manor_hx_34964,manor_working_final_ready,manor_hx_34964,manor,c_8,Dunmere,hx_34964,T4_minor_or_low_capacity_manor,minor_lordship,Manor of Landinghithe,Manor of Landinghithe,Landinghithe,included_in_source_candidate_lock_view,accepted_unchanged,,,visible_public_name,false,false,false,false,false,false,false,false,false,false,false
manor:manor_hx_35539,manor_working_final_ready,manor_hx_35539,manor,c_8,Dunmere,hx_35539,T2_seat_complex_or_strategic_manor,minor_lordship,Manor of Keelwater,Manor of Keelwater,Keelwater,included_in_source_candidate_lock_view,accepted_unchanged,,,visible_public_name,false,false,false,false,false,false,false,false,false,false,false
manor:manor_hx_35799,manor_working_final_ready,manor_hx_35799,manor,c_8,Dunmere,hx_35799,T2_seat_complex_or_strategic_manor,minor_lordship,Manor of Keelham,Manor of Keelham,Keelham,included_in_source_candidate_lock_view,accepted_unchanged,,,visible_public_name,false,false,false,false,false,false,false,false,false,false,false
manor:manor_hx_35803,manor_working_final_ready,manor_hx_35803,manor,c_8,Dunmere,hx_35803,T2_seat_complex_or_strategic_manor,minor_lordship,Manor of Harborquay,Manor of Harborquay,Harborquay,included_in_source_candidate_lock_view,accepted_unchanged,,,visible_public_name,false,false,false,false,false,false,false,false,false,false,false
manor:manor_hx_36099,manor_working_final_ready,manor_hx_36099,manor,c_8,Dunmere,hx_36099,T2_seat_complex_or_strategic_manor,minor_lordship,Manor of Sandwick,Manor of Sandwick,Sandwick,included_in_source_candidate_lock_view,accepted_unchanged,,,visible_public_name,false,false,false,false,false,false,false,false,false,false,false
manor:manor_hx_36363,manor_working_final_ready,manor_hx_36363,manor,c_8,Dunmere,hx_36363,T2_seat_complex_or_strategic_manor,minor_lordship,Manor of Quaywick,Manor of Quaywick,Quaywick,included_in_source_candidate_lock_view,accepted_unchanged,,,visible_public_name,false,false,false,false,false,false,false,false,false,false,false
manor:manor_hx_36644,manor_working_final_ready,manor_hx_36644,manor,c_8,Dunmere,hx_36644,T2_seat_complex_or_strategic_manor,minor_lordship,,Manor of Stoneford,Stoneford,included_in_working_authority_name_closure,approved_blank_name_closure_applied,V04-PLACE-MANOR-LCU-BLANK-NAME-AND-QA-PERSON-NAME-CLOSURE-MATERIALIZATION-001,,visible_public_name,false,false,false,false,false,false,false,false,false,false,false
manor:manor_hx_36645,manor_working_final_ready,manor_hx_36645,manor,c_8,Dunmere,hx_36645,T2_seat_complex_or_strategic_manor,minor_lordship,Manor of Mereshaw,Manor of Mereshaw,Mereshaw,included_in_source_candidate_lock_view,accepted_unchanged,,,visible_public_name,false,false,false,false,false,false,false,false,false,false,false
manor:manor_hx_36657,manor_working_final_ready,manor_hx_36657,manor,c_8,Dunmere,hx_36657,T2_seat_complex_or_strategic_manor,minor_lordship,Manor of Gullhithe,Manor of Gullhithe,Gullhithe,included_in_source_candidate_lock_view,accepted_unchanged,,,visible_public_name,false,false,false,false,false,false,false,false,false,false,false
manor:manor_hx_36660,manor_working_final_ready,manor_hx_36660,manor,c_8,Dunmere,hx_36660,T2_seat_complex_or_strategic_manor,minor_lordship,Manor of Tideworth,Manor of Tideworth,Tideworth,included_in_source_candidate_lock_view,accepted_unchanged,,,visible_public_name,false,false,false,false,false,false,false,false,false,false,false
manor:manor_hx_36919,manor_working_final_ready,manor_hx_36919,manor,c_8,Dunmere,hx_36919,T2_seat_complex_or_strategic_manor,minor_lordship,Manor of Dunware,Manor of Dunware,Dunware,included_in_source_candidate_lock_view,accepted_unchanged,,,visible_public_name,false,false,false,false,false,false,false,false,false,false,false
manor:manor_hx_36920,manor_working_final_ready,manor_hx_36920,manor,c_8,Dunmere,hx_36920,T2_seat_complex_or_strategic_manor,minor_lordship,Manor of Havenham,Manor of Havenham,Havenham,included_in_source_candidate_lock_view,accepted_unchanged,,,visible_public_name,false,false,false,false,false,false,false,false,false,false,false
manor:manor_hx_37475,manor_working_final_ready,manor_hx_37475,manor,c_8,Dunmere,hx_37475,T4_minor_or_low_capacity_manor,minor_lordship,,Manor of Reedley,Reedley,included_in_working_authority_name_closure,approved_blank_name_closure_applied,V04-PLACE-MANOR-LCU-BLANK-NAME-AND-QA-PERSON-NAME-CLOSURE-MATERIALIZATION-001,,visible_public_name,false,false,false,false,false,false,false,false,false,false,false
manor:manor_hx_37499,manor_working_final_ready,manor_hx_37499,manor,c_8,Dunmere,hx_37499,T2_seat_complex_or_strategic_manor,minor_lordship,Manor of Shellmere,Manor of Shellmere,Shellmere,included_in_source_candidate_lock_view,accepted_unchanged,,,visible_public_name,false,false,false,false,false,false,false,false,false,false,false
manor:manor_hx_37759,manor_working_final_ready,manor_hx_37759,manor,c_8,Dunmere,hx_37759,T4_minor_or_low_capacity_manor,minor_lordship,Manor of Greystrand,Manor of Greystrand,Greystrand,included_in_source_candidate_lock_view,accepted_unchanged,,,visible_public_name,false,false,false,false,false,false,false,false,false,false,false
manor:manor_hx_37761,manor_working_final_ready,manor_hx_37761,manor,c_8,Dunmere,hx_37761,T2_seat_complex_or_strategic_manor,minor_lordship,Manor of Greywell,Manor of Greywell,Greywell,included_in_source_candidate_lock_view,accepted_unchanged,,,visible_public_name,false,false,false,false,false,false,false,false,false,false,false
manor:manor_hx_37763,manor_working_final_ready,manor_hx_37763,manor,c_8,Dunmere,hx_37763,T2_seat_complex_or_strategic_manor,minor_lordship,Manor of Brineley,Manor of Brineley,Brineley,included_in_source_candidate_lock_view,accepted_unchanged,,,visible_public_name,false,false,false,false,false,false,false,false,false,false,false
manor:manor_hx_37781,manor_working_final_ready,manor_hx_37781,manor,c_8,Dunmere,hx_37781,T2_seat_complex_or_strategic_manor,minor_lordship,Manor of Netcote,Manor of Netcote,Netcote,included_in_source_candidate_lock_view,accepted_unchanged,,,visible_public_name,false,false,false,false,false,false,false,false,false,false,false
manor:manor_hx_38034,manor_working_final_ready,manor_hx_38034,manor,c_8,Dunmere,hx_38034,T4_minor_or_low_capacity_manor,minor_lordship,Manor of Flemingwick,Manor of Flemingwick,Flemingwick,included_in_source_candidate_lock_view,accepted_unchanged,,,visible_public_name,false,false,false,false,false,false,false,false,false,false,false
manor:manor_hx_38038,manor_working_final_ready,manor_hx_38038,manor,c_8,Dunmere,hx_38038,T2_seat_complex_or_strategic_manor,minor_lordship,Manor of Warecote,Manor of Warecote,Warecote,included_in_source_candidate_lock_view,accepted_unchanged,,,visible_public_name,false,false,false,false,false,false,false,false,false,false,false
manor:manor_hx_38045,manor_working_final_ready,manor_hx_38045,manor,c_8,Dunmere,hx_38045,T2_seat_complex_or_strategic_manor,minor_lordship,Manor of Stonestrand,Manor of Stonestrand,Stonestrand,included_in_source_candidate_lock_view,accepted_unchanged,,,visible_public_name,false,false,false,false,false,false,false,false,false,false,false
manor:manor_hx_38053,manor_working_final_ready,manor_hx_38053,manor,c_8,Dunmere,hx_38053,T2_seat_complex_or_strategic_manor,minor_lordship,Manor of Sandcote Hall,Manor of Sandcote Hall,Sandcote Hall,included_in_source_candidate_lock_view,accepted_unchanged,,,visible_public_name,false,false,false,false,false,false,false,false,false,false,false
manor:manor_hx_38054,manor_working_final_ready,manor_hx_38054,manor,c_8,Dunmere,hx_38054,T2_seat_complex_or_strategic_manor,minor_lordship,Manor of Strandstrand,Manor of Strandham,Strandham,included_in_source_candidate_lock_view,approved_name_repair_applied,PNC-REPAIR-036,,visible_public_name,false,false,false,false,false,false,false,false,false,false,false
manor:manor_hx_38322,manor_working_final_ready,manor_hx_38322,manor,c_8,Dunmere,hx_38322,T2_seat_complex_or_strategic_manor,minor_lordship,Manor of Sandhaven,Manor of Sandhaven,Sandhaven,included_in_source_candidate_lock_view,accepted_unchanged,,,visible_public_name,false,false,false,false,false,false,false,false,false,false,false
manor:manor_hx_38606,manor_working_final_ready,manor_hx_38606,manor,c_8,Dunmere,hx_38606,T2_seat_complex_or_strategic_manor,minor_lordship,Manor of Oarmere,Manor of Oarmere,Oarmere,included_in_source_candidate_lock_view,accepted_unchanged,,,visible_public_name,false,false,false,false,false,false,false,false,false,false,false
manor:manor_hx_38612,manor_working_final_ready,manor_hx_38612,manor,c_8,Dunmere,hx_38612,T2_seat_complex_or_strategic_manor,minor_lordship,Manor of Flemingedge,Manor of Flemingedge,Flemingedge,included_in_source_candidate_lock_view,accepted_unchanged,,,visible_public_name,false,false,false,false,false,false,false,false,false,false,false
manor:manor_hx_38613,manor_working_final_ready,manor_hx_38613,manor,c_8,Dunmere,hx_38613,T2_seat_complex_or_strategic_manor,minor_lordship,,Manor of Deepford,Deepford,included_in_working_authority_name_closure,approved_blank_name_closure_applied,V04-PLACE-MANOR-LCU-BLANK-NAME-AND-QA-PERSON-NAME-CLOSURE-MATERIALIZATION-001,,visible_public_name,false,false,false,false,false,false,false,false,false,false,false
manor:manor_hx_38616,manor_working_final_ready,manor_hx_38616,manor,c_8,Dunmere,hx_38616,T2_seat_complex_or_strategic_manor,minor_lordship,Manor of Hithegate,Manor of Hithegate,Hithegate,included_in_source_candidate_lock_view,accepted_unchanged,,,visible_public_name,false,false,false,false,false,false,false,false,false,false,false
manor:manor_hx_38877,manor_working_final_ready,manor_hx_38877,manor,c_8,Dunmere,hx_38877,T4_minor_or_low_capacity_manor,minor_lordship,,Manor of Brookcote,Brookcote,included_in_working_authority_name_closure,approved_blank_name_closure_applied,V04-PLACE-MANOR-LCU-BLANK-NAME-AND-QA-PERSON-NAME-CLOSURE-MATERIALIZATION-001,,visible_public_name,false,false,false,false,false,false,false,false,false,false,false
manor:manor_hx_38890,manor_working_final_ready,manor_hx_38890,manor,c_8,Dunmere,hx_38890,T2_seat_complex_or_strategic_manor,minor_lordship,Manor of Coblestrand,Manor of Coblestrand,Coblestrand,included_in_source_candidate_lock_view,accepted_unchanged,,,visible_public_name,false,false,false,false,false,false,false,false,false,false,false
manor:manor_hx_38893,manor_working_final_ready,manor_hx_38893,manor,c_8,Dunmere,hx_38893,T2_seat_complex_or_strategic_manor,minor_lordship,,Manor of Maltwick,Maltwick,included_in_working_authority_name_closure,approved_blank_name_closure_applied,V04-PLACE-MANOR-LCU-BLANK-NAME-AND-QA-PERSON-NAME-CLOSURE-MATERIALIZATION-001,,visible_public_name,false,false,false,false,false,false,false,false,false,false,false
manor:manor_hx_38900,manor_working_final_ready,manor_hx_38900,manor,c_8,Dunmere,hx_38900,T2_seat_complex_or_strategic_manor,minor_lordship,Manor of Saltbridge,Manor of Saltbridge,Saltbridge,included_in_source_candidate_lock_view,accepted_unchanged,,,visible_public_name,false,false,false,false,false,false,false,false,false,false,false
manor:manor_hx_39173,manor_working_final_ready,manor_hx_39173,manor,c_8,Dunmere,hx_39173,T2_seat_complex_or_strategic_manor,minor_lordship,Manor of Landinghaven,Manor of Landinghaven,Landinghaven,included_in_source_candidate_lock_view,accepted_unchanged,,,visible_public_name,false,false,false,false,false,false,false,false,false,false,false
manor:manor_hx_39177,manor_working_final_ready,manor_hx_39177,manor,c_8,Dunmere,hx_39177,T2_seat_complex_or_strategic_manor,minor_lordship,Manor of Marshstrand,Manor of Marshstrand,Marshstrand,included_in_source_candidate_lock_view,accepted_unchanged,,,visible_public_name,false,false,false,false,false,false,false,false,false,false,false
manor:manor_hx_39450,manor_working_final_ready,manor_hx_39450,manor,c_8,Dunmere,hx_39450,T2_seat_complex_or_strategic_manor,minor_lordship,Manor of Landingstrand,Manor of Landingstrand,Landingstrand,included_in_source_candidate_lock_view,accepted_unchanged,,,visible_public_name,false,false,false,false,false,false,false,false,false,false,false
manor:manor_hx_39719,manor_working_final_ready,manor_hx_39719,manor,c_8,Dunmere,hx_39719,T4_minor_or_low_capacity_manor,minor_lordship,,Manor of Ashenmere,Ashenmere,included_in_working_authority_name_closure,approved_blank_name_closure_applied,V04-PLACE-MANOR-LCU-BLANK-NAME-AND-QA-PERSON-NAME-CLOSURE-MATERIALIZATION-001,,visible_public_name,false,false,false,false,false,false,false,false,false,false,false
manor:manor_hx_40297,manor_working_final_ready,manor_hx_40297,manor,c_8,Dunmere,hx_40297,T2_seat_complex_or_strategic_manor,minor_lordship,Manor of Shellwell,Manor of Shellwell,Shellwell,included_in_source_candidate_lock_view,accepted_unchanged,,,visible_public_name,false,false,false,false,false,false,false,false,false,false,false
manor:manor_hx_40577,manor_working_final_ready,manor_hx_40577,manor,c_8,Dunmere,hx_40577,T2_seat_complex_or_strategic_manor,minor_lordship,Manor of Tidehaven,Manor of Tidehaven,Tidehaven,included_in_source_candidate_lock_view,accepted_unchanged,,,visible_public_name,false,false,false,false,false,false,false,false,false,false,false
manor:manor_hx_40836,manor_working_final_ready,manor_hx_40836,manor,c_8,Dunmere,hx_40836,T4_minor_or_low_capacity_manor,minor_lordship,Manor of Greywick,Manor of Greywick,Greywick,included_in_source_candidate_lock_view,accepted_unchanged,,,visible_public_name,false,false,false,false,false,false,false,false,false,false,false
manor:manor_hx_40837,manor_working_final_ready,manor_hx_40837,manor,c_8,Dunmere,hx_40837,T4_minor_or_low_capacity_manor,minor_lordship,Manor of Landingham,Manor of Landingham,Landingham,included_in_source_candidate_lock_view,accepted_unchanged,,,visible_public_name,false,false,false,false,false,false,false,false,false,false,false
manor:manor_hx_40842,manor_working_final_ready,manor_hx_40842,manor,c_8,Dunmere,hx_40842,T4_minor_or_low_capacity_manor,minor_lordship,Manor of Netfleet,Manor of Netfleet,Netfleet,included_in_source_candidate_lock_view,accepted_unchanged,,,visible_public_name,false,false,false,false,false,false,false,false,false,false,false
manor:manor_hx_40846,manor_working_final_ready,manor_hx_40846,manor,c_8,Dunmere,hx_40846,T2_seat_complex_or_strategic_manor,minor_lordship,Manor of Dunley,Manor of Dunley,Dunley,included_in_source_candidate_lock_view,accepted_unchanged,,,visible_public_name,false,false,false,false,false,false,false,false,false,false,false
manor:manor_hx_40860,manor_working_final_ready,manor_hx_40860,manor,c_8,Dunmere,hx_40860,T2_seat_complex_or_strategic_manor,minor_lordship,Manor of Merebank,Manor of Merebank,Merebank,included_in_source_candidate_lock_view,accepted_unchanged,,,visible_public_name,false,false,false,false,false,false,false,false,false,false,false
manor:manor_hx_40861,manor_working_final_ready,manor_hx_40861,manor,c_8,Dunmere,hx_40861,T2_seat_complex_or_strategic_manor,minor_lordship,Manor of Oarcote,Manor of Oarcote,Oarcote,included_in_source_candidate_lock_view,accepted_unchanged,,,visible_public_name,false,false,false,false,false,false,false,false,false,false,false
manor:manor_hx_41126,manor_working_final_ready,manor_hx_41126,manor,c_8,Dunmere,hx_41126,T2_seat_complex_or_strategic_manor,minor_lordship,Manor of Flemingstead,Manor of Flemingstead,Flemingstead,included_in_source_candidate_lock_view,accepted_unchanged,,,visible_public_name,false,false,false,false,false,false,false,false,false,false,false
manor:manor_hx_41399,manor_working_final_ready,manor_hx_41399,manor,c_8,Dunmere,hx_41399,T4_minor_or_low_capacity_manor,minor_lordship,Manor of Mereham,Manor of Mereham,Mereham,included_in_source_candidate_lock_view,accepted_unchanged,,,visible_public_name,false,false,false,false,false,false,false,false,false,false,false
manor:manor_hx_41405,manor_working_final_ready,manor_hx_41405,manor,c_8,Dunmere,hx_41405,T2_seat_complex_or_strategic_manor,minor_lordship,Manor of Tidestrand,Manor of Tidestrand,Tidestrand,included_in_source_candidate_lock_view,accepted_unchanged,,,visible_public_name,false,false,false,false,false,false,false,false,false,false,false
manor:manor_hx_41684,manor_working_final_ready,manor_hx_41684,manor,c_8,Dunmere,hx_41684,T4_minor_or_low_capacity_manor,minor_lordship,Manor of Warestrand,Manor of Warestrand,Warestrand,included_in_source_candidate_lock_view,accepted_unchanged,,,visible_public_name,false,false,false,false,false,false,false,false,false,false,false
manor:manor_hx_41687,manor_working_final_ready,manor_hx_41687,manor,c_8,Dunmere,hx_41687,T2_seat_complex_or_strategic_manor,minor_lordship,Manor of Keelend,Manor of Keelend,Keelend,included_in_source_candidate_lock_view,accepted_unchanged,,,visible_public_name,false,false,false,false,false,false,false,false,false,false,false
manor:manor_hx_41700,manor_working_final_ready,manor_hx_41700,manor,c_8,Dunmere,hx_41700,T2_seat_complex_or_strategic_manor,minor_lordship,Manor of Harborshaw,Manor of Harborshaw,Harborshaw,included_in_source_candidate_lock_view,accepted_unchanged,,,visible_public_name,false,false,false,false,false,false,false,false,false,false,false
manor:manor_hx_41961,manor_working_final_ready,manor_hx_41961,manor,c_8,Dunmere,hx_41961,T4_minor_or_low_capacity_manor,minor_lordship,Manor of Marshstow,Manor of Marshstow,Marshstow,included_in_source_candidate_lock_view,accepted_unchanged,,,visible_public_name,false,false,false,false,false,false,false,false,false,false,false
manor:manor_hx_42249,manor_working_final_ready,manor_hx_42249,manor,c_8,Dunmere,hx_42249,T4_minor_or_low_capacity_manor,minor_lordship,Manor of Cobleham,Manor of Cobleham,Cobleham,included_in_source_candidate_lock_view,accepted_unchanged,,,visible_public_name,false,false,false,false,false,false,false,false,false,false,false
manor:manor_hx_42525,manor_working_final_ready,manor_hx_42525,manor,c_8,Dunmere,hx_42525,T4_minor_or_low_capacity_manor,minor_lordship,Manor of Flemingstrand,Manor of Flemingstrand,Flemingstrand,included_in_source_candidate_lock_view,accepted_unchanged,,,visible_public_name,false,false,false,false,false,false,false,false,false,false,false
manor:manor_hx_42533,manor_working_final_ready,manor_hx_42533,manor,c_8,Dunmere,hx_42533,T4_minor_or_low_capacity_manor,minor_lordship,Manor of Oarstrand,Manor of Oarstrand,Oarstrand,included_in_source_candidate_lock_view,accepted_unchanged,,,visible_public_name,false,false,false,false,false,false,false,false,false,false,false
manor:manor_hx_42534,manor_working_final_ready,manor_hx_42534,manor,c_8,Dunmere,hx_42534,T4_minor_or_low_capacity_manor,minor_lordship,Manor of Duneton,Manor of Duneton,Duneton,included_in_source_candidate_lock_view,accepted_unchanged,,,visible_public_name,false,false,false,false,false,false,false,false,false,false,false
manor:manor_hx_42812,manor_working_final_ready,manor_hx_42812,manor,c_8,Dunmere,hx_42812,T4_minor_or_low_capacity_manor,minor_lordship,Manor of Tideshaw,Manor of Tideshaw,Tideshaw,included_in_source_candidate_lock_view,accepted_unchanged,,,visible_public_name,false,false,false,false,false,false,false,false,false,false,false
manor:manor_hx_43091,manor_working_final_ready,manor_hx_43091,manor,c_8,Dunmere,hx_43091,T4_minor_or_low_capacity_manor,minor_lordship,Manor of Shellton,Manor of Shellton,Shellton,included_in_source_candidate_lock_view,accepted_unchanged,,,visible_public_name,false,false,false,false,false,false,false,false,false,false,false
manor:manor_hx_43650,manor_working_final_ready,manor_hx_43650,manor,c_8,Dunmere,hx_43650,T4_minor_or_low_capacity_manor,minor_lordship,Manor of Sandstow,Manor of Sandstow,Sandstow,included_in_source_candidate_lock_view,accepted_unchanged,,,visible_public_name,false,false,false,false,false,false,false,false,false,false,false
manor:manor_hx_45336,manor_working_final_ready,manor_hx_45336,manor,c_8,Dunmere,hx_45336,T4_minor_or_low_capacity_manor,minor_lordship,Manor of Sailley,Manor of Sailley,Sailley,included_in_source_candidate_lock_view,accepted_unchanged,,,visible_public_name,false,false,false,false,false,false,false,false,false,false,false
manor:manor_hx_45898,manor_working_final_ready,manor_hx_45898,manor,c_8,Dunmere,hx_45898,T4_minor_or_low_capacity_manor,minor_lordship,Manor of Warewick,Manor of Warewick,Warewick,included_in_source_candidate_lock_view,accepted_unchanged,,,visible_public_name,false,false,false,false,false,false,false,false,false,false,false
manor:manor_hx_46460,manor_working_final_ready,manor_hx_46460,manor,c_8,Dunmere,hx_46460,T2_seat_complex_or_strategic_manor,minor_lordship,Manor of Coblefleet,Manor of Coblefleet,Coblefleet,included_in_source_candidate_lock_view,accepted_unchanged,,,visible_public_name,false,false,false,false,false,false,false,false,false,false,false
manor:manor_hx_47021,manor_working_final_ready,manor_hx_47021,manor,c_8,Dunmere,hx_47021,T4_minor_or_low_capacity_manor,minor_lordship,Manor of Haventon,Manor of Haventon,Haventon,included_in_source_candidate_lock_view,accepted_unchanged,,,visible_public_name,false,false,false,false,false,false,false,false,false,false,false
manor:manor_hx_38622,manor_working_final_ready,manor_hx_38622,manor,c_9,Eldham,hx_38622,T1_direct_or_institutional_manor,barony,Manor of Hallowwell,Manor of Hallowwell,Hallowwell,included_in_source_candidate_lock_view,accepted_unchanged,,,visible_public_name,false,false,false,false,false,false,false,false,false,false,false
manor:manor_hx_38624,manor_working_final_ready,manor_hx_38624,manor,c_9,Eldham,hx_38624,T1_direct_or_institutional_manor,barony,Manor of Hallridge,Manor of Hallridge,Hallridge,included_in_source_candidate_lock_view,accepted_unchanged,,,visible_public_name,false,false,false,false,false,false,false,false,false,false,false
manor:manor_hx_39182,manor_working_final_ready,manor_hx_39182,manor,c_9,Eldham,hx_39182,T1_direct_or_institutional_manor,barony,Manor of Bridgestreet,Manor of Bridgestreet,Bridgestreet,included_in_source_candidate_lock_view,accepted_unchanged,,,visible_public_name,false,false,false,false,false,false,false,false,false,false,false
manor:manor_hx_39184,manor_working_final_ready,manor_hx_39184,manor,c_9,Eldham,hx_39184,T1_direct_or_institutional_manor,barony,Manor of Minsterhall,Manor of Minsterhall,Minsterhall,included_in_source_candidate_lock_view,accepted_unchanged,,,visible_public_name,false,false,false,false,false,false,false,false,false,false,false
manor:manor_hx_39198,manor_working_final_ready,manor_hx_39198,manor,c_9,Eldham,hx_39198,T1_direct_or_institutional_manor,barony,Manor of Eldbrook,Manor of Eldbrook,Eldbrook,included_in_source_candidate_lock_view,accepted_unchanged,,,visible_public_name,false,false,false,false,false,false,false,false,false,false,false
manor:manor_hx_39479,manor_working_final_ready,manor_hx_39479,manor,c_9,Eldham,hx_39479,T1_direct_or_institutional_manor,barony,Manor of Hallowstead Hall,Manor of Hallowstead Hall,Hallowstead Hall,included_in_source_candidate_lock_view,accepted_unchanged,,,visible_public_name,false,false,false,false,false,false,false,false,false,false,false
manor:manor_hx_39757,manor_working_final_ready,manor_hx_39757,manor,c_9,Eldham,hx_39757,T1_direct_or_institutional_manor,barony,Manor of Holyton,Manor of Holyton,Holyton,included_in_source_candidate_lock_view,accepted_unchanged,,,visible_public_name,false,false,false,false,false,false,false,false,false,false,false
manor:manor_hx_40039,manor_working_final_ready,manor_hx_40039,manor,c_9,Eldham,hx_40039,T1_direct_or_institutional_manor,barony,Manor of Cross,Manor of Cross,Cross,included_in_source_candidate_lock_view,accepted_unchanged,,,visible_public_name,false,false,false,false,false,false,false,false,false,false,false
manor:manor_hx_40316,manor_working_final_ready,manor_hx_40316,manor,c_9,Eldham,hx_40316,T1_direct_or_institutional_manor,barony,Manor of Brookbury,Manor of Brookbury,Brookbury,included_in_source_candidate_lock_view,accepted_unchanged,,,visible_public_name,false,false,false,false,false,false,false,false,false,false,false
manor:manor_hx_40319,manor_working_final_ready,manor_hx_40319,manor,c_9,Eldham,hx_40319,T1_direct_or_institutional_manor,barony,Manor of Brookbury Hall,Manor of Brookbury Hall,Brookbury Hall,included_in_source_candidate_lock_view,accepted_unchanged,,,visible_public_name,false,false,false,false,false,false,false,false,false,false,false
manor:manor_hx_40599,manor_working_final_ready,manor_hx_40599,manor,c_9,Eldham,hx_40599,T1_direct_or_institutional_manor,barony,Manor of Brookbury Court,Manor of Brookbury Court,Brookbury Court,included_in_source_candidate_lock_view,accepted_unchanged,,,visible_public_name,false,false,false,false,false,false,false,false,false,false,false
manor:manor_hx_41158,manor_working_final_ready,manor_hx_41158,manor,c_9,Eldham,hx_41158,T1_direct_or_institutional_manor,barony,Manor of Crosscross,Manor of Crossway,Crossway,included_in_source_candidate_lock_view,approved_name_repair_applied,PNC-REPAIR-032,,visible_public_name,false,false,false,false,false,false,false,false,false,false,false
manor:manor_hx_41434,manor_working_final_ready,manor_hx_41434,manor,c_9,Eldham,hx_41434,T1_direct_or_institutional_manor,barony,Manor of Ashbury,Manor of Ashbury,Ashbury,included_in_source_candidate_lock_view,accepted_unchanged,,,visible_public_name,false,false,false,false,false,false,false,false,false,false,false
manor:manor_hx_41445,manor_working_final_ready,manor_hx_41445,manor,c_9,Eldham,hx_41445,T1_direct_or_institutional_manor,barony,Manor of Minsterworth Court,Manor of Minsterworth Court,Minsterworth Court,included_in_source_candidate_lock_view,accepted_unchanged,,,visible_public_name,false,false,false,false,false,false,false,false,false,false,false
manor:manor_hx_43127,manor_working_final_ready,manor_hx_43127,manor,c_9,Eldham,hx_43127,T1_direct_or_institutional_manor,barony,Manor of Hallowwick,Manor of Hallowwick,Hallowwick,included_in_source_candidate_lock_view,accepted_unchanged,,,visible_public_name,false,false,false,false,false,false,false,false,false,false,false
manor:manor_hx_43687,manor_working_final_ready,manor_hx_43687,manor,c_9,Eldham,hx_43687,T1_direct_or_institutional_manor,barony,Manor of Hallowwick Hall,Manor of Hallowwick Hall,Hallowwick Hall,included_in_source_candidate_lock_view,accepted_unchanged,,,visible_public_name,false,false,false,false,false,false,false,false,false,false,false
manor:manor_hx_43689,manor_working_final_ready,manor_hx_43689,manor,c_9,Eldham,hx_43689,T1_direct_or_institutional_manor,barony,Manor of Hallowwick Court,Manor of Hallowwick Court,Hallowwick Court,included_in_source_candidate_lock_view,accepted_unchanged,,,visible_public_name,false,false,false,false,false,false,false,false,false,false,false
manor:manor_hx_44250,manor_working_final_ready,manor_hx_44250,manor,c_9,Eldham,hx_44250,T1_direct_or_institutional_manor,barony,Manor of Bridgefield Hall,Manor of Bridgefield Hall,Bridgefield Hall,included_in_source_candidate_lock_view,accepted_unchanged,,,visible_public_name,false,false,false,false,false,false,false,false,false,false,false
manor:manor_hx_35544,manor_working_final_ready,manor_hx_35544,manor,c_9,Eldham,hx_35544,T1_direct_or_institutional_manor,church_fief,Manor of Eldminster,Manor of Eldminster,Eldminster,included_in_source_candidate_lock_view,accepted_unchanged,,,visible_public_name,false,false,false,false,false,false,false,false,false,false,false
manor:manor_hx_35826,manor_working_final_ready,manor_hx_35826,manor,c_9,Eldham,hx_35826,T1_direct_or_institutional_manor,church_fief,Manor of Bellpriory,Manor of Bellpriory,Bellpriory,included_in_source_candidate_lock_view,accepted_unchanged,,,visible_public_name,false,false,false,false,false,false,false,false,false,false,false
manor:manor_hx_35830,manor_working_final_ready,manor_hx_35830,manor,c_9,Eldham,hx_35830,T1_direct_or_institutional_manor,church_fief,Manor of Bedecell,Manor of Bedecell,Bedecell,included_in_source_candidate_lock_view,accepted_unchanged,,,visible_public_name,false,false,false,false,false,false,false,false,false,false,false
manor:manor_hx_36103,manor_working_final_ready,manor_hx_36103,manor,c_9,Eldham,hx_36103,T1_direct_or_institutional_manor,church_fief,Manor of Clerkstow,Manor of Clerkstow,Clerkstow,included_in_source_candidate_lock_view,accepted_unchanged,,,visible_public_name,false,false,false,false,false,false,false,false,false,false,false
manor:manor_hx_36106,manor_working_final_ready,manor_hx_36106,manor,c_9,Eldham,hx_36106,T1_direct_or_institutional_manor,church_fief,Manor of Bookham,Manor of Bookham,Bookham,included_in_source_candidate_lock_view,accepted_unchanged,,,visible_public_name,false,false,false,false,false,false,false,false,false,false,false
manor:manor_hx_36388,manor_working_final_ready,manor_hx_36388,manor,c_9,Eldham,hx_36388,T1_direct_or_institutional_manor,church_fief,Manor of Clerkbury,Manor of Clerkbury,Clerkbury,included_in_source_candidate_lock_view,accepted_unchanged,,,visible_public_name,false,false,false,false,false,false,false,false,false,false,false
manor:manor_hx_36945,manor_working_final_ready,manor_hx_36945,manor,c_9,Eldham,hx_36945,T1_direct_or_institutional_manor,church_fief,Manor of Yewhallow,Manor of Yewhallow,Yewhallow,included_in_source_candidate_lock_view,accepted_unchanged,,,visible_public_name,false,false,false,false,false,false,false,false,false,false,false
manor:manor_hx_36949,manor_working_final_ready,manor_hx_36949,manor,c_9,Eldham,hx_36949,T1_direct_or_institutional_manor,church_fief,,Manor of Cuthbertfield,Cuthbertfield,included_in_working_authority_name_closure,approved_blank_name_closure_applied,V04-PLACE-MANOR-LCU-BLANK-NAME-AND-QA-PERSON-NAME-CLOSURE-MATERIALIZATION-001,,visible_public_name,false,false,false,false,false,false,false,false,false,false,false
manor:manor_hx_36952,manor_working_final_ready,manor_hx_36952,manor,c_9,Eldham,hx_36952,T1_direct_or_institutional_manor,church_fief,,Manor of Abbeymead,Abbeymead,included_in_working_authority_name_closure,approved_blank_name_closure_applied,V04-PLACE-MANOR-LCU-BLANK-NAME-AND-QA-PERSON-NAME-CLOSURE-MATERIALIZATION-001,,visible_public_name,false,false,false,false,false,false,false,false,false,false,false
manor:manor_hx_37231,manor_working_final_ready,manor_hx_37231,manor,c_9,Eldham,hx_37231,T1_direct_or_institutional_manor,church_fief,Manor of Bedestead,Manor of Bedestead,Bedestead,included_in_source_candidate_lock_view,accepted_unchanged,,,visible_public_name,false,false,false,false,false,false,false,false,false,false,false
manor:manor_hx_38068,manor_working_final_ready,manor_hx_38068,manor,c_9,Eldham,hx_38068,T1_direct_or_institutional_manor,church_fief,Manor of Bellley,Manor of Bellfield,Bellfield,included_in_source_candidate_lock_view,approved_name_repair_applied,PNC-REPAIR-030,,visible_public_name,false,false,false,false,false,false,false,false,false,false,false
manor:manor_hx_38352,manor_working_final_ready,manor_hx_38352,manor,c_9,Eldham,hx_38352,T1_direct_or_institutional_manor,church_fief,Manor of Minsterbrook,Manor of Minsterbrook,Minsterbrook,included_in_source_candidate_lock_view,accepted_unchanged,,,visible_public_name,false,false,false,false,false,false,false,false,false,false,false
manor:manor_hx_38354,manor_working_final_ready,manor_hx_38354,manor,c_9,Eldham,hx_38354,T1_direct_or_institutional_manor,church_fief,Manor of Hallstead Hall,Manor of Hallstead Hall,Hallstead Hall,included_in_source_candidate_lock_view,accepted_unchanged,,,visible_public_name,false,false,false,false,false,false,false,false,false,false,false
manor:manor_hx_38629,manor_working_final_ready,manor_hx_38629,manor,c_9,Eldham,hx_38629,T1_direct_or_institutional_manor,church_fief,Manor of Bridgewick,Manor of Bridgewick,Bridgewick,included_in_source_candidate_lock_view,accepted_unchanged,,,visible_public_name,false,false,false,false,false,false,false,false,false,false,false
manor:manor_hx_38632,manor_working_final_ready,manor_hx_38632,manor,c_9,Eldham,hx_38632,T1_direct_or_institutional_manor,church_fief,Manor of Bridgeminster,Manor of Bridgeminster,Bridgeminster,included_in_source_candidate_lock_view,accepted_unchanged,,,visible_public_name,false,false,false,false,false,false,false,false,false,false,false
manor:manor_hx_38917,manor_working_final_ready,manor_hx_38917,manor,c_9,Eldham,hx_38917,T1_direct_or_institutional_manor,church_fief,Manor of Candleminster,Manor of Candleminster,Candleminster,included_in_source_candidate_lock_view,accepted_unchanged,,,visible_public_name,false,false,false,false,false,false,false,false,false,false,false
manor:manor_hx_39477,manor_working_final_ready,manor_hx_39477,manor,c_9,Eldham,hx_39477,T1_direct_or_institutional_manor,church_fief,Manor of Hallstead,Manor of Hallstead,Hallstead,included_in_source_candidate_lock_view,accepted_unchanged,,,visible_public_name,false,false,false,false,false,false,false,false,false,false,false
manor:manor_hx_39744,manor_working_final_ready,manor_hx_39744,manor,c_9,Eldham,hx_39744,T1_direct_or_institutional_manor,church_fief,Manor of Priorworth,Manor of Priorworth,Priorworth,included_in_source_candidate_lock_view,accepted_unchanged,,,visible_public_name,false,false,false,false,false,false,false,false,false,false,false
manor:manor_hx_39755,manor_working_final_ready,manor_hx_39755,manor,c_9,Eldham,hx_39755,T1_direct_or_institutional_manor,church_fief,Manor of Eldbury,Manor of Eldbury,Eldbury,included_in_source_candidate_lock_view,accepted_unchanged,,,visible_public_name,false,false,false,false,false,false,false,false,false,false,false
manor:manor_hx_39756,manor_working_final_ready,manor_hx_39756,manor,c_9,Eldham,hx_39756,T1_direct_or_institutional_manor,church_fief,Manor of Yewcote,Manor of Yewcote,Yewcote,included_in_source_candidate_lock_view,accepted_unchanged,,,visible_public_name,false,false,false,false,false,false,false,false,false,false,false
manor:manor_hx_40312,manor_working_final_ready,manor_hx_40312,manor,c_9,Eldham,hx_40312,T1_direct_or_institutional_manor,church_fief,Manor of Oldchester,Manor of Oldchester,Oldchester,included_in_source_candidate_lock_view,accepted_unchanged,,,visible_public_name,false,false,false,false,false,false,false,false,false,false,false
manor:manor_hx_38918,manor_working_final_ready,manor_hx_38918,manor,c_9,Eldham,hx_38918,T1_direct_or_institutional_manor,county_domain,Manor of Roodton,Manor of Roodton,Roodton,included_in_source_candidate_lock_view,accepted_unchanged,,,visible_public_name,false,false,false,false,false,false,false,false,false,false,false
manor:manor_hx_34702,manor_working_final_ready,manor_hx_34702,manor,c_9,Eldham,hx_34702,T2_seat_complex_or_strategic_manor,minor_lordship,Manor of Eldcote,Manor of Eldcote,Eldcote,included_in_source_candidate_lock_view,accepted_unchanged,,,visible_public_name,false,false,false,false,false,false,false,false,false,false,false
manor:manor_hx_36382,manor_working_final_ready,manor_hx_36382,manor,c_9,Eldham,hx_36382,T2_seat_complex_or_strategic_manor,minor_lordship,Manor of Bedeham,Manor of Bedeham,Bedeham,included_in_source_candidate_lock_view,accepted_unchanged,,,visible_public_name,false,false,false,false,false,false,false,false,false,false,false
manor:manor_hx_36663,manor_working_final_ready,manor_hx_36663,manor,c_9,Eldham,hx_36663,T2_seat_complex_or_strategic_manor,minor_lordship,Manor of Bellwick,Manor of Bellwick,Bellwick,included_in_source_candidate_lock_view,accepted_unchanged,,,visible_public_name,false,false,false,false,false,false,false,false,false,false,false
manor:manor_hx_37224,manor_working_final_ready,manor_hx_37224,manor,c_9,Eldham,hx_37224,T2_seat_complex_or_strategic_manor,minor_lordship,Manor of Wardenminster,Manor of Wardenminster,Wardenminster,included_in_source_candidate_lock_view,accepted_unchanged,,,visible_public_name,false,false,false,false,false,false,false,false,false,false,false
manor:manor_hx_37233,manor_working_final_ready,manor_hx_37233,manor,c_9,Eldham,hx_37233,T2_seat_complex_or_strategic_manor,minor_lordship,Manor of Limestead,Manor of Limestead,Limestead,included_in_source_candidate_lock_view,accepted_unchanged,,,visible_public_name,false,false,false,false,false,false,false,false,false,false,false
manor:manor_hx_38346,manor_working_final_ready,manor_hx_38346,manor,c_9,Eldham,hx_38346,T2_seat_complex_or_strategic_manor,minor_lordship,Manor of Hallowworth,Manor of Hallowworth,Hallowworth,included_in_source_candidate_lock_view,accepted_unchanged,,,visible_public_name,false,false,false,false,false,false,false,false,false,false,false
manor:manor_hx_38909,manor_working_final_ready,manor_hx_38909,manor,c_9,Eldham,hx_38909,T2_seat_complex_or_strategic_manor,minor_lordship,Manor of Brookbank,Manor of Brookbank,Brookbank,included_in_source_candidate_lock_view,accepted_unchanged,,,visible_public_name,false,false,false,false,false,false,false,false,false,false,false
manor:manor_hx_38910,manor_working_final_ready,manor_hx_38910,manor,c_9,Eldham,hx_38910,T2_seat_complex_or_strategic_manor,minor_lordship,Manor of Minsterwick,Manor of Minsterwick,Minsterwick,included_in_source_candidate_lock_view,accepted_unchanged,,,visible_public_name,false,false,false,false,false,false,false,false,false,false,false
manor:manor_hx_38916,manor_working_final_ready,manor_hx_38916,manor,c_9,Eldham,hx_38916,T4_minor_or_low_capacity_manor,minor_lordship,Manor of Hallstead Court,Manor of Hallstead Court,Hallstead Court,included_in_source_candidate_lock_view,accepted_unchanged,,,visible_public_name,false,false,false,false,false,false,false,false,false,false,false
manor:manor_hx_38919,manor_working_final_ready,manor_hx_38919,manor,c_9,Eldham,hx_38919,T4_minor_or_low_capacity_manor,minor_lordship,Manor of Eldbrook Court,Manor of Eldbrook Court,Eldbrook Court,included_in_source_candidate_lock_view,accepted_unchanged,,,visible_public_name,false,false,false,false,false,false,false,false,false,false,false
manor:manor_hx_39187,manor_working_final_ready,manor_hx_39187,manor,c_9,Eldham,hx_39187,T2_seat_complex_or_strategic_manor,minor_lordship,Manor of Bookbury Hall,Manor of Bookbury Hall,Bookbury Hall,included_in_source_candidate_lock_view,accepted_unchanged,,,visible_public_name,false,false,false,false,false,false,false,false,false,false,false
manor:manor_hx_39470,manor_working_final_ready,manor_hx_39470,manor,c_9,Eldham,hx_39470,T2_seat_complex_or_strategic_manor,minor_lordship,Manor of Bookbury,Manor of Bookbury,Bookbury,included_in_source_candidate_lock_view,accepted_unchanged,,,visible_public_name,false,false,false,false,false,false,false,false,false,false,false
manor:manor_hx_39475,manor_working_final_ready,manor_hx_39475,manor,c_9,Eldham,hx_39475,T2_seat_complex_or_strategic_manor,minor_lordship,Manor of Bookley Hall,Manor of Bookley Hall,Bookley Hall,included_in_source_candidate_lock_view,accepted_unchanged,,,visible_public_name,false,false,false,false,false,false,false,false,false,false,false
manor:manor_hx_39762,manor_working_final_ready,manor_hx_39762,manor,c_9,Eldham,hx_39762,T4_minor_or_low_capacity_manor,minor_lordship,Manor of LentenHall,Manor of LentenHall,LentenHall,included_in_source_candidate_lock_view,accepted_unchanged,,,visible_public_name,false,false,false,false,false,false,false,false,false,false,false
manor:manor_hx_40027,manor_working_final_ready,manor_hx_40027,manor,c_9,Eldham,hx_40027,T3_high_capacity_ordinary_manor,minor_lordship,Manor of Bellcote Hall,Manor of Bellcote Hall,Bellcote Hall,included_in_source_candidate_lock_view,accepted_unchanged,,,visible_public_name,false,false,false,false,false,false,false,false,false,false,false
manor:manor_hx_40029,manor_working_final_ready,manor_hx_40029,manor,c_9,Eldham,hx_40029,T2_seat_complex_or_strategic_manor,minor_lordship,Manor of Bellcote,Manor of Bellcote,Bellcote,included_in_source_candidate_lock_view,accepted_unchanged,,,visible_public_name,false,false,false,false,false,false,false,false,false,false,false
manor:manor_hx_40033,manor_working_final_ready,manor_hx_40033,manor,c_9,Eldham,hx_40033,T2_seat_complex_or_strategic_manor,minor_lordship,Manor of Bookley,Manor of Bookley,Bookley,included_in_source_candidate_lock_view,accepted_unchanged,,,visible_public_name,false,false,false,false,false,false,false,false,false,false,false
manor:manor_hx_40302,manor_working_final_ready,manor_hx_40302,manor,c_9,Eldham,hx_40302,T4_minor_or_low_capacity_manor,minor_lordship,Manor of Clerkwell,Manor of Clerkwell,Clerkwell,included_in_source_candidate_lock_view,accepted_unchanged,,,visible_public_name,false,false,false,false,false,false,false,false,false,false,false
manor:manor_hx_40304,manor_working_final_ready,manor_hx_40304,manor,c_9,Eldham,hx_40304,T4_minor_or_low_capacity_manor,minor_lordship,Manor of Bellcote Court,Manor of Bellcote Court,Bellcote Court,included_in_source_candidate_lock_view,accepted_unchanged,,,visible_public_name,false,false,false,false,false,false,false,false,false,false,false
manor:manor_hx_40311,manor_working_final_ready,manor_hx_40311,manor,c_9,Eldham,hx_40311,T2_seat_complex_or_strategic_manor,minor_lordship,Manor of Elderstow,Manor of Elderstow,Elderstow,included_in_source_candidate_lock_view,accepted_unchanged,,,visible_public_name,false,false,false,false,false,false,false,false,false,false,false
manor:manor_hx_40593,manor_working_final_ready,manor_hx_40593,manor,c_9,Eldham,hx_40593,T2_seat_complex_or_strategic_manor,minor_lordship,Manor of Warden Cell,Manor of Warden Cell,Warden Cell,included_in_source_candidate_lock_view,accepted_unchanged,,,visible_public_name,false,false,false,false,false,false,false,false,false,false,false
manor:manor_hx_40595,manor_working_final_ready,manor_hx_40595,manor,c_9,Eldham,hx_40595,T2_seat_complex_or_strategic_manor,minor_lordship,Manor of Roodcote,Manor of Roodcote,Roodcote,included_in_source_candidate_lock_view,accepted_unchanged,,,visible_public_name,false,false,false,false,false,false,false,false,false,false,false
manor:manor_hx_40602,manor_working_final_ready,manor_hx_40602,manor,c_9,Eldham,hx_40602,T2_seat_complex_or_strategic_manor,minor_lordship,Manor of Priorcote,Manor of Priorcote,Priorcote,included_in_source_candidate_lock_view,accepted_unchanged,,,visible_public_name,false,false,false,false,false,false,false,false,false,false,false
manor:manor_hx_40863,manor_working_final_ready,manor_hx_40863,manor,c_9,Eldham,hx_40863,T4_minor_or_low_capacity_manor,minor_lordship,Manor of Yewbury,Manor of Yewfold,Yewfold,included_in_source_candidate_lock_view,approved_name_repair_applied,PNC-REPAIR-016,,visible_public_name,false,false,false,false,false,false,false,false,false,false,false
manor:manor_hx_40871,manor_working_final_ready,manor_hx_40871,manor,c_9,Eldham,hx_40871,T2_seat_complex_or_strategic_manor,minor_lordship,Manor of Hallowton Court,Manor of Hallowton Court,Hallowton Court,included_in_source_candidate_lock_view,accepted_unchanged,,,visible_public_name,false,false,false,false,false,false,false,false,false,false,false
manor:manor_hx_40877,manor_working_final_ready,manor_hx_40877,manor,c_9,Eldham,hx_40877,T2_seat_complex_or_strategic_manor,minor_lordship,Manor of Roodcote Hall,Manor of Roodcote Hall,Roodcote Hall,included_in_source_candidate_lock_view,accepted_unchanged,,,visible_public_name,false,false,false,false,false,false,false,false,false,false,false
manor:manor_hx_41147,manor_working_final_ready,manor_hx_41147,manor,c_9,Eldham,hx_41147,T4_minor_or_low_capacity_manor,minor_lordship,Manor of Crossham,Manor of Crossham,Crossham,included_in_source_candidate_lock_view,accepted_unchanged,,,visible_public_name,false,false,false,false,false,false,false,false,false,false,false
manor:manor_hx_41149,manor_working_final_ready,manor_hx_41149,manor,c_9,Eldham,hx_41149,T4_minor_or_low_capacity_manor,minor_lordship,Manor of Oldham Hall,Manor of Oldham Hall,Oldham Hall,included_in_source_candidate_lock_view,accepted_unchanged,,,visible_public_name,false,false,false,false,false,false,false,false,false,false,false
manor:manor_hx_41424,manor_working_final_ready,manor_hx_41424,manor,c_9,Eldham,hx_41424,T4_minor_or_low_capacity_manor,minor_lordship,Manor of Abbeyton,Manor of Abbeyton,Abbeyton,included_in_source_candidate_lock_view,accepted_unchanged,,,visible_public_name,false,false,false,false,false,false,false,false,false,false,false
manor:manor_hx_41425,manor_working_final_ready,manor_hx_41425,manor,c_9,Eldham,hx_41425,T3_high_capacity_ordinary_manor,minor_lordship,Manor of Bedebury Hall,Manor of Bedebury Hall,Bedebury Hall,included_in_source_candidate_lock_view,accepted_unchanged,,,visible_public_name,false,false,false,false,false,false,false,false,false,false,false
manor:manor_hx_41436,manor_working_final_ready,manor_hx_41436,manor,c_9,Eldham,hx_41436,T2_seat_complex_or_strategic_manor,minor_lordship,Manor of Roodcote Court,Manor of Roodcote Court,Roodcote Court,included_in_source_candidate_lock_view,accepted_unchanged,,,visible_public_name,false,false,false,false,false,false,false,false,false,false,false
manor:manor_hx_41438,manor_working_final_ready,manor_hx_41438,manor,c_9,Eldham,hx_41438,T2_seat_complex_or_strategic_manor,minor_lordship,Manor of ElderWell,Manor of Elderwell,Elderwell,included_in_source_candidate_lock_view,approved_name_repair_applied,PNC-REPAIR-037,,visible_public_name,false,false,false,false,false,false,false,false,false,false,false
manor:manor_hx_41443,manor_working_final_ready,manor_hx_41443,manor,c_9,Eldham,hx_41443,T2_seat_complex_or_strategic_manor,minor_lordship,Manor of Wardenton,Manor of Wardenton,Wardenton,included_in_source_candidate_lock_view,accepted_unchanged,,,visible_public_name,false,false,false,false,false,false,false,false,false,false,false
manor:manor_hx_41712,manor_working_final_ready,manor_hx_41712,manor,c_9,Eldham,hx_41712,T4_minor_or_low_capacity_manor,minor_lordship,Manor of Oldham,Manor of Oldham,Oldham,included_in_source_candidate_lock_view,accepted_unchanged,,,visible_public_name,false,false,false,false,false,false,false,false,false,false,false
manor:manor_hx_41723,manor_working_final_ready,manor_hx_41723,manor,c_9,Eldham,hx_41723,T2_seat_complex_or_strategic_manor,minor_lordship,Manor of Bridgebury Hall,Manor of Bridgebury Hall,Bridgebury Hall,included_in_source_candidate_lock_view,accepted_unchanged,,,visible_public_name,false,false,false,false,false,false,false,false,false,false,false
manor:manor_hx_41726,manor_working_final_ready,manor_hx_41726,manor,c_9,Eldham,hx_41726,T2_seat_complex_or_strategic_manor,minor_lordship,Manor of Minsterworth,Manor of Minsterworth,Minsterworth,included_in_source_candidate_lock_view,accepted_unchanged,,,visible_public_name,false,false,false,false,false,false,false,false,false,false,false
manor:manor_hx_41982,manor_working_final_ready,manor_hx_41982,manor,c_9,Eldham,hx_41982,T4_minor_or_low_capacity_manor,minor_lordship,Manor of Bridgebank,Manor of Bridgebank,Bridgebank,included_in_source_candidate_lock_view,accepted_unchanged,,,visible_public_name,false,false,false,false,false,false,false,false,false,false,false
manor:manor_hx_41984,manor_working_final_ready,manor_hx_41984,manor,c_9,Eldham,hx_41984,T4_minor_or_low_capacity_manor,minor_lordship,Manor of Abbeyedge,Manor of Abbeyedge,Abbeyedge,included_in_source_candidate_lock_view,accepted_unchanged,,,visible_public_name,false,false,false,false,false,false,false,false,false,false,false
manor:manor_hx_41990,manor_working_final_ready,manor_hx_41990,manor,c_9,Eldham,hx_41990,T4_minor_or_low_capacity_manor,minor_lordship,Manor of Oldham Court,Manor of Oldham Court,Oldham Court,included_in_source_candidate_lock_view,accepted_unchanged,,,visible_public_name,false,false,false,false,false,false,false,false,false,false,false
manor:manor_hx_42001,manor_working_final_ready,manor_hx_42001,manor,c_9,Eldham,hx_42001,T2_seat_complex_or_strategic_manor,minor_lordship,Manor of Bridgestead Court,Manor of Bridgestead Court,Bridgestead Court,included_in_source_candidate_lock_view,accepted_unchanged,,,visible_public_name,false,false,false,false,false,false,false,false,false,false,false
manor:manor_hx_42005,manor_working_final_ready,manor_hx_42005,manor,c_9,Eldham,hx_42005,T2_seat_complex_or_strategic_manor,minor_lordship,Manor of Bridgebury Court,Manor of Bridgebury Court,Bridgebury Court,included_in_source_candidate_lock_view,accepted_unchanged,,,visible_public_name,false,false,false,false,false,false,false,false,false,false,false
manor:manor_hx_42272,manor_working_final_ready,manor_hx_42272,manor,c_9,Eldham,hx_42272,T3_high_capacity_ordinary_manor,minor_lordship,Manor of Abbeybury,Manor of Abbeybury,Abbeybury,included_in_source_candidate_lock_view,accepted_unchanged,,,visible_public_name,false,false,false,false,false,false,false,false,false,false,false
manor:manor_hx_42288,manor_working_final_ready,manor_hx_42288,manor,c_9,Eldham,hx_42288,T2_seat_complex_or_strategic_manor,minor_lordship,Manor of Candlestead,Manor of Candlestead,Candlestead,included_in_source_candidate_lock_view,accepted_unchanged,,,visible_public_name,false,false,false,false,false,false,false,false,false,false,false
manor:manor_hx_42549,manor_working_final_ready,manor_hx_42549,manor,c_9,Eldham,hx_42549,T3_high_capacity_ordinary_manor,minor_lordship,Manor of Bedebury Court,Manor of Bedebury Court,Bedebury Court,included_in_source_candidate_lock_view,accepted_unchanged,,,visible_public_name,false,false,false,false,false,false,false,false,false,false,false
manor:manor_hx_42551,manor_working_final_ready,manor_hx_42551,manor,c_9,Eldham,hx_42551,T3_high_capacity_ordinary_manor,minor_lordship,Manor of Bookworth Hall,Manor of Bookworth Hall,Bookworth Hall,included_in_source_candidate_lock_view,accepted_unchanged,,,visible_public_name,false,false,false,false,false,false,false,false,false,false,false
manor:manor_hx_42556,manor_working_final_ready,manor_hx_42556,manor,c_9,Eldham,hx_42556,T4_minor_or_low_capacity_manor,minor_lordship,Manor of Ashbury Hall,Manor of Ashbury Hall,Ashbury Hall,included_in_source_candidate_lock_view,accepted_unchanged,,,visible_public_name,false,false,false,false,false,false,false,false,false,false,false
manor:manor_hx_42558,manor_working_final_ready,manor_hx_42558,manor,c_9,Eldham,hx_42558,T4_minor_or_low_capacity_manor,minor_lordship,Manor of Ashbury Court,Manor of Ashbury Court,Ashbury Court,included_in_source_candidate_lock_view,accepted_unchanged,,,visible_public_name,false,false,false,false,false,false,false,false,false,false,false
manor:manor_hx_42561,manor_working_final_ready,manor_hx_42561,manor,c_9,Eldham,hx_42561,T3_high_capacity_ordinary_manor,minor_lordship,Manor of Limeham,Manor of Limeham,Limeham,included_in_source_candidate_lock_view,accepted_unchanged,,,visible_public_name,false,false,false,false,false,false,false,false,false,false,false
manor:manor_hx_42565,manor_working_final_ready,manor_hx_42565,manor,c_9,Eldham,hx_42565,T2_seat_complex_or_strategic_manor,minor_lordship,Manor of Candlestead Hall,Manor of Candlestead Hall,Candlestead Hall,included_in_source_candidate_lock_view,accepted_unchanged,,,visible_public_name,false,false,false,false,false,false,false,false,false,false,false
manor:manor_hx_42828,manor_working_final_ready,manor_hx_42828,manor,c_9,Eldham,hx_42828,T4_minor_or_low_capacity_manor,minor_lordship,Manor of Eldercote,Manor of Eldercote,Eldercote,included_in_source_candidate_lock_view,accepted_unchanged,,,visible_public_name,false,false,false,false,false,false,false,false,false,false,false
manor:manor_hx_42835,manor_working_final_ready,manor_hx_42835,manor,c_9,Eldham,hx_42835,T4_minor_or_low_capacity_manor,minor_lordship,Manor of Bookworth Court,Manor of Bookworth Court,Bookworth Court,included_in_source_candidate_lock_view,accepted_unchanged,,,visible_public_name,false,false,false,false,false,false,false,false,false,false,false
manor:manor_hx_42847,manor_working_final_ready,manor_hx_42847,manor,c_9,Eldham,hx_42847,T2_seat_complex_or_strategic_manor,minor_lordship,Manor of Candlestead Court,Manor of Candlestead Court,Candlestead Court,included_in_source_candidate_lock_view,accepted_unchanged,,,visible_public_name,false,false,false,false,false,false,false,false,false,false,false
manor:manor_hx_43118,manor_working_final_ready,manor_hx_43118,manor,c_9,Eldham,hx_43118,T4_minor_or_low_capacity_manor,minor_lordship,Manor of Abbeyfield,Manor of Abbeyfield,Abbeyfield,included_in_source_candidate_lock_view,accepted_unchanged,,,visible_public_name,false,false,false,false,false,false,false,false,false,false,false
manor:manor_hx_43120,manor_working_final_ready,manor_hx_43120,manor,c_9,Eldham,hx_43120,T3_high_capacity_ordinary_manor,minor_lordship,Manor of SextonCourt,Manor of SextonCourt,SextonCourt,included_in_source_candidate_lock_view,accepted_unchanged,,,visible_public_name,false,false,false,false,false,false,false,false,false,false,false
manor:manor_hx_43405,manor_working_final_ready,manor_hx_43405,manor,c_9,Eldham,hx_43405,T4_minor_or_low_capacity_manor,minor_lordship,Manor of Lenten Hay,Manor of Lenten Hay,Lenten Hay,included_in_source_candidate_lock_view,accepted_unchanged,,,visible_public_name,false,false,false,false,false,false,false,false,false,false,false
manor:manor_hx_43412,manor_working_final_ready,manor_hx_43412,manor,c_9,Eldham,hx_43412,T4_minor_or_low_capacity_manor,minor_lordship,Manor of Oldwell,Manor of Oldwell,Oldwell,included_in_source_candidate_lock_view,accepted_unchanged,,,visible_public_name,false,false,false,false,false,false,false,false,false,false,false
manor:manor_hx_43678,manor_working_final_ready,manor_hx_43678,manor,c_9,Eldham,hx_43678,T4_minor_or_low_capacity_manor,minor_lordship,Manor of Abbeyfield Hall,Manor of Abbeyfield Hall,Abbeyfield Hall,included_in_source_candidate_lock_view,accepted_unchanged,,,visible_public_name,false,false,false,false,false,false,false,false,false,false,false
manor:manor_hx_43961,manor_working_final_ready,manor_hx_43961,manor,c_9,Eldham,hx_43961,T3_high_capacity_ordinary_manor,minor_lordship,Manor of Bedeton Court,Manor of Bedeton Court,Bedeton Court,included_in_source_candidate_lock_view,accepted_unchanged,,,visible_public_name,false,false,false,false,false,false,false,false,false,false,false
manor:manor_hx_43965,manor_working_final_ready,manor_hx_43965,manor,c_9,Eldham,hx_43965,T4_minor_or_low_capacity_manor,minor_lordship,Manor of Roodwick,Manor of Roodwick,Roodwick,included_in_source_candidate_lock_view,accepted_unchanged,,,visible_public_name,false,false,false,false,false,false,false,false,false,false,false
manor:manor_hx_43973,manor_working_final_ready,manor_hx_43973,manor,c_9,Eldham,hx_43973,T3_high_capacity_ordinary_manor,minor_lordship,Manor of Lentenbury,Manor of Lentenbury,Lentenbury,included_in_source_candidate_lock_view,accepted_unchanged,,,visible_public_name,false,false,false,false,false,false,false,false,false,false,false
manor:manor_hx_44247,manor_working_final_ready,manor_hx_44247,manor,c_9,Eldham,hx_44247,T4_minor_or_low_capacity_manor,minor_lordship,Manor of Candleton,Manor of Candleton,Candleton,included_in_source_candidate_lock_view,accepted_unchanged,,,visible_public_name,false,false,false,false,false,false,false,false,false,false,false
manor:manor_hx_44533,manor_working_final_ready,manor_hx_44533,manor,c_9,Eldham,hx_44533,T3_high_capacity_ordinary_manor,minor_lordship,Manor of Sexton Hall,Manor of Sexton Hall,Sexton Hall,included_in_source_candidate_lock_view,accepted_unchanged,,,visible_public_name,false,false,false,false,false,false,false,false,false,false,false
manor:manor_hx_44806,manor_working_final_ready,manor_hx_44806,manor,c_9,Eldham,hx_44806,T4_minor_or_low_capacity_manor,minor_lordship,Manor of Candleton Court,Manor of Candleton Court,Candleton Court,included_in_source_candidate_lock_view,accepted_unchanged,,,visible_public_name,false,false,false,false,false,false,false,false,false,false,false
