manor_id,seat_hex_id,county_id,primary_role,seat_roles,seat_archetype,hex_count,total_net_productive_capacity,avg_water_access_score,avg_buildability_score,route_access_score,route_degree,territorial_degree,estimated_peasant_households,manor_size_class,capacity_quantile_band,holding_id,holding_type,holding_tier,bishopric_id,archbishopric_id,immediate_lord_actor_id,superior_lord_actor_id,holder_actor_id,holder_actor_type,church_holder_kind,tenure_basis,service_basis,default_succession_incidents,forest_overlay_status,vacancy_rule_family,is_elite,was_repaired,was_merged,was_split,residual_share
manor_hx_26597,hx_26597,c_2,,,strategic,76,36.3994,0.8816,0.4021,0.2372,6,6,115,large,top,church_fief_hx_28841,church_fief,direct,bishopric_hx_31094,archbishopric_01,actor_abbey_hx_28841,actor_crown,actor_abbey_hx_28841,abbey,abbey,church_temporalities,temporal_service|court_attendance|servitium_regis,ecclesiastical_vacancy,inactive,ecclesiastical_temporalities_in_hand,false,false,false,true,
manor_hx_27972,hx_27972,c_6,baronial_seat,baronial_seat,elite,4,3.9144,0.8333,0.96,0.3631,3,3,6,small,middle,barony_hx_27972,barony,mesne,bishopric_hx_35003,archbishopric_02,actor_baron_hx_27972,actor_crown,actor_baron_hx_27972,baron,,baronial_tenure,counsel_and_attendance|military_service|mesne_lordship,relief|wardship|marriage_right|escheat|forfeiture,inactive,lay_escheat,true,false,false,false,
manor_hx_27973,hx_27973,c_6,,,ordinary,68,38.6331,0.8468,0.5085,0.3404,4,5,110,large,top,church_fief_hx_29372,church_fief,direct,bishopric_hx_35003,archbishopric_02,actor_abbey_hx_29372,actor_crown,actor_abbey_hx_29372,abbey,abbey,church_temporalities,temporal_service|court_attendance|servitium_regis,ecclesiastical_vacancy,inactive,ecclesiastical_temporalities_in_hand,false,false,false,false,
manor_hx_28538,hx_28538,c_6,,,ordinary,63,34.537,0.869,0.487,0.2269,3,3,36,medium,top,barony_hx_29371,barony,mesne,bishopric_hx_35003,archbishopric_02,actor_baron_hx_29371,actor_crown,actor_baron_hx_29371,baron,,baronial_tenure,counsel_and_attendance|military_service|mesne_lordship,relief|wardship|marriage_right|escheat|forfeiture,inactive,lay_escheat,false,false,false,false,
manor_hx_28811,hx_28811,c_6,,,ordinary,115,66.1061,0.6768,0.5318,0.3593,5,5,143,large,top,church_fief_hx_29372,church_fief,direct,bishopric_hx_35003,archbishopric_02,actor_abbey_hx_29372,actor_crown,actor_abbey_hx_29372,abbey,abbey,church_temporalities,temporal_service|court_attendance|servitium_regis,ecclesiastical_vacancy,inactive,ecclesiastical_temporalities_in_hand,false,false,false,false,
manor_hx_28840,hx_28840,c_2,baronial_seat,baronial_seat,elite,4,2.937,0.8125,0.7,0.4448,2,2,6,small,bottom,barony_hx_28840,barony,mesne,bishopric_hx_31094,archbishopric_01,actor_baron_hx_28840,actor_crown,actor_baron_hx_28840,baron,,baronial_tenure,counsel_and_attendance|military_service|mesne_lordship,relief|wardship|marriage_right|escheat|forfeiture,inactive,lay_escheat,true,false,false,false,
manor_hx_28841,hx_28841,c_2,abbey_site,abbey_site,elite,4,2.6192,0.9167,0.585,0.4745,3,2,11,small,bottom,church_fief_hx_28841,church_fief,direct,bishopric_hx_31094,archbishopric_01,actor_abbey_hx_28841,actor_crown,actor_abbey_hx_28841,abbey,abbey,church_temporalities,temporal_service|court_attendance|servitium_regis,ecclesiastical_vacancy,inactive,ecclesiastical_temporalities_in_hand,true,false,false,false,
manor_hx_29096,hx_29096,c_6,,,ordinary,12,11.3214,0.6806,0.96,0.2823,6,6,48,medium,middle,barony_hx_29371,barony,mesne,bishopric_hx_35003,archbishopric_02,actor_baron_hx_29371,actor_crown,actor_baron_hx_29371,baron,,baronial_tenure,counsel_and_attendance|military_service|mesne_lordship,relief|wardship|marriage_right|escheat|forfeiture,inactive,lay_escheat,false,false,false,false,
manor_hx_29126,hx_29126,c_1,baronial_seat,baronial_seat,elite,4,2.2104,0.9792,0.38,0.3712,3,2,13,small,bottom,barony_hx_29126,barony,mesne,bishopric_hx_31094,archbishopric_01,actor_baron_hx_29126,actor_crown,actor_baron_hx_29126,baron,,baronial_tenure,counsel_and_attendance|military_service|mesne_lordship,relief|wardship|marriage_right|escheat|forfeiture,inactive,lay_escheat,true,false,false,false,
manor_hx_29369,hx_29369,c_6,,,ordinary,93,58.0231,0.5631,0.6284,0.3336,4,5,146,large,top,barony_hx_29371,barony,mesne,bishopric_hx_35003,archbishopric_02,actor_baron_hx_29371,actor_crown,actor_baron_hx_29371,baron,,baronial_tenure,counsel_and_attendance|military_service|mesne_lordship,relief|wardship|marriage_right|escheat|forfeiture,inactive,lay_escheat,false,false,false,false,
manor_hx_29371,hx_29371,c_6,baronial_seat,baronial_seat,elite,4,3.723,0.625,0.96,0.3849,4,4,9,small,bottom,barony_hx_29371,barony,mesne,bishopric_hx_35003,archbishopric_02,actor_baron_hx_29371,actor_crown,actor_baron_hx_29371,baron,,baronial_tenure,counsel_and_attendance|military_service|mesne_lordship,relief|wardship|marriage_right|escheat|forfeiture,inactive,lay_escheat,true,false,false,false,
manor_hx_29372,hx_29372,c_6,abbey_site,abbey_site,elite,4,3.7421,0.6458,0.96,0.4106,4,6,11,small,bottom,church_fief_hx_29372,church_fief,direct,bishopric_hx_35003,archbishopric_02,actor_abbey_hx_29372,actor_crown,actor_abbey_hx_29372,abbey,abbey,church_temporalities,temporal_service|court_attendance|servitium_regis,ecclesiastical_vacancy,inactive,ecclesiastical_temporalities_in_hand,true,false,false,false,
manor_hx_29412,hx_29412,c_1,baronial_seat,baronial_seat,elite,4,2.9404,0.8333,0.7,0.4724,3,3,13,small,bottom,barony_hx_29412,barony,mesne,bishopric_hx_31094,archbishopric_01,actor_baron_hx_29412,actor_crown,actor_baron_hx_29412,baron,,baronial_tenure,counsel_and_attendance|military_service|mesne_lordship,relief|wardship|marriage_right|escheat|forfeiture,inactive,lay_escheat,true,false,false,false,
manor_hx_29660,hx_29660,c_6,,,ordinary,59,39.5991,0.8093,0.6092,0.2053,6,6,127,large,top,barony_hx_34437,barony,mesne,bishopric_hx_35003,archbishopric_02,actor_baron_hx_34437,actor_crown,actor_baron_hx_34437,baron,,baronial_tenure,counsel_and_attendance|military_service|mesne_lordship,relief|wardship|marriage_right|escheat|forfeiture,inactive,lay_escheat,false,false,false,false,
manor_hx_29691,hx_29691,c_1,abbey_site,abbey_site,elite,4,3.6462,0.7084,0.96,0.5399,3,3,11,small,bottom,church_fief_hx_29691,church_fief,direct,bishopric_hx_31094,archbishopric_01,actor_abbey_hx_29691,actor_crown,actor_abbey_hx_29691,abbey,abbey,church_temporalities,temporal_service|court_attendance|servitium_regis,ecclesiastical_vacancy,inactive,ecclesiastical_temporalities_in_hand,true,false,false,false,
manor_hx_29933,hx_29933,c_6,,,ordinary,15,13.0399,0.35,0.96,0.3593,6,7,21,medium,middle,barony_hx_29371,barony,mesne,bishopric_hx_35003,archbishopric_02,actor_baron_hx_29371,actor_crown,actor_baron_hx_29371,baron,,baronial_tenure,counsel_and_attendance|military_service|mesne_lordship,relief|wardship|marriage_right|escheat|forfeiture,inactive,lay_escheat,false,false,false,false,
manor_hx_30217,hx_30217,c_6,,,ordinary,16,14.1634,0.4219,0.96,0.2823,5,5,30,medium,middle,barony_hx_29371,barony,mesne,bishopric_hx_35003,archbishopric_02,actor_baron_hx_29371,actor_crown,actor_baron_hx_29371,baron,,baronial_tenure,counsel_and_attendance|military_service|mesne_lordship,relief|wardship|marriage_right|escheat|forfeiture,inactive,lay_escheat,false,false,false,false,
manor_hx_30260,hx_30260,c_1,abbey_site,abbey_site,elite,4,2.5826,0.9375,0.525,0.4075,2,2,9,small,bottom,church_fief_hx_30260,church_fief,direct,bishopric_hx_31094,archbishopric_01,actor_abbey_hx_30260,actor_crown,actor_abbey_hx_30260,abbey,abbey,church_temporalities,temporal_service|court_attendance|servitium_regis,ecclesiastical_vacancy,inactive,ecclesiastical_temporalities_in_hand,true,false,false,false,
manor_hx_30262,hx_30262,c_1,baronial_seat,baronial_seat,elite,4,2.9528,1,0.61,0.3566,1,2,11,small,bottom,barony_hx_30262,barony,mesne,bishopric_hx_31094,archbishopric_01,actor_baron_hx_30262,actor_crown,actor_baron_hx_30262,baron,,baronial_tenure,counsel_and_attendance|military_service|mesne_lordship,relief|wardship|marriage_right|escheat|forfeiture,inactive,lay_escheat,true,false,false,false,
manor_hx_30491,hx_30491,c_6,,,ordinary,110,67.4226,0.3143,0.6464,0.2823,5,5,150,large,top,barony_hx_29371,barony,mesne,bishopric_hx_35003,archbishopric_02,actor_baron_hx_29371,actor_crown,actor_baron_hx_29371,baron,,baronial_tenure,counsel_and_attendance|military_service|mesne_lordship,relief|wardship|marriage_right|escheat|forfeiture,inactive,lay_escheat,false,false,false,false,
manor_hx_30535,hx_30535,c_1,,,ordinary,56,28.8557,0.8839,0.4429,0.4668,7,7,44,medium,top,barony_hx_29412,barony,mesne,bishopric_hx_31094,archbishopric_01,actor_baron_hx_29412,actor_crown,actor_baron_hx_29412,baron,,baronial_tenure,counsel_and_attendance|military_service|mesne_lordship,relief|wardship|marriage_right|escheat|forfeiture,inactive,lay_escheat,false,false,false,false,
manor_hx_30811,hx_30811,c_1,,,ordinary,62,36.0363,0.8858,0.5013,0.4668,10,10,30,medium,top,barony_hx_31093,barony,mesne,bishopric_hx_31094,archbishopric_01,actor_baron_hx_31093,actor_crown,actor_baron_hx_31093,baron,,baronial_tenure,counsel_and_attendance|military_service|mesne_lordship,relief|wardship|marriage_right|escheat|forfeiture,inactive,lay_escheat,false,false,false,true,
manor_hx_31061,hx_31061,c_6,,,ordinary,66,40.633,0.7096,0.5812,0.1796,4,6,80,large,top,barony_hx_34437,barony,mesne,bishopric_hx_35003,archbishopric_02,actor_baron_hx_34437,actor_crown,actor_baron_hx_34437,baron,,baronial_tenure,counsel_and_attendance|military_service|mesne_lordship,relief|wardship|marriage_right|escheat|forfeiture,inactive,lay_escheat,false,false,false,false,
manor_hx_31093,hx_31093,c_1,baronial_seat,baronial_seat,elite,4,3.723,0.625,0.96,0.5386,3,3,8,small,bottom,barony_hx_31093,barony,mesne,bishopric_hx_31094,archbishopric_01,actor_baron_hx_31093,actor_crown,actor_baron_hx_31093,baron,,baronial_tenure,counsel_and_attendance|military_service|mesne_lordship,relief|wardship|marriage_right|escheat|forfeiture,inactive,lay_escheat,true,false,false,false,
manor_hx_31094,hx_31094,c_1,county_seat,county_seat|bishop_seat|market_town,elite,11,10.0548,0.5758,0.96,0.5745,4,4,9,small,middle,church_fief_hx_31094,church_fief,direct,bishopric_hx_31094,archbishopric_01,actor_bishopric_hx_31094,actor_crown,actor_bishopric_hx_31094,bishopric,bishopric,church_temporalities,temporal_service|court_attendance|servitium_regis,ecclesiastical_vacancy,inactive,ecclesiastical_temporalities_in_hand,true,false,false,false,
manor_hx_31099,hx_31099,c_1,,,ordinary,38,24.8846,0.807,0.6053,0.395,5,6,56,medium,top,barony_hx_30262,barony,mesne,bishopric_hx_31094,archbishopric_01,actor_baron_hx_30262,actor_crown,actor_baron_hx_30262,baron,,baronial_tenure,counsel_and_attendance|military_service|mesne_lordship,relief|wardship|marriage_right|escheat|forfeiture,inactive,lay_escheat,false,false,false,false,
manor_hx_31338,hx_31338,c_6,,,ordinary,109,65.0495,0.7087,0.5593,0.231,7,8,132,large,top,barony_hx_29371,barony,mesne,bishopric_hx_35003,archbishopric_02,actor_baron_hx_29371,actor_crown,actor_baron_hx_29371,baron,,baronial_tenure,counsel_and_attendance|military_service|mesne_lordship,relief|wardship|marriage_right|escheat|forfeiture,inactive,lay_escheat,false,false,false,false,
manor_hx_31643,hx_31643,c_2,abbey_site,abbey_site,elite,4,2.2582,0.8125,0.5,0.5353,3,3,9,small,bottom,church_fief_hx_31643,church_fief,direct,bishopric_hx_32485,archbishopric_02,actor_abbey_hx_31643,actor_crown,actor_abbey_hx_31643,abbey,abbey,church_temporalities,temporal_service|court_attendance|servitium_regis,ecclesiastical_vacancy,inactive,ecclesiastical_temporalities_in_hand,true,false,false,false,
manor_hx_31655,hx_31655,c_1,,,ordinary,20,17.5872,0.3958,0.96,0.5027,9,9,34,medium,middle,barony_hx_32219,barony,mesne,bishopric_hx_31094,archbishopric_01,actor_baron_hx_32219,actor_crown,actor_baron_hx_32219,baron,,baronial_tenure,counsel_and_attendance|military_service|mesne_lordship,relief|wardship|marriage_right|escheat|forfeiture,inactive,lay_escheat,false,false,false,false,
manor_hx_31932,hx_31932,c_1,,,ordinary,13,10.9762,0.641,0.8538,0.395,5,5,52,medium,middle,barony_hx_31093,barony,mesne,bishopric_hx_31094,archbishopric_01,actor_baron_hx_31093,actor_crown,actor_baron_hx_31093,baron,,baronial_tenure,counsel_and_attendance|military_service|mesne_lordship,relief|wardship|marriage_right|escheat|forfeiture,inactive,lay_escheat,false,false,false,false,
manor_hx_32204,hx_32204,c_2,baronial_seat,baronial_seat,elite,4,3.2831,0.5625,0.845,0.6176,3,4,8,small,bottom,barony_hx_32204,barony,mesne,bishopric_hx_32485,archbishopric_02,actor_baron_hx_32204,actor_crown,actor_baron_hx_32204,baron,,baronial_tenure,counsel_and_attendance|military_service|mesne_lordship,relief|wardship|marriage_right|escheat|forfeiture,inactive,lay_escheat,true,false,false,false,
manor_hx_32209,hx_32209,c_2,,,ordinary,78,39.1673,0.8483,0.4285,0.4961,9,10,107,large,top,church_fief_hx_32485,church_fief,direct,bishopric_hx_32485,archbishopric_02,actor_bishopric_hx_32485,actor_crown,actor_bishopric_hx_32485,bishopric,bishopric,church_temporalities,temporal_service|court_attendance|servitium_regis,ecclesiastical_vacancy,inactive,ecclesiastical_temporalities_in_hand,false,false,false,false,
manor_hx_32219,hx_32219,c_1,baronial_seat,baronial_seat,elite,4,3.6288,0.5208,0.96,0.4438,3,3,12,small,bottom,barony_hx_32219,barony,mesne,bishopric_hx_31094,archbishopric_01,actor_baron_hx_32219,actor_crown,actor_baron_hx_32219,baron,,baronial_tenure,counsel_and_attendance|military_service|mesne_lordship,relief|wardship|marriage_right|escheat|forfeiture,inactive,lay_escheat,true,false,false,false,
manor_hx_32221,hx_32221,c_1,,,ordinary,23,17.7074,0.7355,0.7591,0.3883,5,5,49,medium,middle,barony_hx_32219,barony,mesne,bishopric_hx_31094,archbishopric_01,actor_baron_hx_32219,actor_crown,actor_baron_hx_32219,baron,,baronial_tenure,counsel_and_attendance|military_service|mesne_lordship,relief|wardship|marriage_right|escheat|forfeiture,inactive,lay_escheat,false,false,false,false,
manor_hx_32475,hx_32475,c_2,baronial_seat,baronial_seat,elite,4,2.2165,0.9584,0.41,0.4094,1,1,8,small,bottom,barony_hx_32475,barony,mesne,bishopric_hx_35003,archbishopric_02,actor_baron_hx_32475,actor_crown,actor_baron_hx_32475,baron,,baronial_tenure,counsel_and_attendance|military_service|mesne_lordship,relief|wardship|marriage_right|escheat|forfeiture,inactive,lay_escheat,true,false,false,false,
manor_hx_32485,hx_32485,c_2,county_seat,county_seat|bishop_seat|market_town,elite,9,8.1045,0.4907,0.96,0.6588,5,6,10,small,middle,church_fief_hx_32485,church_fief,direct,bishopric_hx_32485,archbishopric_02,actor_bishopric_hx_32485,actor_crown,actor_bishopric_hx_32485,bishopric,bishopric,church_temporalities,temporal_service|court_attendance|servitium_regis,ecclesiastical_vacancy,inactive,ecclesiastical_temporalities_in_hand,true,false,false,false,
manor_hx_32760,hx_32760,c_2,abbey_site,abbey_site,elite,4,2.157,0.7084,0.5,0.5955,3,3,12,small,bottom,church_fief_hx_32760,church_fief,direct,bishopric_hx_32485,archbishopric_02,actor_abbey_hx_32760,actor_crown,actor_abbey_hx_32760,abbey,abbey,church_temporalities,temporal_service|court_attendance|servitium_regis,ecclesiastical_vacancy,inactive,ecclesiastical_temporalities_in_hand,true,false,false,false,
manor_hx_32768,hx_32768,c_2,,,ordinary,9,7.8523,0.5556,0.9089,0.5353,5,4,11,small,middle,barony_hx_32770,barony,mesne,bishopric_hx_32485,archbishopric_02,actor_baron_hx_32770,actor_crown,actor_baron_hx_32770,baron,,baronial_tenure,counsel_and_attendance|military_service|mesne_lordship,relief|wardship|marriage_right|escheat|forfeiture,inactive,lay_escheat,false,true,false,false,
manor_hx_32770,hx_32770,c_2,baronial_seat,baronial_seat,elite,4,3.5728,0.4584,0.96,0.5724,4,4,9,small,bottom,barony_hx_32770,barony,mesne,bishopric_hx_32485,archbishopric_02,actor_baron_hx_32770,actor_crown,actor_baron_hx_32770,baron,,baronial_tenure,counsel_and_attendance|military_service|mesne_lordship,relief|wardship|marriage_right|escheat|forfeiture,inactive,lay_escheat,true,false,false,false,
manor_hx_32802,hx_32802,c_3,baronial_seat,baronial_seat,elite,4,2.5783,0.8542,0.615,0.4012,4,4,12,small,bottom,barony_hx_32802,barony,mesne,bishopric_hx_34487,archbishopric_01,actor_baron_hx_32802,actor_crown,actor_baron_hx_32802,baron,,baronial_tenure,counsel_and_attendance|military_service|mesne_lordship,relief|wardship|marriage_right|escheat|forfeiture,inactive,lay_escheat,true,false,false,false,
manor_hx_33050,hx_33050,c_2,abbey_site,abbey_site,elite,4,3.4804,0.3541,0.96,0.6106,4,5,10,small,bottom,church_fief_hx_33050,church_fief,direct,bishopric_hx_32485,archbishopric_02,actor_abbey_hx_33050,actor_crown,actor_abbey_hx_33050,abbey,abbey,church_temporalities,temporal_service|court_attendance|servitium_regis,ecclesiastical_vacancy,inactive,ecclesiastical_temporalities_in_hand,true,false,false,false,
manor_hx_33053,hx_33053,c_2,,,ordinary,23,19.5732,0.2662,0.96,0.4961,7,7,50,medium,top,barony_hx_32770,barony,mesne,bishopric_hx_32485,archbishopric_02,actor_baron_hx_32770,actor_crown,actor_baron_hx_32770,baron,,baronial_tenure,counsel_and_attendance|military_service|mesne_lordship,relief|wardship|marriage_right|escheat|forfeiture,inactive,lay_escheat,false,false,false,false,
manor_hx_33083,hx_33083,c_3,abbey_site,abbey_site,elite,4,3.7208,0.7916,0.96,0.4413,3,3,13,small,bottom,church_fief_hx_33083,church_fief,direct,bishopric_hx_34487,archbishopric_01,actor_abbey_hx_33083,actor_crown,actor_abbey_hx_33083,abbey,abbey,church_temporalities,temporal_service|court_attendance|servitium_regis,ecclesiastical_vacancy,inactive,ecclesiastical_temporalities_in_hand,true,false,false,false,
manor_hx_33325,hx_33325,c_2,,,ordinary,83,43.6098,0.7741,0.4827,0.5353,11,11,106,large,top,church_fief_hx_32485,church_fief,direct,bishopric_hx_32485,archbishopric_02,actor_bishopric_hx_32485,actor_crown,actor_bishopric_hx_32485,bishopric,bishopric,church_temporalities,temporal_service|court_attendance|servitium_regis,ecclesiastical_vacancy,inactive,ecclesiastical_temporalities_in_hand,false,false,false,false,
manor_hx_33329,hx_33329,c_2,,,ordinary,23,18.9555,0.1426,0.96,0.5343,7,7,39,medium,middle,barony_hx_32770,barony,mesne,bishopric_hx_32485,archbishopric_02,actor_baron_hx_32770,actor_crown,actor_baron_hx_32770,baron,,baronial_tenure,counsel_and_attendance|military_service|mesne_lordship,relief|wardship|marriage_right|escheat|forfeiture,inactive,lay_escheat,false,false,false,false,
manor_hx_33338,hx_33338,c_1,,,ordinary,21,18.3423,0.369,0.96,0.3924,7,9,25,medium,middle,barony_hx_32219,barony,mesne,bishopric_hx_31094,archbishopric_01,actor_baron_hx_32219,actor_crown,actor_baron_hx_32219,baron,,baronial_tenure,counsel_and_attendance|military_service|mesne_lordship,relief|wardship|marriage_right|escheat|forfeiture,inactive,lay_escheat,false,false,false,false,
manor_hx_33344,hx_33344,c_1,,,ordinary,35,24.0943,0.6167,0.6709,0.3051,2,3,36,medium,top,barony_hx_32219,barony,mesne,bishopric_hx_31094,archbishopric_01,actor_baron_hx_32219,actor_crown,actor_baron_hx_32219,baron,,baronial_tenure,counsel_and_attendance|military_service|mesne_lordship,relief|wardship|marriage_right|escheat|forfeiture,inactive,lay_escheat,false,false,false,false,
manor_hx_33645,hx_33645,c_3,,,ordinary,9,8.3647,0.7315,0.96,0.5215,5,5,19,small,middle,barony_hx_32802,barony,mesne,bishopric_hx_34487,archbishopric_01,actor_baron_hx_32802,actor_crown,actor_baron_hx_32802,baron,,baronial_tenure,counsel_and_attendance|military_service|mesne_lordship,relief|wardship|marriage_right|escheat|forfeiture,inactive,lay_escheat,false,true,false,false,
manor_hx_33878,hx_33878,c_2,,,ordinary,90,45.7721,0.8389,0.4324,0.4011,10,10,114,large,top,church_fief_hx_34157,church_fief,direct,bishopric_hx_35003,archbishopric_02,actor_abbey_hx_34157,actor_crown,actor_abbey_hx_34157,abbey,abbey,church_temporalities,temporal_service|court_attendance|servitium_regis,ecclesiastical_vacancy,inactive,ecclesiastical_temporalities_in_hand,false,false,false,false,
manor_hx_33886,hx_33886,c_2,baronial_seat,baronial_seat,elite,4,3.4256,0.2916,0.96,0.6098,2,2,16,small,bottom,barony_hx_33886,barony,mesne,bishopric_hx_32485,archbishopric_02,actor_baron_hx_33886,actor_crown,actor_baron_hx_33886,baron,,baronial_tenure,counsel_and_attendance|military_service|mesne_lordship,relief|wardship|marriage_right|escheat|forfeiture,inactive,lay_escheat,true,false,false,false,
manor_hx_33900,hx_33900,c_1,abbey_site,abbey_site,elite,4,3.7041,0.6042,0.96,0.4485,4,4,8,small,bottom,church_fief_hx_33900,church_fief,direct,bishopric_hx_31094,archbishopric_01,actor_abbey_hx_33900,actor_crown,actor_abbey_hx_33900,abbey,abbey,church_temporalities,temporal_service|court_attendance|servitium_regis,ecclesiastical_vacancy,inactive,ecclesiastical_temporalities_in_hand,true,false,false,false,
manor_hx_33915,hx_33915,c_5,abbey_site,abbey_site,elite,4,3.6497,0.7292,0.96,0.4375,1,1,9,small,bottom,church_fief_hx_33915,church_fief,direct,bishopric_hx_34487,archbishopric_01,actor_abbey_hx_33915,actor_crown,actor_abbey_hx_33915,abbey,abbey,church_temporalities,temporal_service|court_attendance|servitium_regis,ecclesiastical_vacancy,inactive,ecclesiastical_temporalities_in_hand,true,false,false,false,
manor_hx_34157,hx_34157,c_2,abbey_site,abbey_site,elite,4,3.632,0.625,0.96,0.3646,3,3,15,small,bottom,church_fief_hx_34157,church_fief,direct,bishopric_hx_35003,archbishopric_02,actor_abbey_hx_34157,actor_crown,actor_abbey_hx_34157,abbey,abbey,church_temporalities,temporal_service|court_attendance|servitium_regis,ecclesiastical_vacancy,inactive,ecclesiastical_temporalities_in_hand,true,false,false,false,
manor_hx_34162,hx_34162,c_2,,,ordinary,12,9.3322,0.5278,0.8067,0.474,5,5,14,small,middle,barony_hx_33886,barony,mesne,bishopric_hx_35003,archbishopric_02,actor_baron_hx_33886,actor_crown,actor_baron_hx_33886,baron,,baronial_tenure,counsel_and_attendance|military_service|mesne_lordship,relief|wardship|marriage_right|escheat|forfeiture,inactive,lay_escheat,false,false,false,false,
manor_hx_34181,hx_34181,c_2,baronial_seat,baronial_seat,elite,4,3.8183,0.7292,0.96,0.4205,4,4,12,small,middle,barony_hx_34181,barony,mesne,bishopric_hx_31094,archbishopric_01,actor_baron_hx_34181,actor_crown,actor_baron_hx_34181,baron,,baronial_tenure,counsel_and_attendance|military_service|mesne_lordship,relief|wardship|marriage_right|escheat|forfeiture,inactive,lay_escheat,true,false,false,false,
manor_hx_34183,hx_34183,c_2,,,ordinary,17,13.855,0.7206,0.7976,0.3644,6,6,33,medium,middle,barony_hx_34181,barony,mesne,bishopric_hx_31094,archbishopric_01,actor_baron_hx_34181,actor_crown,actor_baron_hx_34181,baron,,baronial_tenure,counsel_and_attendance|military_service|mesne_lordship,relief|wardship|marriage_right|escheat|forfeiture,inactive,lay_escheat,false,false,false,false,
manor_hx_34196,hx_34196,c_5,,,ordinary,15,11.199,0.6722,0.7453,0.4667,3,4,35,medium,middle,barony_hx_34476,barony,mesne,bishopric_hx_34487,archbishopric_01,actor_baron_hx_34476,actor_crown,actor_baron_hx_34476,baron,,baronial_tenure,counsel_and_attendance|military_service|mesne_lordship,relief|wardship|marriage_right|escheat|forfeiture,inactive,lay_escheat,false,false,false,false,
manor_hx_34201,hx_34201,c_3,baronial_seat,baronial_seat,elite,4,3.7642,0.7708,0.96,0.5175,2,4,9,small,bottom,barony_hx_34201,barony,mesne,bishopric_hx_34487,archbishopric_01,actor_baron_hx_34201,actor_crown,actor_baron_hx_34201,baron,,baronial_tenure,counsel_and_attendance|military_service|mesne_lordship,relief|wardship|marriage_right|escheat|forfeiture,inactive,lay_escheat,true,false,false,false,
manor_hx_34209,hx_34209,c_3,,,ordinary,22,11.3912,0.8788,0.4564,0.5215,7,7,36,medium,middle,barony_hx_34488,barony,mesne,bishopric_hx_34487,archbishopric_01,actor_baron_hx_34488,actor_crown,actor_baron_hx_34488,baron,,baronial_tenure,counsel_and_attendance|military_service|mesne_lordship,relief|wardship|marriage_right|escheat|forfeiture,inactive,lay_escheat,false,false,false,false,
manor_hx_34402,hx_34402,c_8,,,ordinary,80,47.9215,0.1859,0.6825,0.3699,4,5,117,large,top,barony_hx_34404,barony,mesne,bishopric_hx_39744,archbishopric_02,actor_baron_hx_34404,actor_crown,actor_baron_hx_34404,baron,,baronial_tenure,counsel_and_attendance|military_service|mesne_lordship,relief|wardship|marriage_right|escheat|forfeiture,inactive,lay_escheat,false,false,false,false,
manor_hx_34404,hx_34404,c_8,baronial_seat,baronial_seat,elite,4,3.4804,0.3541,0.96,0.4227,3,3,12,small,bottom,barony_hx_34404,barony,mesne,bishopric_hx_39744,archbishopric_02,actor_baron_hx_34404,actor_crown,actor_baron_hx_34404,baron,,baronial_tenure,counsel_and_attendance|military_service|mesne_lordship,relief|wardship|marriage_right|escheat|forfeiture,inactive,lay_escheat,true,false,false,false,
manor_hx_34437,hx_34437,c_6,baronial_seat,baronial_seat,elite,4,3.7266,0.6459,0.96,0.3646,4,4,11,small,bottom,barony_hx_34437,barony,mesne,bishopric_hx_35003,archbishopric_02,actor_baron_hx_34437,actor_crown,actor_baron_hx_34437,baron,,baronial_tenure,counsel_and_attendance|military_service|mesne_lordship,relief|wardship|marriage_right|escheat|forfeiture,inactive,lay_escheat,true,false,false,false,
manor_hx_34446,hx_34446,c_2,,,ordinary,52,42.4158,0.1032,0.96,0.5336,8,8,110,large,top,barony_hx_33886,barony,mesne,bishopric_hx_35003,archbishopric_02,actor_baron_hx_33886,actor_crown,actor_baron_hx_33886,baron,,baronial_tenure,counsel_and_attendance|military_service|mesne_lordship,relief|wardship|marriage_right|escheat|forfeiture,inactive,lay_escheat,false,false,false,false,
manor_hx_34460,hx_34460,c_2,,,ordinary,11,10.1357,0.5833,0.96,0.3924,6,6,10,small,middle,barony_hx_34181,barony,mesne,bishopric_hx_31094,archbishopric_01,actor_baron_hx_34181,actor_crown,actor_baron_hx_34181,baron,,baronial_tenure,counsel_and_attendance|military_service|mesne_lordship,relief|wardship|marriage_right|escheat|forfeiture,inactive,lay_escheat,false,false,false,false,
manor_hx_34476,hx_34476,c_5,baronial_seat,baronial_seat,elite,4,3.8454,0.7917,0.96,0.4375,3,3,10,small,middle,barony_hx_34476,barony,mesne,bishopric_hx_34487,archbishopric_01,actor_baron_hx_34476,actor_crown,actor_baron_hx_34476,baron,,baronial_tenure,counsel_and_attendance|military_service|mesne_lordship,relief|wardship|marriage_right|escheat|forfeiture,inactive,lay_escheat,true,false,false,false,
manor_hx_34483,hx_34483,c_3,,,ordinary,22,17.3906,0.7879,0.7655,0.4814,7,7,40,medium,middle,barony_hx_34201,barony,mesne,bishopric_hx_34487,archbishopric_01,actor_baron_hx_34201,actor_crown,actor_baron_hx_34201,baron,,baronial_tenure,counsel_and_attendance|military_service|mesne_lordship,relief|wardship|marriage_right|escheat|forfeiture,inactive,lay_escheat,false,false,false,false,
manor_hx_34487,hx_34487,c_3,county_seat,county_seat|county_castle|bishop_seat|market_town,elite,13,12.0617,0.6795,0.96,0.6419,5,5,41,medium,middle,church_fief_hx_34487,church_fief,direct,bishopric_hx_34487,archbishopric_01,actor_bishopric_hx_34487,actor_crown,actor_bishopric_hx_34487,bishopric,bishopric,church_temporalities,temporal_service|court_attendance|servitium_regis,ecclesiastical_vacancy,inactive,ecclesiastical_temporalities_in_hand,true,false,false,false,
manor_hx_34488,hx_34488,c_3,baronial_seat,baronial_seat,elite,4,3.6497,0.7292,0.96,0.6018,5,5,12,small,bottom,barony_hx_34488,barony,mesne,bishopric_hx_34487,archbishopric_01,actor_baron_hx_34488,actor_crown,actor_baron_hx_34488,baron,,baronial_tenure,counsel_and_attendance|military_service|mesne_lordship,relief|wardship|marriage_right|escheat|forfeiture,inactive,lay_escheat,true,false,false,false,
manor_hx_34491,hx_34491,c_3,,,strategic,11,5.8811,0.947,0.4218,0.4814,3,3,11,small,middle,barony_hx_34488,barony,mesne,bishopric_hx_34487,archbishopric_01,actor_baron_hx_34488,actor_crown,actor_baron_hx_34488,baron,,baronial_tenure,counsel_and_attendance|military_service|mesne_lordship,relief|wardship|marriage_right|escheat|forfeiture,inactive,lay_escheat,false,false,false,false,
manor_hx_34686,hx_34686,c_8,,,ordinary,112,67.413,0.526,0.5902,0.3699,7,7,86,large,top,church_fief_hx_35807,church_fief,direct,bishopric_hx_39744,archbishopric_02,actor_abbey_hx_35807,actor_crown,actor_abbey_hx_35807,abbey,abbey,church_temporalities,temporal_service|court_attendance|servitium_regis,ecclesiastical_vacancy,inactive,ecclesiastical_temporalities_in_hand,false,false,false,false,
manor_hx_34737,hx_34737,c_2,,,ordinary,24,20.3582,0.2533,0.96,0.3435,5,6,30,medium,top,barony_hx_34181,barony,mesne,bishopric_hx_32485,archbishopric_02,actor_baron_hx_34181,actor_crown,actor_baron_hx_34181,baron,,baronial_tenure,counsel_and_attendance|military_service|mesne_lordship,relief|wardship|marriage_right|escheat|forfeiture,inactive,lay_escheat,false,false,false,false,
manor_hx_34760,hx_34760,c_3,,,ordinary,12,8.6933,0.8333,0.7233,0.5505,4,5,20,small,middle,barony_hx_34201,barony,mesne,bishopric_hx_34487,archbishopric_01,actor_baron_hx_34201,actor_crown,actor_baron_hx_34201,baron,,baronial_tenure,counsel_and_attendance|military_service|mesne_lordship,relief|wardship|marriage_right|escheat|forfeiture,inactive,lay_escheat,false,false,false,false,
manor_hx_34770,hx_34770,c_3,abbey_site,abbey_site,elite,4,3.6631,0.8125,0.96,0.5215,4,4,7,small,bottom,church_fief_hx_34770,church_fief,direct,bishopric_hx_34487,archbishopric_01,actor_abbey_hx_34770,actor_crown,actor_abbey_hx_34770,abbey,abbey,church_temporalities,temporal_service|court_attendance|servitium_regis,ecclesiastical_vacancy,inactive,ecclesiastical_temporalities_in_hand,true,false,false,false,
manor_hx_35003,hx_35003,c_4,county_seat,county_seat|bishop_seat|market_town,elite,11,9.7427,0.4242,0.96,0.5834,7,7,18,small,middle,church_fief_hx_35003,church_fief,direct,bishopric_hx_35003,archbishopric_02,actor_bishopric_hx_35003,actor_crown,actor_bishopric_hx_35003,bishopric,bishopric,church_temporalities,temporal_service|court_attendance|servitium_regis,ecclesiastical_vacancy,inactive,ecclesiastical_temporalities_in_hand,true,false,false,false,
manor_hx_35280,hx_35280,c_6,,,ordinary,55,31.7295,0.8106,0.5207,0.4375,10,11,55,medium,top,barony_hx_34437,barony,mesne,bishopric_hx_35003,archbishopric_02,actor_baron_hx_34437,actor_crown,actor_baron_hx_34437,baron,,baronial_tenure,counsel_and_attendance|military_service|mesne_lordship,relief|wardship|marriage_right|escheat|forfeiture,inactive,lay_escheat,false,false,false,false,
manor_hx_35283,hx_35283,c_4,baronial_seat,baronial_seat,elite,4,3.5358,0.4167,0.96,0.5469,3,3,7,small,bottom,barony_hx_35283,barony,mesne,bishopric_hx_35003,archbishopric_02,actor_baron_hx_35283,actor_crown,actor_baron_hx_35283,baron,,baronial_tenure,counsel_and_attendance|military_service|mesne_lordship,relief|wardship|marriage_right|escheat|forfeiture,inactive,lay_escheat,true,false,false,false,
manor_hx_35304,hx_35304,c_2,,,ordinary,13,10.8687,0.891,0.8154,0.3083,6,6,28,medium,middle,barony_hx_34181,barony,mesne,bishopric_hx_31094,archbishopric_01,actor_baron_hx_34181,actor_crown,actor_baron_hx_34181,baron,,baronial_tenure,counsel_and_attendance|military_service|mesne_lordship,relief|wardship|marriage_right|escheat|forfeiture,inactive,lay_escheat,false,false,false,false,
manor_hx_35327,hx_35327,c_3,,,ordinary,15,14.0938,0.6722,0.96,0.5215,6,6,52,medium,middle,barony_hx_34488,barony,mesne,bishopric_hx_34487,archbishopric_01,actor_baron_hx_34488,actor_crown,actor_baron_hx_34488,baron,,baronial_tenure,counsel_and_attendance|military_service|mesne_lordship,relief|wardship|marriage_right|escheat|forfeiture,inactive,lay_escheat,false,false,false,false,
manor_hx_35525,hx_35525,c_8,,,ordinary,30,21.0863,0.775,0.6533,0.317,6,6,68,medium,top,barony_hx_36087,barony,mesne,bishopric_hx_39744,archbishopric_02,actor_baron_hx_36087,actor_crown,actor_baron_hx_36087,baron,,baronial_tenure,counsel_and_attendance|military_service|mesne_lordship,relief|wardship|marriage_right|escheat|forfeiture,inactive,lay_escheat,false,false,false,false,
manor_hx_35581,hx_35581,c_2,,,ordinary,12,11.0945,0.5972,0.96,0.2803,5,6,40,medium,middle,barony_hx_34181,barony,mesne,bishopric_hx_31094,archbishopric_01,actor_baron_hx_34181,actor_crown,actor_baron_hx_34181,baron,,baronial_tenure,counsel_and_attendance|military_service|mesne_lordship,relief|wardship|marriage_right|escheat|forfeiture,inactive,lay_escheat,false,false,false,false,
manor_hx_35599,hx_35599,c_5,,,ordinary,15,11.68,0.8944,0.7147,0.5505,5,6,31,medium,middle,barony_hx_34476,barony,mesne,bishopric_hx_34487,archbishopric_01,actor_baron_hx_34476,actor_crown,actor_baron_hx_34476,baron,,baronial_tenure,counsel_and_attendance|military_service|mesne_lordship,relief|wardship|marriage_right|escheat|forfeiture,inactive,lay_escheat,false,false,false,false,
manor_hx_35602,hx_35602,c_5,abbey_site,abbey_site,elite,4,3.9962,0.9584,0.96,0.6776,4,5,11,small,middle,church_fief_hx_35602,church_fief,direct,bishopric_hx_34487,archbishopric_01,actor_abbey_hx_35602,actor_crown,actor_abbey_hx_35602,abbey,abbey,church_temporalities,temporal_service|court_attendance|servitium_regis,ecclesiastical_vacancy,inactive,ecclesiastical_temporalities_in_hand,true,false,false,false,
manor_hx_35604,hx_35604,c_5,,,ordinary,9,8.9263,0.8982,0.96,0.5929,6,8,16,small,middle,church_fief_hx_35602,church_fief,direct,bishopric_hx_34487,archbishopric_01,actor_abbey_hx_35602,actor_crown,actor_abbey_hx_35602,abbey,abbey,church_temporalities,temporal_service|court_attendance|servitium_regis,ecclesiastical_vacancy,inactive,ecclesiastical_temporalities_in_hand,false,true,false,false,
manor_hx_35611,hx_35611,c_3,,,ordinary,17,14.0221,0.75,0.8424,0.4814,6,6,40,medium,middle,barony_hx_34488,barony,mesne,bishopric_hx_34487,archbishopric_01,actor_baron_hx_34488,actor_crown,actor_baron_hx_34488,baron,,baronial_tenure,counsel_and_attendance|military_service|mesne_lordship,relief|wardship|marriage_right|escheat|forfeiture,inactive,lay_escheat,false,false,false,false,
manor_hx_35807,hx_35807,c_8,abbey_site,abbey_site,elite,4,3.6288,0.5208,0.96,0.3529,4,4,15,small,bottom,church_fief_hx_35807,church_fief,direct,bishopric_hx_39744,archbishopric_02,actor_abbey_hx_35807,actor_crown,actor_abbey_hx_35807,abbey,abbey,church_temporalities,temporal_service|court_attendance|servitium_regis,ecclesiastical_vacancy,inactive,ecclesiastical_temporalities_in_hand,true,false,false,false,
manor_hx_35821,hx_35821,c_8,abbey_site,abbey_site,elite,4,2.2048,0.9792,0.445,0.4447,2,2,11,small,bottom,church_fief_hx_35821,church_fief,direct,bishopric_hx_39744,archbishopric_02,actor_abbey_hx_35821,actor_crown,actor_abbey_hx_35821,abbey,abbey,church_temporalities,temporal_service|court_attendance|servitium_regis,ecclesiastical_vacancy,inactive,ecclesiastical_temporalities_in_hand,true,false,false,false,
manor_hx_35844,hx_35844,c_4,,,ordinary,8,6.7339,0.2237,0.96,0.474,5,5,17,small,middle,barony_hx_35283,barony,mesne,bishopric_hx_35003,archbishopric_02,actor_baron_hx_35283,actor_crown,actor_baron_hx_35283,baron,,baronial_tenure,counsel_and_attendance|military_service|mesne_lordship,relief|wardship|marriage_right|escheat|forfeiture,inactive,lay_escheat,false,false,false,false,
manor_hx_35858,hx_35858,c_2,,,ordinary,51,41.7957,0.1208,0.96,0.229,7,8,110,large,top,barony_hx_37816,barony,mesne,bishopric_hx_32485,archbishopric_02,actor_baron_hx_37816,actor_crown,actor_baron_hx_37816,baron,,baronial_tenure,counsel_and_attendance|military_service|mesne_lordship,relief|wardship|marriage_right|escheat|forfeiture,inactive,lay_escheat,false,false,false,false,
manor_hx_35882,hx_35882,c_5,county_seat,county_seat|market_town,elite,10,9.9496,0.9333,0.96,0.6352,6,8,12,small,middle,county_domain_hx_35882,county_domain,direct,bishopric_hx_34487,archbishopric_01,actor_count_c_5,actor_crown,actor_count_c_5,count,,county_office_demesne,office_service|court_attendance|military_service,forfeiture|crown_regrant,inactive,crown_regrant,true,false,false,false,
manor_hx_35883,hx_35883,c_5,baronial_seat,baronial_seat,elite,4,3.9981,0.9792,0.96,0.6352,4,4,12,small,middle,barony_hx_35883,barony,mesne,bishopric_hx_34487,archbishopric_01,actor_baron_hx_35883,actor_crown,actor_baron_hx_35883,baron,,baronial_tenure,counsel_and_attendance|military_service|mesne_lordship,relief|wardship|marriage_right|escheat|forfeiture,inactive,lay_escheat,true,false,false,false,
manor_hx_36087,hx_36087,c_8,baronial_seat,baronial_seat,elite,4,3.723,0.625,0.96,0.3308,4,4,6,small,bottom,barony_hx_36087,barony,mesne,bishopric_hx_39744,archbishopric_02,actor_baron_hx_36087,actor_crown,actor_baron_hx_36087,baron,,baronial_tenure,counsel_and_attendance|military_service|mesne_lordship,relief|wardship|marriage_right|escheat|forfeiture,inactive,lay_escheat,true,false,false,false,
manor_hx_36149,hx_36149,c_5,,,ordinary,20,16.5089,0.925,0.775,0.2587,6,7,27,medium,middle,barony_hx_36709,barony,mesne,bishopric_hx_31094,archbishopric_01,actor_baron_hx_36709,actor_crown,actor_baron_hx_36709,baron,,baronial_tenure,counsel_and_attendance|military_service|mesne_lordship,relief|wardship|marriage_right|escheat|forfeiture,inactive,lay_escheat,false,false,false,false,
manor_hx_36156,hx_36156,c_5,,,ordinary,23,17.2788,0.913,0.68,0.3388,4,5,53,medium,middle,barony_hx_36718,barony,mesne,bishopric_hx_34487,archbishopric_01,actor_baron_hx_36718,actor_crown,actor_baron_hx_36718,baron,,baronial_tenure,counsel_and_attendance|military_service|mesne_lordship,relief|wardship|marriage_right|escheat|forfeiture,inactive,lay_escheat,false,false,false,false,
manor_hx_36371,hx_36371,c_8,,,ordinary,66,38.8584,0.7702,0.5594,0.2849,7,9,78,large,top,church_fief_hx_35807,church_fief,direct,bishopric_hx_39744,archbishopric_02,actor_abbey_hx_35807,actor_crown,actor_abbey_hx_35807,abbey,abbey,church_temporalities,temporal_service|court_attendance|servitium_regis,ecclesiastical_vacancy,inactive,ecclesiastical_temporalities_in_hand,false,false,false,false,
manor_hx_36396,hx_36396,c_6,abbey_site,abbey_site,elite,4,2.3148,0.7916,0.5,0.4697,2,2,8,small,bottom,church_fief_hx_36396,church_fief,direct,bishopric_hx_37798,archbishopric_02,actor_abbey_hx_36396,actor_crown,actor_abbey_hx_36396,abbey,abbey,church_temporalities,temporal_service|court_attendance|servitium_regis,ecclesiastical_vacancy,inactive,ecclesiastical_temporalities_in_hand,true,false,false,false,
manor_hx_36402,hx_36402,c_6,,,ordinary,17,11.4418,0.5784,0.6624,0.3646,4,4,41,medium,middle,barony_hx_34437,barony,mesne,bishopric_hx_35003,archbishopric_02,actor_baron_hx_34437,actor_crown,actor_baron_hx_34437,baron,,baronial_tenure,counsel_and_attendance|military_service|mesne_lordship,relief|wardship|marriage_right|escheat|forfeiture,inactive,lay_escheat,false,false,false,false,
manor_hx_36426,hx_36426,c_5,,,ordinary,9,8.6347,0.75,0.96,0.2587,7,8,16,small,middle,barony_hx_36709,barony,mesne,bishopric_hx_31094,archbishopric_01,actor_baron_hx_36709,actor_crown,actor_baron_hx_36709,baron,,baronial_tenure,counsel_and_attendance|military_service|mesne_lordship,relief|wardship|marriage_right|escheat|forfeiture,inactive,lay_escheat,false,false,false,false,
manor_hx_36433,hx_36433,c_5,,,ordinary,17,15.4741,0.8529,0.8788,0.199,4,5,51,medium,middle,barony_hx_36718,barony,mesne,bishopric_hx_31094,archbishopric_01,actor_baron_hx_36718,actor_crown,actor_baron_hx_36718,baron,,baronial_tenure,counsel_and_attendance|military_service|mesne_lordship,relief|wardship|marriage_right|escheat|forfeiture,inactive,lay_escheat,false,false,false,false,
manor_hx_36448,hx_36448,c_3,,,ordinary,15,13.8776,0.6,0.96,0.4235,5,6,27,medium,middle,barony_hx_34488,barony,mesne,bishopric_hx_34487,archbishopric_01,actor_baron_hx_34488,actor_crown,actor_baron_hx_34488,baron,,baronial_tenure,counsel_and_attendance|military_service|mesne_lordship,relief|wardship|marriage_right|escheat|forfeiture,inactive,lay_escheat,false,false,false,false,
manor_hx_36648,hx_36648,c_8,,,ordinary,13,10.4795,0.6859,0.8169,0.2867,5,5,8,small,middle,barony_hx_36087,barony,mesne,bishopric_hx_39744,archbishopric_02,actor_baron_hx_36087,actor_crown,actor_baron_hx_36087,baron,,baronial_tenure,counsel_and_attendance|military_service|mesne_lordship,relief|wardship|marriage_right|escheat|forfeiture,inactive,lay_escheat,false,false,false,false,
manor_hx_36703,hx_36703,c_2,,,ordinary,22,19.1571,0.3561,0.96,0.199,6,6,51,medium,top,barony_hx_37816,barony,mesne,bishopric_hx_31094,archbishopric_01,actor_baron_hx_37816,actor_crown,actor_baron_hx_37816,baron,,baronial_tenure,counsel_and_attendance|military_service|mesne_lordship,relief|wardship|marriage_right|escheat|forfeiture,inactive,lay_escheat,false,false,false,false,
manor_hx_36709,hx_36709,c_5,baronial_seat,baronial_seat,elite,4,3.8565,0.7708,0.96,0.2985,4,4,16,small,middle,barony_hx_36709,barony,mesne,bishopric_hx_31094,archbishopric_01,actor_baron_hx_36709,actor_crown,actor_baron_hx_36709,baron,,baronial_tenure,counsel_and_attendance|military_service|mesne_lordship,relief|wardship|marriage_right|escheat|forfeiture,inactive,lay_escheat,true,false,false,false,
manor_hx_36718,hx_36718,c_5,baronial_seat,baronial_seat,elite,4,3.9553,0.8958,0.96,0.3388,6,4,13,small,middle,barony_hx_36718,barony,mesne,bishopric_hx_34487,archbishopric_01,actor_baron_hx_36718,actor_crown,actor_baron_hx_36718,baron,,baronial_tenure,counsel_and_attendance|military_service|mesne_lordship,relief|wardship|marriage_right|escheat|forfeiture,inactive,lay_escheat,true,false,false,false,
manor_hx_36720,hx_36720,c_5,,,ordinary,9,8.6345,0.75,0.96,0.4235,7,6,16,small,middle,barony_hx_34476,barony,mesne,bishopric_hx_34487,archbishopric_01,actor_baron_hx_34476,actor_crown,actor_baron_hx_34476,baron,,baronial_tenure,counsel_and_attendance|military_service|mesne_lordship,relief|wardship|marriage_right|escheat|forfeiture,inactive,lay_escheat,false,false,false,false,
manor_hx_36724,hx_36724,c_5,,,ordinary,9,8.7117,0.787,0.96,0.5082,6,6,13,small,middle,barony_hx_35883,barony,mesne,bishopric_hx_34487,archbishopric_01,actor_baron_hx_35883,actor_crown,actor_baron_hx_35883,baron,,baronial_tenure,counsel_and_attendance|military_service|mesne_lordship,relief|wardship|marriage_right|escheat|forfeiture,inactive,lay_escheat,false,false,false,false,
manor_hx_36734,hx_36734,c_7,,,ordinary,24,21.3022,0.6562,0.9217,0.3587,5,6,30,medium,top,barony_hx_37578,barony,mesne,bishopric_hx_34487,archbishopric_01,actor_baron_hx_37578,actor_crown,actor_baron_hx_37578,baron,,baronial_tenure,counsel_and_attendance|military_service|mesne_lordship,relief|wardship|marriage_right|escheat|forfeiture,inactive,lay_escheat,false,false,false,false,
manor_hx_36745,hx_36745,c_7,,,strategic,20,8.1478,0.9417,0.347,0.3518,2,2,11,small,middle,barony_hx_37578,barony,mesne,bishopric_hx_39260,archbishopric_01,actor_baron_hx_37578,actor_crown,actor_baron_hx_37578,baron,,baronial_tenure,counsel_and_attendance|military_service|mesne_lordship,relief|wardship|marriage_right|escheat|forfeiture,inactive,lay_escheat,false,false,false,false,
manor_hx_36951,hx_36951,c_6,abbey_site,abbey_site,elite,4,2.3,0.7708,0.5,0.4224,3,2,15,small,bottom,church_fief_hx_36951,church_fief,direct,bishopric_hx_37798,archbishopric_02,actor_abbey_hx_36951,actor_crown,actor_abbey_hx_36951,abbey,abbey,church_temporalities,temporal_service|court_attendance|servitium_regis,ecclesiastical_vacancy,inactive,ecclesiastical_temporalities_in_hand,true,false,false,false,
manor_hx_36989,hx_36989,c_5,abbey_site,abbey_site,elite,4,3.7799,0.6875,0.96,0.3184,3,3,18,small,middle,church_fief_hx_36989,church_fief,direct,bishopric_hx_31094,archbishopric_01,actor_abbey_hx_36989,actor_crown,actor_abbey_hx_36989,abbey,abbey,church_temporalities,temporal_service|court_attendance|servitium_regis,ecclesiastical_vacancy,inactive,ecclesiastical_temporalities_in_hand,true,false,false,false,
manor_hx_36998,hx_36998,c_5,abbey_site,abbey_site,elite,4,3.8953,0.8125,0.96,0.2964,4,5,11,small,middle,church_fief_hx_36998,church_fief,direct,bishopric_hx_34487,archbishopric_01,actor_abbey_hx_36998,actor_crown,actor_abbey_hx_36998,abbey,abbey,church_temporalities,temporal_service|court_attendance|servitium_regis,ecclesiastical_vacancy,inactive,ecclesiastical_temporalities_in_hand,true,false,false,false,
manor_hx_37233,hx_37233,c_6,baronial_seat,baronial_seat,elite,4,3.6664,0.5625,0.96,0.4827,3,2,11,small,bottom,barony_hx_37233,barony,mesne,bishopric_hx_37798,archbishopric_02,actor_baron_hx_37233,actor_crown,actor_baron_hx_37233,baron,,baronial_tenure,counsel_and_attendance|military_service|mesne_lordship,relief|wardship|marriage_right|escheat|forfeiture,inactive,lay_escheat,true,false,false,false,
manor_hx_37235,hx_37235,c_6,,,ordinary,79,41.651,0.8555,0.4658,0.5551,9,11,150,large,top,church_fief_hx_37798,church_fief,direct,bishopric_hx_37798,archbishopric_02,actor_bishopric_hx_37798,actor_crown,actor_bishopric_hx_37798,bishopric,bishopric,church_temporalities,temporal_service|court_attendance|servitium_regis,ecclesiastical_vacancy,inactive,ecclesiastical_temporalities_in_hand,false,false,false,false,
manor_hx_37239,hx_37239,c_6,,,ordinary,17,11.9968,0.6324,0.6894,0.5551,7,7,29,medium,middle,barony_hx_37800,barony,mesne,bishopric_hx_37798,archbishopric_02,actor_baron_hx_37800,actor_crown,actor_baron_hx_37800,baron,,baronial_tenure,counsel_and_attendance|military_service|mesne_lordship,relief|wardship|marriage_right|escheat|forfeiture,inactive,lay_escheat,false,false,false,false,
manor_hx_37270,hx_37270,c_5,,,ordinary,13,11.8654,0.5449,0.96,0.2985,8,9,30,medium,middle,barony_hx_36709,barony,mesne,bishopric_hx_31094,archbishopric_01,actor_baron_hx_36709,actor_crown,actor_baron_hx_36709,baron,,baronial_tenure,counsel_and_attendance|military_service|mesne_lordship,relief|wardship|marriage_right|escheat|forfeiture,inactive,lay_escheat,false,false,false,false,
manor_hx_37278,hx_37278,c_5,,,ordinary,14,12.956,0.6012,0.96,0.2632,7,7,31,medium,middle,barony_hx_36718,barony,mesne,bishopric_hx_34487,archbishopric_01,actor_baron_hx_36718,actor_crown,actor_baron_hx_36718,baron,,baronial_tenure,counsel_and_attendance|military_service|mesne_lordship,relief|wardship|marriage_right|escheat|forfeiture,inactive,lay_escheat,false,false,false,false,
manor_hx_37487,hx_37487,c_8,,,ordinary,102,60.8326,0.7279,0.5725,0.2206,4,4,138,large,top,barony_hx_39442,barony,mesne,bishopric_hx_39744,archbishopric_02,actor_baron_hx_39442,actor_crown,actor_baron_hx_39442,baron,,baronial_tenure,counsel_and_attendance|military_service|mesne_lordship,relief|wardship|marriage_right|escheat|forfeiture,inactive,lay_escheat,false,false,false,false,
manor_hx_37492,hx_37492,c_8,,,ordinary,27,14.8119,0.8488,0.523,0.3134,5,5,50,medium,middle,barony_hx_36087,barony,mesne,bishopric_hx_39744,archbishopric_02,actor_baron_hx_36087,actor_crown,actor_baron_hx_36087,baron,,baronial_tenure,counsel_and_attendance|military_service|mesne_lordship,relief|wardship|marriage_right|escheat|forfeiture,inactive,lay_escheat,false,false,false,false,
manor_hx_37526,hx_37526,c_6,,,ordinary,106,86.3914,0.1,0.96,0.3873,12,12,93,large,top,barony_hx_38366,barony,mesne,bishopric_hx_35003,archbishopric_02,actor_baron_hx_38366,actor_crown,actor_baron_hx_38366,baron,,baronial_tenure,counsel_and_attendance|military_service|mesne_lordship,relief|wardship|marriage_right|escheat|forfeiture,inactive,lay_escheat,false,true,false,false,
manor_hx_37547,hx_37547,c_5,,,ordinary,17,14.9185,0.3872,0.96,0.2388,6,6,35,medium,middle,barony_hx_36709,barony,mesne,bishopric_hx_31094,archbishopric_01,actor_baron_hx_36709,actor_crown,actor_baron_hx_36709,baron,,baronial_tenure,counsel_and_attendance|military_service|mesne_lordship,relief|wardship|marriage_right|escheat|forfeiture,inactive,lay_escheat,false,false,false,false,
manor_hx_37554,hx_37554,c_5,,,ordinary,19,17.0212,0.4693,0.96,0.2189,5,5,50,medium,middle,barony_hx_36709,barony,mesne,bishopric_hx_34487,archbishopric_01,actor_baron_hx_36709,actor_crown,actor_baron_hx_36709,baron,,baronial_tenure,counsel_and_attendance|military_service|mesne_lordship,relief|wardship|marriage_right|escheat|forfeiture,inactive,lay_escheat,false,false,false,false,
manor_hx_37568,hx_37568,c_5,,,ordinary,16,14.7434,0.5833,0.96,0.3811,6,8,33,medium,middle,barony_hx_35883,barony,mesne,bishopric_hx_34487,archbishopric_01,actor_baron_hx_35883,actor_crown,actor_baron_hx_35883,baron,,baronial_tenure,counsel_and_attendance|military_service|mesne_lordship,relief|wardship|marriage_right|escheat|forfeiture,inactive,lay_escheat,false,false,false,false,
manor_hx_37573,hx_37573,c_7,,,ordinary,19,16.5927,0.3684,0.96,0.4612,4,5,34,medium,middle,barony_hx_37578,barony,mesne,bishopric_hx_39260,archbishopric_01,actor_baron_hx_37578,actor_crown,actor_baron_hx_37578,baron,,baronial_tenure,counsel_and_attendance|military_service|mesne_lordship,relief|wardship|marriage_right|escheat|forfeiture,inactive,lay_escheat,false,false,false,false,
manor_hx_37578,hx_37578,c_7,baronial_seat,baronial_seat,elite,4,3.7419,0.6459,0.96,0.5124,4,4,7,small,bottom,barony_hx_37578,barony,mesne,bishopric_hx_39260,archbishopric_01,actor_baron_hx_37578,actor_crown,actor_baron_hx_37578,baron,,baronial_tenure,counsel_and_attendance|military_service|mesne_lordship,relief|wardship|marriage_right|escheat|forfeiture,inactive,lay_escheat,true,false,false,false,
manor_hx_37580,hx_37580,c_7,,,ordinary,25,19.1187,0.7867,0.7392,0.5124,6,6,34,medium,middle,barony_hx_37578,barony,mesne,bishopric_hx_39260,archbishopric_01,actor_baron_hx_37578,actor_crown,actor_baron_hx_37578,baron,,baronial_tenure,counsel_and_attendance|military_service|mesne_lordship,relief|wardship|marriage_right|escheat|forfeiture,inactive,lay_escheat,false,false,false,false,
manor_hx_37779,hx_37779,c_8,baronial_seat,baronial_seat,elite,4,2.2104,0.9792,0.38,0.4164,4,4,10,small,bottom,barony_hx_37779,barony,mesne,bishopric_hx_39744,archbishopric_02,actor_baron_hx_37779,actor_crown,actor_baron_hx_37779,baron,,baronial_tenure,counsel_and_attendance|military_service|mesne_lordship,relief|wardship|marriage_right|escheat|forfeiture,inactive,lay_escheat,true,false,false,false,
manor_hx_37798,hx_37798,c_6,county_seat,county_seat|bishop_seat|market_town,elite,11,9.7979,0.447,0.96,0.6832,4,4,10,small,middle,church_fief_hx_37798,church_fief,direct,bishopric_hx_37798,archbishopric_02,actor_bishopric_hx_37798,actor_crown,actor_bishopric_hx_37798,bishopric,bishopric,church_temporalities,temporal_service|court_attendance|servitium_regis,ecclesiastical_vacancy,inactive,ecclesiastical_temporalities_in_hand,true,false,false,false,
manor_hx_37800,hx_37800,c_6,baronial_seat,baronial_seat,elite,4,3.4988,0.375,0.96,0.5978,4,4,10,small,bottom,barony_hx_37800,barony,mesne,bishopric_hx_37798,archbishopric_02,actor_baron_hx_37800,actor_crown,actor_baron_hx_37800,baron,,baronial_tenure,counsel_and_attendance|military_service|mesne_lordship,relief|wardship|marriage_right|escheat|forfeiture,inactive,lay_escheat,true,false,false,false,
manor_hx_37803,hx_37803,c_6,,,ordinary,9,7.3615,0.3056,0.9089,0.4697,8,8,10,small,middle,barony_hx_37800,barony,mesne,bishopric_hx_37798,archbishopric_02,actor_baron_hx_37800,actor_crown,actor_baron_hx_37800,baron,,baronial_tenure,counsel_and_attendance|military_service|mesne_lordship,relief|wardship|marriage_right|escheat|forfeiture,inactive,lay_escheat,false,false,false,false,
manor_hx_37816,hx_37816,c_2,baronial_seat,baronial_seat,elite,4,3.3712,0.2292,0.96,0.4086,2,2,8,small,bottom,barony_hx_37816,barony,mesne,bishopric_hx_35003,archbishopric_02,actor_baron_hx_37816,actor_crown,actor_baron_hx_37816,baron,,baronial_tenure,counsel_and_attendance|military_service|mesne_lordship,relief|wardship|marriage_right|escheat|forfeiture,inactive,lay_escheat,true,false,false,false,
manor_hx_37819,hx_37819,c_2,,,ordinary,22,18.1808,0.153,0.96,0.332,6,6,47,medium,middle,barony_hx_37816,barony,mesne,bishopric_hx_32485,archbishopric_02,actor_baron_hx_37816,actor_crown,actor_baron_hx_37816,baron,,baronial_tenure,counsel_and_attendance|military_service|mesne_lordship,relief|wardship|marriage_right|escheat|forfeiture,inactive,lay_escheat,false,false,false,false,
manor_hx_37842,hx_37842,c_5,,,ordinary,21,18.734,0.4524,0.96,0.3388,7,6,47,medium,middle,barony_hx_36718,barony,mesne,bishopric_hx_34487,archbishopric_01,actor_baron_hx_36718,actor_crown,actor_baron_hx_36718,baron,,baronial_tenure,counsel_and_attendance|military_service|mesne_lordship,relief|wardship|marriage_right|escheat|forfeiture,inactive,lay_escheat,false,false,false,false,
manor_hx_37858,hx_37858,c_7,abbey_site,abbey_site,elite,4,3.7801,0.6875,0.96,0.5637,5,6,13,small,middle,church_fief_hx_37858,church_fief,direct,bishopric_hx_39260,archbishopric_01,actor_abbey_hx_37858,actor_crown,actor_abbey_hx_37858,abbey,abbey,church_temporalities,temporal_service|court_attendance|servitium_regis,ecclesiastical_vacancy,inactive,ecclesiastical_temporalities_in_hand,true,false,false,false,
manor_hx_38056,hx_38056,c_8,,,ordinary,36,18.6399,0.919,0.4217,0.3844,6,6,39,medium,middle,barony_hx_37779,barony,mesne,bishopric_hx_39744,archbishopric_02,actor_baron_hx_37779,actor_crown,actor_baron_hx_37779,baron,,baronial_tenure,counsel_and_attendance|military_service|mesne_lordship,relief|wardship|marriage_right|escheat|forfeiture,inactive,lay_escheat,false,false,false,false,
manor_hx_38085,hx_38085,c_6,abbey_site,abbey_site,elite,4,3.444,0.3125,0.96,0.4767,4,3,14,small,bottom,church_fief_hx_38085,church_fief,direct,bishopric_hx_37798,archbishopric_02,actor_abbey_hx_38085,actor_crown,actor_abbey_hx_38085,abbey,abbey,church_temporalities,temporal_service|court_attendance|servitium_regis,ecclesiastical_vacancy,inactive,ecclesiastical_temporalities_in_hand,true,false,false,false,
manor_hx_38126,hx_38126,c_5,,,ordinary,10,9.0826,0.525,0.96,0.2964,6,5,11,small,middle,barony_hx_35883,barony,mesne,bishopric_hx_34487,archbishopric_01,actor_baron_hx_35883,actor_crown,actor_baron_hx_35883,baron,,baronial_tenure,counsel_and_attendance|military_service|mesne_lordship,relief|wardship|marriage_right|escheat|forfeiture,inactive,lay_escheat,false,false,false,false,
manor_hx_38340,hx_38340,c_8,abbey_site,abbey_site,elite,4,3.3096,0.9167,0.755,0.4805,4,5,9,small,bottom,church_fief_hx_38340,church_fief,direct,bishopric_hx_39744,archbishopric_02,actor_abbey_hx_38340,actor_crown,actor_abbey_hx_38340,abbey,abbey,church_temporalities,temporal_service|court_attendance|servitium_regis,ecclesiastical_vacancy,inactive,ecclesiastical_temporalities_in_hand,true,false,false,false,
manor_hx_38348,hx_38348,c_8,abbey_site,abbey_site,elite,4,2.4104,0.9584,0.5,0.4223,3,3,13,small,bottom,church_fief_hx_38348,church_fief,direct,bishopric_hx_39755,archbishopric_02,actor_abbey_hx_38348,actor_crown,actor_abbey_hx_38348,abbey,abbey,church_temporalities,temporal_service|court_attendance|servitium_regis,ecclesiastical_vacancy,inactive,ecclesiastical_temporalities_in_hand,true,false,false,false,
manor_hx_38353,hx_38353,c_6,,,ordinary,78,42.5943,0.8622,0.4795,0.5156,12,14,127,large,top,church_fief_hx_38917,church_fief,direct,bishopric_hx_39755,archbishopric_02,actor_abbey_hx_38917,actor_crown,actor_abbey_hx_38917,abbey,abbey,church_temporalities,temporal_service|court_attendance|servitium_regis,ecclesiastical_vacancy,inactive,ecclesiastical_temporalities_in_hand,false,false,false,false,
manor_hx_38360,hx_38360,c_6,,,ordinary,16,13.7766,0.3125,0.96,0.5978,8,9,31,medium,middle,barony_hx_37800,barony,mesne,bishopric_hx_37798,archbishopric_02,actor_baron_hx_37800,actor_crown,actor_baron_hx_37800,baron,,baronial_tenure,counsel_and_attendance|military_service|mesne_lordship,relief|wardship|marriage_right|escheat|forfeiture,inactive,lay_escheat,false,false,false,false,
manor_hx_38366,hx_38366,c_6,baronial_seat,baronial_seat,elite,4,3.3349,0.1875,0.96,0.4469,4,4,10,small,bottom,barony_hx_38366,barony,mesne,bishopric_hx_37798,archbishopric_02,actor_baron_hx_38366,actor_crown,actor_baron_hx_38366,baron,,baronial_tenure,counsel_and_attendance|military_service|mesne_lordship,relief|wardship|marriage_right|escheat|forfeiture,inactive,lay_escheat,true,false,false,false,
manor_hx_38384,hx_38384,c_2,,,ordinary,19,16.3562,0.3114,0.96,0.2278,6,6,47,medium,middle,barony_hx_37816,barony,mesne,bishopric_hx_31094,archbishopric_01,actor_baron_hx_37816,actor_crown,actor_baron_hx_37816,baron,,baronial_tenure,counsel_and_attendance|military_service|mesne_lordship,relief|wardship|marriage_right|escheat|forfeiture,inactive,lay_escheat,false,false,false,false,
manor_hx_38391,hx_38391,c_10,,,ordinary,9,7.6449,0.2593,0.96,0.2189,4,4,12,small,middle,barony_hx_43168,barony,mesne,bishopric_hx_31094,archbishopric_01,actor_baron_hx_43168,actor_crown,actor_baron_hx_43168,baron,,baronial_tenure,counsel_and_attendance|military_service|mesne_lordship,relief|wardship|marriage_right|escheat|forfeiture,inactive,lay_escheat,false,false,false,false,
manor_hx_38398,hx_38398,c_5,,,ordinary,8,7.0354,0.3958,0.96,0.193,4,4,14,small,middle,barony_hx_36718,barony,mesne,bishopric_hx_34487,archbishopric_01,actor_baron_hx_36718,actor_crown,actor_baron_hx_36718,baron,,baronial_tenure,counsel_and_attendance|military_service|mesne_lordship,relief|wardship|marriage_right|escheat|forfeiture,inactive,lay_escheat,false,false,false,false,
manor_hx_38412,hx_38412,c_7,,,ordinary,17,14.6068,0.3039,0.96,0.4099,6,6,45,medium,middle,barony_hx_37578,barony,mesne,bishopric_hx_39260,archbishopric_01,actor_baron_hx_37578,actor_crown,actor_baron_hx_37578,baron,,baronial_tenure,counsel_and_attendance|military_service|mesne_lordship,relief|wardship|marriage_right|escheat|forfeiture,inactive,lay_escheat,false,false,false,false,
manor_hx_38417,hx_38417,c_7,,,ordinary,13,11.6217,0.4615,0.96,0.6662,7,7,53,medium,middle,barony_hx_37578,barony,mesne,bishopric_hx_39260,archbishopric_01,actor_baron_hx_37578,actor_crown,actor_baron_hx_37578,baron,,baronial_tenure,counsel_and_attendance|military_service|mesne_lordship,relief|wardship|marriage_right|escheat|forfeiture,inactive,lay_escheat,false,false,false,false,
manor_hx_38424,hx_38424,c_7,,,strategic,6,4.7949,0.7917,0.79,0.4612,3,3,8,small,middle,barony_hx_37578,barony,mesne,bishopric_hx_39260,archbishopric_01,actor_baron_hx_37578,actor_crown,actor_baron_hx_37578,baron,,baronial_tenure,counsel_and_attendance|military_service|mesne_lordship,relief|wardship|marriage_right|escheat|forfeiture,inactive,lay_escheat,false,true,false,false,
manor_hx_38620,hx_38620,c_8,,,strategic,9,5.7066,0.963,0.4822,0.5125,4,4,15,small,middle,barony_hx_37779,barony,mesne,bishopric_hx_39744,archbishopric_02,actor_baron_hx_37779,actor_crown,actor_baron_hx_37779,baron,,baronial_tenure,counsel_and_attendance|military_service|mesne_lordship,relief|wardship|marriage_right|escheat|forfeiture,inactive,lay_escheat,false,true,false,false,
manor_hx_38637,hx_38637,c_6,,,ordinary,9,7.9741,0.4259,0.96,0.6445,5,5,11,small,middle,barony_hx_38918,barony,mesne,bishopric_hx_37798,archbishopric_02,actor_baron_hx_38918,actor_crown,actor_baron_hx_38918,baron,,baronial_tenure,counsel_and_attendance|military_service|mesne_lordship,relief|wardship|marriage_right|escheat|forfeiture,inactive,lay_escheat,false,true,false,false,
manor_hx_38658,hx_38658,c_2,,,ordinary,14,11.9746,0.2857,0.96,0.332,8,8,49,medium,middle,barony_hx_37816,barony,mesne,bishopric_hx_35003,archbishopric_02,actor_baron_hx_37816,actor_crown,actor_baron_hx_37816,baron,,baronial_tenure,counsel_and_attendance|military_service|mesne_lordship,relief|wardship|marriage_right|escheat|forfeiture,inactive,lay_escheat,false,false,false,false,
manor_hx_38701,hx_38701,c_7,,,ordinary,12,6.2886,0.9097,0.5167,0.6662,5,5,16,small,middle,barony_hx_39261,barony,mesne,bishopric_hx_39260,archbishopric_01,actor_baron_hx_39261,actor_crown,actor_baron_hx_39261,baron,,baronial_tenure,counsel_and_attendance|military_service|mesne_lordship,relief|wardship|marriage_right|escheat|forfeiture,inactive,lay_escheat,false,true,false,false,
manor_hx_38904,hx_38904,c_8,,,ordinary,66,35.3968,0.8649,0.463,0.4434,9,9,43,medium,top,barony_hx_39463,barony,mesne,bishopric_hx_39744,archbishopric_02,actor_baron_hx_39463,actor_crown,actor_baron_hx_39463,baron,,baronial_tenure,counsel_and_attendance|military_service|mesne_lordship,relief|wardship|marriage_right|escheat|forfeiture,inactive,lay_escheat,false,false,false,false,
manor_hx_38910,hx_38910,c_8,baronial_seat,baronial_seat,elite,4,3.9553,0.8958,0.96,0.4826,4,5,11,small,middle,barony_hx_38910,barony,mesne,bishopric_hx_39755,archbishopric_02,actor_baron_hx_38910,actor_crown,actor_baron_hx_38910,baron,,baronial_tenure,counsel_and_attendance|military_service|mesne_lordship,relief|wardship|marriage_right|escheat|forfeiture,inactive,lay_escheat,true,false,false,false,
manor_hx_38917,hx_38917,c_6,abbey_site,abbey_site,elite,4,3.7042,0.6042,0.96,0.6875,5,5,10,small,bottom,church_fief_hx_38917,church_fief,direct,bishopric_hx_39755,archbishopric_02,actor_abbey_hx_38917,actor_crown,actor_abbey_hx_38917,abbey,abbey,church_temporalities,temporal_service|court_attendance|servitium_regis,ecclesiastical_vacancy,inactive,ecclesiastical_temporalities_in_hand,true,false,false,false,
manor_hx_38918,hx_38918,c_6,baronial_seat,baronial_seat,elite,4,3.6853,0.5833,0.96,0.6445,4,4,13,small,bottom,barony_hx_38918,barony,mesne,bishopric_hx_37798,archbishopric_02,actor_baron_hx_38918,actor_crown,actor_baron_hx_38918,baron,,baronial_tenure,counsel_and_attendance|military_service|mesne_lordship,relief|wardship|marriage_right|escheat|forfeiture,inactive,lay_escheat,true,false,false,false,
manor_hx_38925,hx_38925,c_6,,,ordinary,24,20.0574,0.196,0.96,0.3873,7,7,36,medium,top,barony_hx_38366,barony,mesne,bishopric_hx_37798,archbishopric_02,actor_baron_hx_38366,actor_crown,actor_baron_hx_38366,baron,,baronial_tenure,counsel_and_attendance|military_service|mesne_lordship,relief|wardship|marriage_right|escheat|forfeiture,inactive,lay_escheat,false,false,false,false,
manor_hx_38942,hx_38942,c_2,,,ordinary,9,8.2174,0.5463,0.96,0.3189,6,7,18,small,middle,barony_hx_39502,barony,mesne,bishopric_hx_35003,archbishopric_02,actor_baron_hx_39502,actor_crown,actor_baron_hx_39502,baron,,baronial_tenure,counsel_and_attendance|military_service|mesne_lordship,relief|wardship|marriage_right|escheat|forfeiture,inactive,lay_escheat,false,false,false,false,
manor_hx_38948,hx_38948,c_10,,,ordinary,20,17.2037,0.3083,0.96,0.1822,6,6,41,medium,middle,barony_hx_43168,barony,mesne,bishopric_hx_31094,archbishopric_01,actor_baron_hx_43168,actor_crown,actor_baron_hx_43168,baron,,baronial_tenure,counsel_and_attendance|military_service|mesne_lordship,relief|wardship|marriage_right|escheat|forfeiture,inactive,lay_escheat,false,false,false,false,
manor_hx_38970,hx_38970,c_10,,,ordinary,8,6.6072,0.1508,0.96,0.3075,6,5,11,small,middle,barony_hx_43168,barony,mesne,bishopric_hx_39260,archbishopric_01,actor_baron_hx_43168,actor_crown,actor_baron_hx_43168,baron,,baronial_tenure,counsel_and_attendance|military_service|mesne_lordship,relief|wardship|marriage_right|escheat|forfeiture,inactive,lay_escheat,false,true,false,false,
manor_hx_39188,hx_39188,c_8,,,ordinary,15,11.3926,0.9611,0.684,0.3921,5,5,30,medium,middle,barony_hx_38910,barony,mesne,bishopric_hx_39744,archbishopric_02,actor_baron_hx_38910,actor_crown,actor_baron_hx_38910,baron,,baronial_tenure,counsel_and_attendance|military_service|mesne_lordship,relief|wardship|marriage_right|escheat|forfeiture,inactive,lay_escheat,false,false,false,false,
manor_hx_39221,hx_39221,c_2,abbey_site,abbey_site,elite,4,3.7041,0.6042,0.96,0.3645,4,4,11,small,bottom,church_fief_hx_39221,church_fief,direct,bishopric_hx_35003,archbishopric_02,actor_abbey_hx_39221,actor_crown,actor_abbey_hx_39221,abbey,abbey,church_temporalities,temporal_service|court_attendance|servitium_regis,ecclesiastical_vacancy,inactive,ecclesiastical_temporalities_in_hand,true,false,false,false,
manor_hx_39260,hx_39260,c_7,county_seat,county_seat|county_castle|bishop_seat|market_town,elite,12,11.056,0.5833,0.96,0.8199,5,7,41,medium,middle,church_fief_hx_39260,church_fief,direct,bishopric_hx_39260,archbishopric_01,actor_bishopric_hx_39260,actor_crown,actor_bishopric_hx_39260,bishopric,bishopric,church_temporalities,temporal_service|court_attendance|servitium_regis,ecclesiastical_vacancy,inactive,ecclesiastical_temporalities_in_hand,true,false,false,false,
manor_hx_39261,hx_39261,c_7,baronial_seat,baronial_seat,elite,4,3.8181,0.7292,0.96,0.7687,4,5,10,small,middle,barony_hx_39261,barony,mesne,bishopric_hx_39260,archbishopric_01,actor_baron_hx_39261,actor_crown,actor_baron_hx_39261,baron,,baronial_tenure,counsel_and_attendance|military_service|mesne_lordship,relief|wardship|marriage_right|escheat|forfeiture,inactive,lay_escheat,true,false,false,false,
manor_hx_39442,hx_39442,c_8,baronial_seat,baronial_seat,elite,4,2.6954,0.9375,0.69,0.1077,1,2,8,small,bottom,barony_hx_39442,barony,mesne,bishopric_hx_39744,archbishopric_02,actor_baron_hx_39442,actor_crown,actor_baron_hx_39442,baron,,baronial_tenure,counsel_and_attendance|military_service|mesne_lordship,relief|wardship|marriage_right|escheat|forfeiture,inactive,lay_escheat,true,false,false,false,
manor_hx_39462,hx_39462,c_8,,,ordinary,58,32.0825,0.8592,0.4907,0.4775,9,10,60,medium,top,church_fief_hx_39744,church_fief,direct,bishopric_hx_39744,archbishopric_02,actor_bishopric_hx_39744,actor_crown,actor_bishopric_hx_39744,bishopric,bishopric,church_temporalities,temporal_service|court_attendance|servitium_regis,ecclesiastical_vacancy,inactive,ecclesiastical_temporalities_in_hand,false,false,false,false,
manor_hx_39463,hx_39463,c_8,baronial_seat,baronial_seat,elite,4,3.653,0.75,0.96,0.5116,4,4,9,small,bottom,barony_hx_39463,barony,mesne,bishopric_hx_39744,archbishopric_02,actor_baron_hx_39463,actor_crown,actor_baron_hx_39463,baron,,baronial_tenure,counsel_and_attendance|military_service|mesne_lordship,relief|wardship|marriage_right|escheat|forfeiture,inactive,lay_escheat,true,false,false,false,
manor_hx_39475,hx_39475,c_9,,,ordinary,9,8.5386,0.7037,0.96,0.5831,7,7,14,small,middle,barony_hx_40036,barony,mesne,bishopric_hx_39755,archbishopric_02,actor_baron_hx_40036,actor_crown,actor_baron_hx_40036,baron,,baronial_tenure,counsel_and_attendance|military_service|mesne_lordship,relief|wardship|marriage_right|escheat|forfeiture,inactive,lay_escheat,false,false,false,false,
manor_hx_39502,hx_39502,c_2,baronial_seat,baronial_seat,elite,4,3.8183,0.7292,0.96,0.3417,4,4,11,small,middle,barony_hx_39502,barony,mesne,bishopric_hx_35003,archbishopric_02,actor_baron_hx_39502,actor_crown,actor_baron_hx_39502,baron,,baronial_tenure,counsel_and_attendance|military_service|mesne_lordship,relief|wardship|marriage_right|escheat|forfeiture,inactive,lay_escheat,true,false,false,false,
manor_hx_39506,hx_39506,c_2,,,ordinary,11,10.3623,0.6742,0.96,0.2506,5,6,17,small,middle,barony_hx_39502,barony,mesne,bishopric_hx_35003,archbishopric_02,actor_baron_hx_39502,actor_crown,actor_baron_hx_39502,baron,,baronial_tenure,counsel_and_attendance|military_service|mesne_lordship,relief|wardship|marriage_right|escheat|forfeiture,inactive,lay_escheat,false,false,false,false,
manor_hx_39538,hx_39538,c_7,,,ordinary,11,9.5943,0.3636,0.96,0.6662,5,5,19,small,middle,barony_hx_40660,barony,mesne,bishopric_hx_39260,archbishopric_01,actor_baron_hx_40660,actor_crown,actor_baron_hx_40660,baron,,baronial_tenure,counsel_and_attendance|military_service|mesne_lordship,relief|wardship|marriage_right|escheat|forfeiture,inactive,lay_escheat,false,false,false,false,
manor_hx_39744,hx_39744,c_8,county_seat,county_seat|bishop_seat|market_town,elite,10,9.5082,0.7667,0.96,0.5457,10,10,11,small,middle,church_fief_hx_39744,church_fief,direct,bishopric_hx_39744,archbishopric_02,actor_bishopric_hx_39744,actor_crown,actor_bishopric_hx_39744,bishopric,bishopric,church_temporalities,temporal_service|court_attendance|servitium_regis,ecclesiastical_vacancy,inactive,ecclesiastical_temporalities_in_hand,true,false,false,false,
manor_hx_39752,hx_39752,c_8,,,ordinary,9,8.7696,0.8148,0.96,0.5054,6,6,9,small,middle,barony_hx_38910,barony,mesne,bishopric_hx_39755,archbishopric_02,actor_baron_hx_38910,actor_crown,actor_baron_hx_38910,baron,,baronial_tenure,counsel_and_attendance|military_service|mesne_lordship,relief|wardship|marriage_right|escheat|forfeiture,inactive,lay_escheat,false,false,false,false,
manor_hx_39755,hx_39755,c_9,county_seat,county_seat|bishop_seat|market_town,elite,10,9.9127,0.925,0.96,0.622,5,6,15,small,middle,church_fief_hx_39755,church_fief,direct,bishopric_hx_39755,archbishopric_02,actor_bishopric_hx_39755,actor_crown,actor_bishopric_hx_39755,bishopric,bishopric,church_temporalities,temporal_service|court_attendance|servitium_regis,ecclesiastical_vacancy,inactive,ecclesiastical_temporalities_in_hand,true,false,false,false,
manor_hx_39760,hx_39760,c_6,,,ordinary,13,12.3194,0.6987,0.96,0.5586,7,7,44,medium,middle,barony_hx_38918,barony,mesne,bishopric_hx_39755,archbishopric_02,actor_baron_hx_38918,actor_crown,actor_baron_hx_38918,baron,,baronial_tenure,counsel_and_attendance|military_service|mesne_lordship,relief|wardship|marriage_right|escheat|forfeiture,inactive,lay_escheat,false,false,false,false,
manor_hx_39764,hx_39764,c_6,,,ordinary,15,13.5767,0.5111,0.96,0.3867,5,5,24,medium,middle,barony_hx_38366,barony,mesne,bishopric_hx_37798,archbishopric_02,actor_baron_hx_38366,actor_crown,actor_baron_hx_38366,baron,,baronial_tenure,counsel_and_attendance|military_service|mesne_lordship,relief|wardship|marriage_right|escheat|forfeiture,inactive,lay_escheat,false,false,false,false,
manor_hx_39781,hx_39781,c_2,,,ordinary,11,10.1357,0.5833,0.96,0.3189,6,6,14,small,middle,barony_hx_39502,barony,mesne,bishopric_hx_35003,archbishopric_02,actor_baron_hx_39502,actor_crown,actor_baron_hx_39502,baron,,baronial_tenure,counsel_and_attendance|military_service|mesne_lordship,relief|wardship|marriage_right|escheat|forfeiture,inactive,lay_escheat,false,false,false,false,
manor_hx_39815,hx_39815,c_7,,,ordinary,16,13.704,0.2917,0.96,0.4612,7,7,41,medium,middle,barony_hx_40660,barony,mesne,bishopric_hx_39260,archbishopric_01,actor_baron_hx_40660,actor_crown,actor_baron_hx_40660,baron,,baronial_tenure,counsel_and_attendance|military_service|mesne_lordship,relief|wardship|marriage_right|escheat|forfeiture,inactive,lay_escheat,false,false,false,false,
manor_hx_39822,hx_39822,c_7,abbey_site,abbey_site,elite,4,3.7994,0.7083,0.96,0.7174,4,4,17,small,middle,church_fief_hx_39822,church_fief,direct,bishopric_hx_39260,archbishopric_01,actor_abbey_hx_39822,actor_crown,actor_abbey_hx_39822,abbey,abbey,church_temporalities,temporal_service|court_attendance|servitium_regis,ecclesiastical_vacancy,inactive,ecclesiastical_temporalities_in_hand,true,false,false,false,
manor_hx_39823,hx_39823,c_7,,,ordinary,9,5.7938,0.8241,0.6356,0.6662,4,4,10,small,middle,barony_hx_39261,barony,mesne,bishopric_hx_39260,archbishopric_01,actor_baron_hx_39261,actor_crown,actor_baron_hx_39261,baron,,baronial_tenure,counsel_and_attendance|military_service|mesne_lordship,relief|wardship|marriage_right|escheat|forfeiture,inactive,lay_escheat,false,false,false,false,
manor_hx_40014,hx_40014,c_8,abbey_site,abbey_site,elite,4,2.2312,1,0.44,0.1924,3,2,8,small,bottom,church_fief_hx_40014,church_fief,direct,bishopric_hx_39744,archbishopric_02,actor_abbey_hx_40014,actor_crown,actor_abbey_hx_40014,abbey,abbey,church_temporalities,temporal_service|court_attendance|servitium_regis,ecclesiastical_vacancy,inactive,ecclesiastical_temporalities_in_hand,true,false,false,false,
manor_hx_40026,hx_40026,c_9,,,ordinary,9,8.3148,0.6018,0.96,0.4775,4,4,16,small,middle,barony_hx_40592,barony,mesne,bishopric_hx_39744,archbishopric_02,actor_baron_hx_40592,actor_crown,actor_baron_hx_40592,baron,,baronial_tenure,counsel_and_attendance|military_service|mesne_lordship,relief|wardship|marriage_right|escheat|forfeiture,inactive,lay_escheat,false,true,false,false,
manor_hx_40036,hx_40036,c_9,baronial_seat,baronial_seat,elite,4,3.9534,0.875,0.96,0.5831,4,3,13,small,middle,barony_hx_40036,barony,mesne,bishopric_hx_39755,archbishopric_02,actor_baron_hx_40036,actor_crown,actor_baron_hx_40036,baron,,baronial_tenure,counsel_and_attendance|military_service|mesne_lordship,relief|wardship|marriage_right|escheat|forfeiture,inactive,lay_escheat,true,false,false,false,
manor_hx_40058,hx_40058,c_2,,,ordinary,29,24.405,0.2224,0.96,0.2278,6,6,30,medium,top,barony_hx_37816,barony,mesne,bishopric_hx_35003,archbishopric_02,actor_baron_hx_37816,actor_crown,actor_baron_hx_37816,baron,,baronial_tenure,counsel_and_attendance|military_service|mesne_lordship,relief|wardship|marriage_right|escheat|forfeiture,inactive,lay_escheat,false,false,false,false,
manor_hx_40070,hx_40070,c_10,,,ordinary,18,16.0452,0.4491,0.96,0.1595,5,5,33,medium,middle,barony_hx_43168,barony,mesne,bishopric_hx_31094,archbishopric_01,actor_baron_hx_43168,actor_crown,actor_baron_hx_43168,baron,,baronial_tenure,counsel_and_attendance|military_service|mesne_lordship,relief|wardship|marriage_right|escheat|forfeiture,inactive,lay_escheat,false,false,false,false,
manor_hx_40104,hx_40104,c_7,,,strategic,9,7.0886,0.6296,0.8089,0.6149,3,5,13,small,middle,barony_hx_40660,barony,mesne,bishopric_hx_39260,archbishopric_01,actor_baron_hx_40660,actor_crown,actor_baron_hx_40660,baron,,baronial_tenure,counsel_and_attendance|military_service|mesne_lordship,relief|wardship|marriage_right|escheat|forfeiture,inactive,lay_escheat,false,true,false,false,
manor_hx_40310,hx_40310,c_9,,,ordinary,9,8.7306,0.7963,0.96,0.3734,7,7,15,small,middle,barony_hx_40592,barony,mesne,bishopric_hx_39744,archbishopric_02,actor_baron_hx_40592,actor_crown,actor_baron_hx_40592,baron,,baronial_tenure,counsel_and_attendance|military_service|mesne_lordship,relief|wardship|marriage_right|escheat|forfeiture,inactive,lay_escheat,false,true,false,false,
manor_hx_40312,hx_40312,c_8,abbey_site,abbey_site,elite,4,4,1,0.96,0.4276,4,6,8,small,middle,church_fief_hx_40312,church_fief,direct,bishopric_hx_39755,archbishopric_02,actor_abbey_hx_40312,actor_crown,actor_abbey_hx_40312,abbey,abbey,church_temporalities,temporal_service|court_attendance|servitium_regis,ecclesiastical_vacancy,inactive,ecclesiastical_temporalities_in_hand,true,false,false,false,
manor_hx_40328,hx_40328,c_6,,,ordinary,20,17.5369,0.3833,0.96,0.2562,5,5,34,medium,middle,barony_hx_38366,barony,mesne,bishopric_hx_37798,archbishopric_02,actor_baron_hx_38366,actor_crown,actor_baron_hx_38366,baron,,baronial_tenure,counsel_and_attendance|military_service|mesne_lordship,relief|wardship|marriage_right|escheat|forfeiture,inactive,lay_escheat,false,false,false,false,
manor_hx_40345,hx_40345,c_2,,,ordinary,11,7.9164,0.9091,0.7036,0.2734,6,7,16,small,middle,barony_hx_39502,barony,mesne,bishopric_hx_35003,archbishopric_02,actor_baron_hx_39502,actor_crown,actor_baron_hx_39502,baron,,baronial_tenure,counsel_and_attendance|military_service|mesne_lordship,relief|wardship|marriage_right|escheat|forfeiture,inactive,lay_escheat,false,false,false,false,
manor_hx_40373,hx_40373,c_10,,,ordinary,10,8.492,0.2583,0.96,0.3396,5,6,12,small,middle,barony_hx_43168,barony,mesne,bishopric_hx_39260,archbishopric_01,actor_baron_hx_43168,actor_crown,actor_baron_hx_43168,baron,,baronial_tenure,counsel_and_attendance|military_service|mesne_lordship,relief|wardship|marriage_right|escheat|forfeiture,inactive,lay_escheat,false,false,false,false,
manor_hx_40584,hx_40584,c_9,,,ordinary,39,25.1075,0.7051,0.6179,0.4434,7,7,56,medium,top,barony_hx_40592,barony,mesne,bishopric_hx_39744,archbishopric_02,actor_baron_hx_40592,actor_crown,actor_baron_hx_40592,baron,,baronial_tenure,counsel_and_attendance|military_service|mesne_lordship,relief|wardship|marriage_right|escheat|forfeiture,inactive,lay_escheat,false,false,false,true,
manor_hx_40592,hx_40592,c_9,baronial_seat,baronial_seat,elite,4,3.9729,0.8958,0.96,0.4,4,4,13,small,middle,barony_hx_40592,barony,mesne,bishopric_hx_39755,archbishopric_02,actor_baron_hx_40592,actor_crown,actor_baron_hx_40592,baron,,baronial_tenure,counsel_and_attendance|military_service|mesne_lordship,relief|wardship|marriage_right|escheat|forfeiture,inactive,lay_escheat,true,false,false,false,
manor_hx_40599,hx_40599,c_9,,,ordinary,10,9.9496,0.9333,0.96,0.4665,8,8,10,small,middle,barony_hx_40036,barony,mesne,bishopric_hx_39755,archbishopric_02,actor_baron_hx_40036,actor_crown,actor_baron_hx_40036,baron,,baronial_tenure,counsel_and_attendance|military_service|mesne_lordship,relief|wardship|marriage_right|escheat|forfeiture,inactive,lay_escheat,false,false,false,false,
manor_hx_40658,hx_40658,c_7,abbey_site,abbey_site,elite,4,3.7421,0.6458,0.96,0.4926,5,6,10,small,bottom,church_fief_hx_40658,church_fief,direct,bishopric_hx_39260,archbishopric_01,actor_abbey_hx_40658,actor_crown,actor_abbey_hx_40658,abbey,abbey,church_temporalities,temporal_service|court_attendance|servitium_regis,ecclesiastical_vacancy,inactive,ecclesiastical_temporalities_in_hand,true,false,false,false,
manor_hx_40660,hx_40660,c_7,baronial_seat,baronial_seat,elite,4,3.7042,0.6042,0.96,0.5637,3,3,11,small,bottom,barony_hx_40660,barony,mesne,bishopric_hx_39260,archbishopric_01,actor_baron_hx_40660,actor_crown,actor_baron_hx_40660,baron,,baronial_tenure,counsel_and_attendance|military_service|mesne_lordship,relief|wardship|marriage_right|escheat|forfeiture,inactive,lay_escheat,true,false,false,false,
manor_hx_40661,hx_40661,c_7,,,ordinary,9,8.1794,0.5278,0.96,0.5637,6,7,16,small,middle,barony_hx_40660,barony,mesne,bishopric_hx_39260,archbishopric_01,actor_baron_hx_40660,actor_crown,actor_baron_hx_40660,baron,,baronial_tenure,counsel_and_attendance|military_service|mesne_lordship,relief|wardship|marriage_right|escheat|forfeiture,inactive,lay_escheat,false,false,false,false,
manor_hx_40876,hx_40876,c_9,,,ordinary,9,8.971,0.9445,0.96,0.4665,7,7,12,small,middle,barony_hx_40592,barony,mesne,bishopric_hx_39755,archbishopric_02,actor_baron_hx_40592,actor_crown,actor_baron_hx_40592,baron,,baronial_tenure,counsel_and_attendance|military_service|mesne_lordship,relief|wardship|marriage_right|escheat|forfeiture,inactive,lay_escheat,false,true,false,false,
manor_hx_40885,hx_40885,c_6,,,ordinary,14,13.5875,0.8036,0.96,0.3438,7,7,32,medium,middle,barony_hx_38918,barony,mesne,bishopric_hx_39755,archbishopric_02,actor_baron_hx_38918,actor_crown,actor_baron_hx_38918,baron,,baronial_tenure,counsel_and_attendance|military_service|mesne_lordship,relief|wardship|marriage_right|escheat|forfeiture,inactive,lay_escheat,false,false,false,false,
manor_hx_40892,hx_40892,c_6,,,ordinary,32,26.5558,0.1689,0.96,0.1788,6,7,38,medium,top,barony_hx_38366,barony,mesne,bishopric_hx_37798,archbishopric_02,actor_baron_hx_38366,actor_crown,actor_baron_hx_38366,baron,,baronial_tenure,counsel_and_attendance|military_service|mesne_lordship,relief|wardship|marriage_right|escheat|forfeiture,inactive,lay_escheat,false,false,false,false,
manor_hx_40902,hx_40902,c_2,,,ordinary,11,10.3435,0.6667,0.96,0.2278,6,6,10,small,middle,barony_hx_39502,barony,mesne,bishopric_hx_35003,archbishopric_02,actor_baron_hx_39502,actor_crown,actor_baron_hx_39502,baron,,baronial_tenure,counsel_and_attendance|military_service|mesne_lordship,relief|wardship|marriage_right|escheat|forfeiture,inactive,lay_escheat,false,false,false,false,
manor_hx_40909,hx_40909,c_2,,,ordinary,12,11.6668,0.8056,0.96,0.1822,5,7,41,medium,middle,barony_hx_39502,barony,mesne,bishopric_hx_35003,archbishopric_02,actor_baron_hx_39502,actor_crown,actor_baron_hx_39502,baron,,baronial_tenure,counsel_and_attendance|military_service|mesne_lordship,relief|wardship|marriage_right|escheat|forfeiture,inactive,lay_escheat,false,false,false,false,
manor_hx_40916,hx_40916,c_10,,,ordinary,368,299.9469,0.1002,0.96,0.0908,24,25,131,large,top,barony_hx_43168,barony,mesne,bishopric_hx_39260,archbishopric_01,actor_baron_hx_43168,actor_crown,actor_baron_hx_43168,baron,,baronial_tenure,counsel_and_attendance|military_service|mesne_lordship,relief|wardship|marriage_right|escheat|forfeiture,inactive,lay_escheat,false,true,false,false,
manor_hx_40938,hx_40938,c_7,,,ordinary,9,8.1983,0.537,0.96,0.4618,5,5,18,small,middle,barony_hx_40660,barony,mesne,bishopric_hx_39260,archbishopric_01,actor_baron_hx_40660,actor_crown,actor_baron_hx_40660,baron,,baronial_tenure,counsel_and_attendance|military_service|mesne_lordship,relief|wardship|marriage_right|escheat|forfeiture,inactive,lay_escheat,false,false,false,false,
manor_hx_41149,hx_41149,c_9,,,ordinary,21,18.5496,0.4127,0.96,0.3752,6,6,33,medium,middle,barony_hx_40592,barony,mesne,bishopric_hx_39744,archbishopric_02,actor_baron_hx_40592,actor_crown,actor_baron_hx_40592,baron,,baronial_tenure,counsel_and_attendance|military_service|mesne_lordship,relief|wardship|marriage_right|escheat|forfeiture,inactive,lay_escheat,false,false,false,false,
manor_hx_41179,hx_41179,c_2,,,ordinary,33,27.7946,0.226,0.96,0.1595,6,6,59,medium,top,barony_hx_37816,barony,mesne,bishopric_hx_37798,archbishopric_02,actor_baron_hx_37816,actor_crown,actor_baron_hx_37816,baron,,baronial_tenure,counsel_and_attendance|military_service|mesne_lordship,relief|wardship|marriage_right|escheat|forfeiture,inactive,lay_escheat,false,false,false,false,
manor_hx_41193,hx_41193,c_10,,,ordinary,8,7.3332,0.5625,0.96,0.0911,4,3,11,small,middle,barony_hx_43168,barony,mesne,bishopric_hx_39260,archbishopric_01,actor_baron_hx_43168,actor_crown,actor_baron_hx_43168,baron,,baronial_tenure,counsel_and_attendance|military_service|mesne_lordship,relief|wardship|marriage_right|escheat|forfeiture,inactive,lay_escheat,false,false,false,false,
manor_hx_41223,hx_41223,c_7,,,strategic,9,5.5125,0.7315,0.6178,0.4612,3,5,14,small,middle,barony_hx_40660,barony,mesne,bishopric_hx_39260,archbishopric_01,actor_baron_hx_40660,actor_crown,actor_baron_hx_40660,baron,,baronial_tenure,counsel_and_attendance|military_service|mesne_lordship,relief|wardship|marriage_right|escheat|forfeiture,inactive,lay_escheat,false,false,false,false,
manor_hx_41414,hx_41414,c_8,,,ordinary,134,74.0597,0.6897,0.4964,0.1247,5,4,150,large,top,barony_hx_39442,barony,mesne,bishopric_hx_39744,archbishopric_02,actor_baron_hx_39442,actor_crown,actor_baron_hx_39442,baron,,baronial_tenure,counsel_and_attendance|military_service|mesne_lordship,relief|wardship|marriage_right|escheat|forfeiture,inactive,lay_escheat,false,false,false,true,
manor_hx_41434,hx_41434,c_9,,,ordinary,13,12.3007,0.6923,0.96,0.3499,6,6,39,medium,middle,barony_hx_40592,barony,mesne,bishopric_hx_39755,archbishopric_02,actor_baron_hx_40592,actor_crown,actor_baron_hx_40592,baron,,baronial_tenure,counsel_and_attendance|military_service|mesne_lordship,relief|wardship|marriage_right|escheat|forfeiture,inactive,lay_escheat,false,false,false,false,
manor_hx_41443,hx_41443,c_9,,,ordinary,9,8.9905,0.9537,0.96,0.311,5,5,10,small,middle,barony_hx_40036,barony,mesne,bishopric_hx_39755,archbishopric_02,actor_baron_hx_40036,actor_crown,actor_baron_hx_40036,baron,,baronial_tenure,counsel_and_attendance|military_service|mesne_lordship,relief|wardship|marriage_right|escheat|forfeiture,inactive,lay_escheat,false,false,false,false,
manor_hx_41449,hx_41449,c_6,,,ordinary,11,10.344,0.6667,0.96,0.1719,6,6,11,small,middle,barony_hx_38366,barony,mesne,bishopric_hx_39755,archbishopric_02,actor_baron_hx_38366,actor_crown,actor_baron_hx_38366,baron,,baronial_tenure,counsel_and_attendance|military_service|mesne_lordship,relief|wardship|marriage_right|escheat|forfeiture,inactive,lay_escheat,false,false,false,false,
manor_hx_41466,hx_41466,c_2,,,ordinary,10,9.7478,0.8167,0.96,0.1822,6,6,13,small,middle,barony_hx_39502,barony,mesne,bishopric_hx_35003,archbishopric_02,actor_baron_hx_39502,actor_crown,actor_baron_hx_39502,baron,,baronial_tenure,counsel_and_attendance|military_service|mesne_lordship,relief|wardship|marriage_right|escheat|forfeiture,inactive,lay_escheat,false,false,false,false,
manor_hx_41495,hx_41495,c_10,,,ordinary,11,9.4671,0.3106,0.96,0.5337,6,6,8,small,middle,barony_hx_43168,barony,mesne,bishopric_hx_39260,archbishopric_01,actor_baron_hx_43168,actor_crown,actor_baron_hx_43168,baron,,baronial_tenure,counsel_and_attendance|military_service|mesne_lordship,relief|wardship|marriage_right|escheat|forfeiture,inactive,lay_escheat,false,false,false,false,
manor_hx_41720,hx_41720,c_9,,,ordinary,12,11.7486,0.8472,0.96,0.3499,5,7,37,medium,middle,barony_hx_40036,barony,mesne,bishopric_hx_39755,archbishopric_02,actor_baron_hx_40036,actor_crown,actor_baron_hx_40036,baron,,baronial_tenure,counsel_and_attendance|military_service|mesne_lordship,relief|wardship|marriage_right|escheat|forfeiture,inactive,lay_escheat,false,false,false,false,
manor_hx_41782,hx_41782,c_7,,,ordinary,9,8.4924,0.8426,0.9222,0.4367,5,5,14,small,middle,barony_hx_40660,barony,mesne,bishopric_hx_39260,archbishopric_01,actor_baron_hx_40660,actor_crown,actor_baron_hx_40660,baron,,baronial_tenure,counsel_and_attendance|military_service|mesne_lordship,relief|wardship|marriage_right|escheat|forfeiture,inactive,lay_escheat,false,true,false,false,
manor_hx_41986,hx_41986,c_8,,,strategic,84,47.5821,0.5704,0.5329,0.2728,5,6,103,large,top,barony_hx_39442,barony,mesne,bishopric_hx_39744,archbishopric_02,actor_baron_hx_39442,actor_crown,actor_baron_hx_39442,baron,,baronial_tenure,counsel_and_attendance|military_service|mesne_lordship,relief|wardship|marriage_right|escheat|forfeiture,inactive,lay_escheat,false,false,false,true,
manor_hx_42007,hx_42007,c_9,,,ordinary,9,8.9905,0.9537,0.96,0.2148,6,6,12,small,middle,barony_hx_48176,barony,mesne,bishopric_hx_39755,archbishopric_02,actor_baron_hx_48176,actor_crown,actor_baron_hx_48176,baron,,baronial_tenure,counsel_and_attendance|military_service|mesne_lordship,relief|wardship|marriage_right|escheat|forfeiture,inactive,lay_escheat,false,true,false,false,
manor_hx_42013,hx_42013,c_0,,,ordinary,22,19.398,0.4053,0.96,0.0596,6,6,33,medium,top,barony_hx_44544,barony,mesne,bishopric_hx_39755,archbishopric_02,actor_baron_hx_44544,actor_crown,actor_baron_hx_44544,baron,,baronial_tenure,counsel_and_attendance|military_service|mesne_lordship,relief|wardship|marriage_right|escheat|forfeiture,inactive,lay_escheat,false,false,false,false,
manor_hx_42024,hx_42024,c_2,,,ordinary,18,16.0077,0.4398,0.96,0.1367,6,6,38,medium,middle,barony_hx_39502,barony,mesne,bishopric_hx_37798,archbishopric_02,actor_baron_hx_39502,actor_crown,actor_baron_hx_39502,baron,,baronial_tenure,counsel_and_attendance|military_service|mesne_lordship,relief|wardship|marriage_right|escheat|forfeiture,inactive,lay_escheat,false,false,false,false,
manor_hx_42031,hx_42031,c_10,,,ordinary,14,13.0509,0.631,0.96,0.1367,6,6,45,medium,middle,barony_hx_43168,barony,mesne,bishopric_hx_35003,archbishopric_02,actor_baron_hx_43168,actor_crown,actor_baron_hx_43168,baron,,baronial_tenure,counsel_and_attendance|military_service|mesne_lordship,relief|wardship|marriage_right|escheat|forfeiture,inactive,lay_escheat,false,false,false,false,
manor_hx_42053,hx_42053,c_10,,,ordinary,8,6.7787,0.25,0.96,0.4852,4,5,8,small,middle,barony_hx_43180,barony,mesne,bishopric_hx_39260,archbishopric_01,actor_baron_hx_43180,actor_crown,actor_baron_hx_43180,baron,,baronial_tenure,counsel_and_attendance|military_service|mesne_lordship,relief|wardship|marriage_right|escheat|forfeiture,inactive,lay_escheat,false,false,false,false,
manor_hx_42059,hx_42059,c_7,,,ordinary,9,8.3872,0.6296,0.96,0.6307,6,7,17,small,middle,barony_hx_40660,barony,mesne,bishopric_hx_39260,archbishopric_01,actor_baron_hx_40660,actor_crown,actor_baron_hx_40660,baron,,baronial_tenure,counsel_and_attendance|military_service|mesne_lordship,relief|wardship|marriage_right|escheat|forfeiture,inactive,lay_escheat,false,true,false,false,
manor_hx_42272,hx_42272,c_9,,,ordinary,43,32.1073,0.2865,0.8209,0.24,6,6,44,medium,top,barony_hx_40592,barony,mesne,bishopric_hx_39744,archbishopric_02,actor_baron_hx_40592,actor_crown,actor_baron_hx_40592,baron,,baronial_tenure,counsel_and_attendance|military_service|mesne_lordship,relief|wardship|marriage_right|escheat|forfeiture,inactive,lay_escheat,false,false,false,true,
manor_hx_42278,hx_42278,c_9,,,ordinary,13,12.0736,0.6154,0.96,0.2721,5,5,31,medium,middle,barony_hx_40592,barony,mesne,bishopric_hx_39755,archbishopric_02,actor_baron_hx_40592,actor_crown,actor_baron_hx_40592,baron,,baronial_tenure,counsel_and_attendance|military_service|mesne_lordship,relief|wardship|marriage_right|escheat|forfeiture,inactive,lay_escheat,false,false,false,false,
manor_hx_42315,hx_42315,c_10,,,ordinary,8,6.8521,0.2917,0.96,0.0681,4,3,16,small,middle,barony_hx_43168,barony,mesne,bishopric_hx_39260,archbishopric_01,actor_baron_hx_43168,actor_crown,actor_baron_hx_43168,baron,,baronial_tenure,counsel_and_attendance|military_service|mesne_lordship,relief|wardship|marriage_right|escheat|forfeiture,inactive,lay_escheat,false,false,false,false,
manor_hx_42548,hx_42548,c_9,,,ordinary,99,53.3131,0.3235,0.5511,0.2046,4,4,120,large,top,barony_hx_40592,barony,mesne,bishopric_hx_39744,archbishopric_02,actor_baron_hx_40592,actor_crown,actor_baron_hx_40592,baron,,baronial_tenure,counsel_and_attendance|military_service|mesne_lordship,relief|wardship|marriage_right|escheat|forfeiture,inactive,lay_escheat,false,false,false,true,
manor_hx_42565,hx_42565,c_9,,,ordinary,13,12.5304,0.7692,0.96,0.2333,5,6,43,medium,middle,barony_hx_48176,barony,mesne,bishopric_hx_39755,archbishopric_02,actor_baron_hx_48176,actor_crown,actor_baron_hx_48176,baron,,baronial_tenure,counsel_and_attendance|military_service|mesne_lordship,relief|wardship|marriage_right|escheat|forfeiture,inactive,lay_escheat,false,false,false,false,
manor_hx_42571,hx_42571,c_9,,,ordinary,10,9.5176,0.7167,0.96,0.0859,6,6,13,small,middle,barony_hx_48176,barony,mesne,bishopric_hx_39755,archbishopric_02,actor_baron_hx_48176,actor_crown,actor_baron_hx_48176,baron,,baronial_tenure,counsel_and_attendance|military_service|mesne_lordship,relief|wardship|marriage_right|escheat|forfeiture,inactive,lay_escheat,false,false,false,false,
manor_hx_42588,hx_42588,c_2,,,ordinary,16,14.4241,0.4948,0.96,0.0911,6,6,25,medium,middle,barony_hx_39502,barony,mesne,bishopric_hx_37798,archbishopric_02,actor_baron_hx_39502,actor_crown,actor_baron_hx_39502,baron,,baronial_tenure,counsel_and_attendance|military_service|mesne_lordship,relief|wardship|marriage_right|escheat|forfeiture,inactive,lay_escheat,false,false,false,false,
manor_hx_42617,hx_42617,c_10,,,ordinary,10,8.8028,0.4,0.96,0.6793,7,8,15,small,middle,barony_hx_43180,barony,mesne,bishopric_hx_39260,archbishopric_01,actor_baron_hx_43180,actor_crown,actor_baron_hx_43180,baron,,baronial_tenure,counsel_and_attendance|military_service|mesne_lordship,relief|wardship|marriage_right|escheat|forfeiture,inactive,lay_escheat,false,false,false,false,
manor_hx_42619,hx_42619,c_10,abbey_site,abbey_site,elite,4,3.761,0.6667,0.96,0.7278,4,4,13,small,bottom,church_fief_hx_42619,church_fief,direct,bishopric_hx_39260,archbishopric_01,actor_abbey_hx_42619,actor_crown,actor_abbey_hx_42619,abbey,abbey,church_temporalities,temporal_service|court_attendance|servitium_regis,ecclesiastical_vacancy,inactive,ecclesiastical_temporalities_in_hand,true,false,false,false,
manor_hx_42836,hx_42836,c_9,,,ordinary,77,48.3555,0.1703,0.6971,0.1944,5,5,123,large,top,barony_hx_40592,barony,mesne,bishopric_hx_39744,archbishopric_02,actor_baron_hx_40592,actor_crown,actor_baron_hx_40592,baron,,baronial_tenure,counsel_and_attendance|military_service|mesne_lordship,relief|wardship|marriage_right|escheat|forfeiture,inactive,lay_escheat,false,false,false,false,
manor_hx_42842,hx_42842,c_9,,,ordinary,16,14.7448,0.5833,0.96,0.1944,4,4,46,medium,middle,barony_hx_48176,barony,mesne,bishopric_hx_39755,archbishopric_02,actor_baron_hx_48176,actor_crown,actor_baron_hx_48176,baron,,baronial_tenure,counsel_and_attendance|military_service|mesne_lordship,relief|wardship|marriage_right|escheat|forfeiture,inactive,lay_escheat,false,false,false,false,
manor_hx_42890,hx_42890,c_10,,,ordinary,9,7.626,0.25,0.96,0.3396,4,5,15,small,middle,barony_hx_43168,barony,mesne,bishopric_hx_39260,archbishopric_01,actor_baron_hx_43168,actor_crown,actor_baron_hx_43168,baron,,baronial_tenure,counsel_and_attendance|military_service|mesne_lordship,relief|wardship|marriage_right|escheat|forfeiture,inactive,lay_escheat,false,false,false,false,
manor_hx_42899,hx_42899,c_10,county_seat,county_seat|county_castle|market_town,elite,12,11.3032,0.6736,0.96,0.7763,7,7,34,medium,middle,county_domain_hx_42899,county_domain,direct,bishopric_hx_39260,archbishopric_01,actor_count_c_10,actor_crown,actor_count_c_10,count,,county_office_demesne,office_service|court_attendance|military_service,forfeiture|crown_regrant,inactive,crown_regrant,true,false,false,false,
manor_hx_42904,hx_42904,c_0,,,strategic,9,4.0376,0.9167,0.4378,0.5337,3,4,14,small,middle,crown_domain_hx_52142,crown_domain,direct,bishopric_hx_39260,archbishopric_01,actor_crown,,actor_crown,crown,,crown_demesne,royal_revenue|household_support|military_staging,,inactive,none,false,true,false,false,
manor_hx_43129,hx_43129,c_9,,,ordinary,13,12.2623,0.6795,0.96,0.0777,6,6,54,medium,middle,barony_hx_48176,barony,mesne,bishopric_hx_39755,archbishopric_02,actor_baron_hx_48176,actor_crown,actor_baron_hx_48176,baron,,baronial_tenure,counsel_and_attendance|military_service|mesne_lordship,relief|wardship|marriage_right|escheat|forfeiture,inactive,lay_escheat,false,false,false,false,
manor_hx_43135,hx_43135,c_0,,,ordinary,26,22.1789,0.2757,0.96,0.0125,5,5,30,medium,top,barony_hx_44544,barony,mesne,bishopric_hx_39755,archbishopric_02,actor_baron_hx_44544,actor_crown,actor_baron_hx_44544,baron,,baronial_tenure,counsel_and_attendance|military_service|mesne_lordship,relief|wardship|marriage_right|escheat|forfeiture,inactive,lay_escheat,false,false,false,false,
manor_hx_43146,hx_43146,c_0,,,ordinary,16,13.9051,0.3489,0.96,0.0456,6,6,33,medium,middle,barony_hx_44544,barony,mesne,bishopric_hx_37798,archbishopric_02,actor_baron_hx_44544,actor_crown,actor_baron_hx_44544,baron,,baronial_tenure,counsel_and_attendance|military_service|mesne_lordship,relief|wardship|marriage_right|escheat|forfeiture,inactive,lay_escheat,false,false,false,false,
manor_hx_43152,hx_43152,c_10,,,ordinary,32,26.902,0.2184,0.96,0.0456,6,6,36,medium,top,barony_hx_43168,barony,mesne,bishopric_hx_37798,archbishopric_02,actor_baron_hx_43168,actor_crown,actor_baron_hx_43168,baron,,baronial_tenure,counsel_and_attendance|military_service|mesne_lordship,relief|wardship|marriage_right|escheat|forfeiture,inactive,lay_escheat,false,false,false,false,
manor_hx_43168,hx_43168,c_10,baronial_seat,baronial_seat,elite,4,3.444,0.3125,0.96,0.3632,4,4,13,small,bottom,barony_hx_43168,barony,mesne,bishopric_hx_39260,archbishopric_01,actor_baron_hx_43168,actor_crown,actor_baron_hx_43168,baron,,baronial_tenure,counsel_and_attendance|military_service|mesne_lordship,relief|wardship|marriage_right|escheat|forfeiture,inactive,lay_escheat,true,false,false,false,
manor_hx_43180,hx_43180,c_10,baronial_seat,baronial_seat,elite,4,3.6665,0.5625,0.96,0.7278,3,3,8,small,bottom,barony_hx_43180,barony,mesne,bishopric_hx_39260,archbishopric_01,actor_baron_hx_43180,actor_crown,actor_baron_hx_43180,baron,,baronial_tenure,counsel_and_attendance|military_service|mesne_lordship,relief|wardship|marriage_right|escheat|forfeiture,inactive,lay_escheat,true,false,false,false,
manor_hx_43400,hx_43400,c_9,,,ordinary,74,52.8544,0.1144,0.8232,0.1333,5,6,137,large,top,barony_hx_48176,barony,mesne,bishopric_hx_39755,archbishopric_02,actor_baron_hx_48176,actor_crown,actor_baron_hx_48176,baron,,baronial_tenure,counsel_and_attendance|military_service|mesne_lordship,relief|wardship|marriage_right|escheat|forfeiture,inactive,lay_escheat,false,false,false,false,
manor_hx_43421,hx_43421,c_0,,,ordinary,28,23.8559,0.2708,0.96,0.0228,8,8,48,medium,top,barony_hx_44544,barony,mesne,bishopric_hx_39755,archbishopric_02,actor_baron_hx_44544,actor_crown,actor_baron_hx_44544,baron,,baronial_tenure,counsel_and_attendance|military_service|mesne_lordship,relief|wardship|marriage_right|escheat|forfeiture,inactive,lay_escheat,false,false,false,false,
manor_hx_43448,hx_43448,c_10,,,ordinary,10,8.4736,0.25,0.96,0.3405,5,5,8,small,middle,barony_hx_43168,barony,mesne,bishopric_hx_39260,archbishopric_01,actor_baron_hx_43168,actor_crown,actor_baron_hx_43168,baron,,baronial_tenure,counsel_and_attendance|military_service|mesne_lordship,relief|wardship|marriage_right|escheat|forfeiture,inactive,lay_escheat,false,false,false,false,
manor_hx_43686,hx_43686,c_9,,,ordinary,46,35.4197,0.2067,0.87,0.0777,6,6,39,medium,top,barony_hx_48176,barony,mesne,bishopric_hx_39755,archbishopric_02,actor_baron_hx_48176,actor_crown,actor_baron_hx_48176,baron,,baronial_tenure,counsel_and_attendance|military_service|mesne_lordship,relief|wardship|marriage_right|escheat|forfeiture,inactive,lay_escheat,false,false,false,false,
manor_hx_43693,hx_43693,c_9,,,ordinary,28,24.3736,0.3542,0.96,0.0094,5,6,62,medium,top,barony_hx_48176,barony,mesne,bishopric_hx_39755,archbishopric_02,actor_baron_hx_48176,actor_crown,actor_baron_hx_48176,baron,,baronial_tenure,counsel_and_attendance|military_service|mesne_lordship,relief|wardship|marriage_right|escheat|forfeiture,inactive,lay_escheat,false,false,false,false,
manor_hx_43710,hx_43710,c_0,,,ordinary,13,11.3445,0.3654,0.96,0.0109,5,5,43,medium,middle,barony_hx_44544,barony,mesne,bishopric_hx_37798,archbishopric_02,actor_baron_hx_44544,actor_crown,actor_baron_hx_44544,baron,,baronial_tenure,counsel_and_attendance|military_service|mesne_lordship,relief|wardship|marriage_right|escheat|forfeiture,inactive,lay_escheat,false,false,false,false,
manor_hx_43734,hx_43734,c_11,,,ordinary,15,13.2241,0.4056,0.96,0.3881,6,7,22,medium,middle,barony_hx_44294,barony,mesne,bishopric_hx_39260,archbishopric_01,actor_baron_hx_44294,actor_crown,actor_baron_hx_44294,baron,,baronial_tenure,counsel_and_attendance|military_service|mesne_lordship,relief|wardship|marriage_right|escheat|forfeiture,inactive,lay_escheat,false,false,false,false,
manor_hx_43741,hx_43741,c_0,,,ordinary,9,7.9925,0.4352,0.96,0.6307,6,6,8,small,middle,crown_domain_hx_52142,crown_domain,direct,bishopric_hx_39260,archbishopric_01,actor_crown,,actor_crown,crown,,crown_demesne,royal_revenue|household_support|military_staging,,inactive,none,false,true,false,false,
manor_hx_44018,hx_44018,c_11,,,ordinary,11,9.8734,0.4773,0.96,0.5337,5,5,7,small,middle,barony_hx_44294,barony,mesne,bishopric_hx_39260,archbishopric_01,actor_baron_hx_44294,actor_crown,actor_baron_hx_44294,baron,,baronial_tenure,counsel_and_attendance|military_service|mesne_lordship,relief|wardship|marriage_right|escheat|forfeiture,inactive,lay_escheat,false,false,false,false,
manor_hx_44023,hx_44023,c_0,,,strategic,9,7.2988,0.5648,0.8467,0.5822,3,4,11,small,middle,crown_domain_hx_52142,crown_domain,direct,bishopric_hx_39260,archbishopric_01,actor_crown,,actor_crown,crown,,crown_demesne,royal_revenue|household_support|military_staging,,inactive,none,false,true,false,false,
manor_hx_44250,hx_44250,c_9,,,ordinary,107,86.9468,0.1036,0.9557,0.0661,6,9,150,large,top,barony_hx_48176,barony,mesne,bishopric_hx_39755,archbishopric_02,actor_baron_hx_48176,actor_crown,actor_baron_hx_48176,baron,,baronial_tenure,counsel_and_attendance|military_service|mesne_lordship,relief|wardship|marriage_right|escheat|forfeiture,inactive,lay_escheat,false,true,false,false,
manor_hx_44263,hx_44263,c_0,abbey_site,abbey_site,elite,4,3.7041,0.6042,0.96,0.025,4,4,9,small,bottom,church_fief_hx_44263,church_fief,direct,bishopric_hx_39755,archbishopric_02,actor_abbey_hx_44263,actor_crown,actor_abbey_hx_44263,abbey,abbey,church_temporalities,temporal_service|court_attendance|servitium_regis,ecclesiastical_vacancy,inactive,ecclesiastical_temporalities_in_hand,true,false,false,false,
manor_hx_44265,hx_44265,c_0,,,ordinary,12,11.0382,0.5764,0.96,0.0219,6,6,35,medium,middle,barony_hx_44544,barony,mesne,bishopric_hx_39755,archbishopric_02,actor_baron_hx_44544,actor_crown,actor_baron_hx_44544,baron,,baronial_tenure,counsel_and_attendance|military_service|mesne_lordship,relief|wardship|marriage_right|escheat|forfeiture,inactive,lay_escheat,false,false,false,false,
manor_hx_44292,hx_44292,c_11,,,ordinary,9,8.1606,0.5185,0.96,0.4189,8,7,8,small,middle,barony_hx_44294,barony,mesne,bishopric_hx_39260,archbishopric_01,actor_baron_hx_44294,actor_crown,actor_baron_hx_44294,baron,,baronial_tenure,counsel_and_attendance|military_service|mesne_lordship,relief|wardship|marriage_right|escheat|forfeiture,inactive,lay_escheat,false,true,false,false,
manor_hx_44294,hx_44294,c_11,baronial_seat,baronial_seat,elite,4,3.723,0.625,0.96,0.3909,4,4,9,small,bottom,barony_hx_44294,barony,mesne,bishopric_hx_39260,archbishopric_01,actor_baron_hx_44294,actor_crown,actor_baron_hx_44294,baron,,baronial_tenure,counsel_and_attendance|military_service|mesne_lordship,relief|wardship|marriage_right|escheat|forfeiture,inactive,lay_escheat,true,false,false,false,
manor_hx_44542,hx_44542,c_0,,,ordinary,19,16.8369,0.4254,0.96,0.0219,6,8,32,medium,middle,barony_hx_44544,barony,mesne,bishopric_hx_39755,archbishopric_02,actor_baron_hx_44544,actor_crown,actor_baron_hx_44544,baron,,baronial_tenure,counsel_and_attendance|military_service|mesne_lordship,relief|wardship|marriage_right|escheat|forfeiture,inactive,lay_escheat,false,false,false,false,
manor_hx_44544,hx_44544,c_0,baronial_seat,baronial_seat,elite,4,3.8183,0.7292,0.96,0.0234,4,4,7,small,middle,barony_hx_44544,barony,mesne,bishopric_hx_39755,archbishopric_02,actor_baron_hx_44544,actor_crown,actor_baron_hx_44544,baron,,baronial_tenure,counsel_and_attendance|military_service|mesne_lordship,relief|wardship|marriage_right|escheat|forfeiture,inactive,lay_escheat,true,false,false,false,
manor_hx_44549,hx_44549,c_0,,,ordinary,13,12.1294,0.6346,0.96,0.0156,6,6,31,medium,middle,barony_hx_44544,barony,mesne,bishopric_hx_39755,archbishopric_02,actor_baron_hx_44544,actor_crown,actor_baron_hx_44544,baron,,baronial_tenure,counsel_and_attendance|military_service|mesne_lordship,relief|wardship|marriage_right|escheat|forfeiture,inactive,lay_escheat,false,false,false,false,
manor_hx_44573,hx_44573,c_11,abbey_site,abbey_site,elite,4,3.8762,0.7917,0.96,0.4468,5,5,11,small,middle,church_fief_hx_44573,church_fief,direct,bishopric_hx_39260,archbishopric_01,actor_abbey_hx_44573,actor_crown,actor_abbey_hx_44573,abbey,abbey,church_temporalities,temporal_service|court_attendance|servitium_regis,ecclesiastical_vacancy,inactive,ecclesiastical_temporalities_in_hand,true,false,false,false,
manor_hx_44833,hx_44833,c_10,,,ordinary,31,26.2577,0.2469,0.96,0.0094,6,6,59,medium,top,barony_hx_43168,barony,mesne,bishopric_hx_39755,archbishopric_02,actor_baron_hx_43168,actor_crown,actor_baron_hx_43168,baron,,baronial_tenure,counsel_and_attendance|military_service|mesne_lordship,relief|wardship|marriage_right|escheat|forfeiture,inactive,lay_escheat,false,false,false,false,
manor_hx_44850,hx_44850,c_10,,,ordinary,19,16.2942,0.296,0.96,0.4028,6,5,56,medium,middle,barony_hx_43168,barony,mesne,bishopric_hx_39260,archbishopric_01,actor_baron_hx_43168,actor_crown,actor_baron_hx_43168,baron,,baronial_tenure,counsel_and_attendance|military_service|mesne_lordship,relief|wardship|marriage_right|escheat|forfeiture,inactive,lay_escheat,false,false,false,false,
manor_hx_44857,hx_44857,c_11,,,ordinary,11,10.6496,0.7879,0.96,0.3628,6,8,10,small,middle,barony_hx_44294,barony,mesne,bishopric_hx_39260,archbishopric_01,actor_baron_hx_44294,actor_crown,actor_baron_hx_44294,baron,,baronial_tenure,counsel_and_attendance|military_service|mesne_lordship,relief|wardship|marriage_right|escheat|forfeiture,inactive,lay_escheat,false,false,false,false,
manor_hx_44862,hx_44862,c_0,,,ordinary,9,7.469,0.6482,0.8467,0.4367,5,6,11,small,middle,crown_domain_hx_52142,crown_domain,direct,bishopric_hx_39260,archbishopric_01,actor_crown,,actor_crown,crown,,crown_demesne,royal_revenue|household_support|military_staging,,inactive,none,false,false,false,false,
manor_hx_45388,hx_45388,c_0,,,ordinary,10,7.8744,0.8833,0.772,0.0172,6,7,10,small,middle,barony_hx_44544,barony,mesne,bishopric_hx_39755,archbishopric_02,actor_baron_hx_44544,actor_crown,actor_baron_hx_44544,baron,,baronial_tenure,counsel_and_attendance|military_service|mesne_lordship,relief|wardship|marriage_right|escheat|forfeiture,inactive,lay_escheat,false,false,false,false,
manor_hx_45415,hx_45415,c_11,,,ordinary,9,8.4066,0.6389,0.96,0.4838,7,6,11,small,middle,barony_hx_44294,barony,mesne,bishopric_hx_39260,archbishopric_01,actor_baron_hx_44294,actor_crown,actor_baron_hx_44294,baron,,baronial_tenure,counsel_and_attendance|military_service|mesne_lordship,relief|wardship|marriage_right|escheat|forfeiture,inactive,lay_escheat,false,true,false,false,
manor_hx_45423,hx_45423,c_0,,,strategic,11,7.5849,0.7803,0.68,0.4233,3,3,13,small,middle,crown_domain_hx_52142,crown_domain,direct,bishopric_hx_39260,archbishopric_01,actor_crown,,actor_crown,crown,,crown_demesne,royal_revenue|household_support|military_staging,,inactive,none,false,false,false,false,
manor_hx_45621,hx_45621,c_8,,,ordinary,109,63.0006,0.4931,0.6112,0,2,4,81,large,top,barony_hx_39442,barony,mesne,bishopric_hx_39744,archbishopric_02,actor_baron_hx_39442,actor_crown,actor_baron_hx_39442,baron,,baronial_tenure,counsel_and_attendance|military_service|mesne_lordship,relief|wardship|marriage_right|escheat|forfeiture,inactive,lay_escheat,false,false,false,true,
manor_hx_45661,hx_45661,c_0,,,ordinary,61,50.8828,0.1879,0.96,0.0661,8,8,117,large,top,barony_hx_44544,barony,mesne,bishopric_hx_39755,archbishopric_02,actor_baron_hx_44544,actor_crown,actor_baron_hx_44544,baron,,baronial_tenure,counsel_and_attendance|military_service|mesne_lordship,relief|wardship|marriage_right|escheat|forfeiture,inactive,lay_escheat,false,false,false,false,
manor_hx_45665,hx_45665,c_0,,,ordinary,12,11.4368,0.7222,0.96,0.0172,5,5,44,medium,middle,barony_hx_44544,barony,mesne,bishopric_hx_39755,archbishopric_02,actor_baron_hx_44544,actor_crown,actor_baron_hx_44544,baron,,baronial_tenure,counsel_and_attendance|military_service|mesne_lordship,relief|wardship|marriage_right|escheat|forfeiture,inactive,lay_escheat,false,false,false,false,
manor_hx_45672,hx_45672,c_0,,,ordinary,13,12.4727,0.75,0.96,0.0109,6,7,50,medium,middle,barony_hx_44544,barony,mesne,bishopric_hx_39755,archbishopric_02,actor_baron_hx_44544,actor_crown,actor_baron_hx_44544,baron,,baronial_tenure,counsel_and_attendance|military_service|mesne_lordship,relief|wardship|marriage_right|escheat|forfeiture,inactive,lay_escheat,false,false,false,false,
manor_hx_45689,hx_45689,c_0,,,ordinary,28,23.7297,0.2498,0.96,0.3692,5,6,47,medium,top,barony_hx_47653,barony,mesne,bishopric_hx_39260,archbishopric_01,actor_baron_hx_47653,actor_crown,actor_baron_hx_47653,baron,,baronial_tenure,counsel_and_attendance|military_service|mesne_lordship,relief|wardship|marriage_right|escheat|forfeiture,inactive,lay_escheat,false,false,false,false,
manor_hx_45701,hx_45701,c_0,,,ordinary,12,8.05,0.8958,0.66,0.5442,5,5,14,small,middle,crown_domain_hx_52142,crown_domain,direct,bishopric_hx_39260,archbishopric_01,actor_crown,,actor_crown,crown,,crown_demesne,royal_revenue|household_support|military_staging,,inactive,none,false,false,false,false,
manor_hx_45956,hx_45956,c_10,,,ordinary,57,47.4477,0.1798,0.96,0.0047,6,7,150,large,top,barony_hx_43168,barony,mesne,bishopric_hx_39755,archbishopric_02,actor_baron_hx_43168,actor_crown,actor_baron_hx_43168,baron,,baronial_tenure,counsel_and_attendance|military_service|mesne_lordship,relief|wardship|marriage_right|escheat|forfeiture,inactive,lay_escheat,false,false,false,false,
manor_hx_45973,hx_45973,c_0,,,ordinary,10,9.2133,0.5833,0.96,0.5034,6,7,10,small,middle,barony_hx_47653,barony,mesne,bishopric_hx_39260,archbishopric_01,actor_baron_hx_47653,actor_crown,actor_baron_hx_47653,baron,,baronial_tenure,counsel_and_attendance|military_service|mesne_lordship,relief|wardship|marriage_right|escheat|forfeiture,inactive,lay_escheat,false,false,false,false,
manor_hx_45974,hx_45974,c_11,county_seat,county_seat|market_town,elite,10,9.8099,0.8583,0.96,0.537,7,8,11,small,middle,county_domain_hx_45974,county_domain,direct,bishopric_hx_39260,archbishopric_01,actor_count_c_11,actor_crown,actor_count_c_11,count,,county_office_demesne,office_service|court_attendance|military_service,forfeiture|crown_regrant,inactive,crown_regrant,true,false,false,false,
manor_hx_45975,hx_45975,c_11,baronial_seat,baronial_seat,elite,4,3.9748,0.9167,0.96,0.5442,3,2,14,small,middle,barony_hx_45975,barony,mesne,bishopric_hx_39260,archbishopric_01,actor_baron_hx_45975,actor_crown,actor_baron_hx_45975,baron,,baronial_tenure,counsel_and_attendance|military_service|mesne_lordship,relief|wardship|marriage_right|escheat|forfeiture,inactive,lay_escheat,true,false,false,false,
manor_hx_46259,hx_46259,c_0,,,ordinary,9,7.2535,0.8796,0.7867,0.6652,6,6,12,small,middle,crown_domain_hx_52142,crown_domain,direct,bishopric_hx_39260,archbishopric_01,actor_crown,,actor_crown,crown,,crown_demesne,royal_revenue|household_support|military_staging,,inactive,none,false,false,false,false,
manor_hx_46509,hx_46509,c_0,,,ordinary,12,11.5898,0.7778,0.96,0.0125,6,6,48,medium,middle,barony_hx_44544,barony,mesne,bishopric_hx_39755,archbishopric_02,actor_baron_hx_44544,actor_crown,actor_baron_hx_44544,baron,,baronial_tenure,counsel_and_attendance|military_service|mesne_lordship,relief|wardship|marriage_right|escheat|forfeiture,inactive,lay_escheat,false,false,false,false,
manor_hx_46528,hx_46528,c_0,,,ordinary,27,22.4719,0.1802,0.96,0.2685,4,5,54,medium,top,barony_hx_47653,barony,mesne,bishopric_hx_39260,archbishopric_01,actor_baron_hx_47653,actor_crown,actor_baron_hx_47653,baron,,baronial_tenure,counsel_and_attendance|military_service|mesne_lordship,relief|wardship|marriage_right|escheat|forfeiture,inactive,lay_escheat,false,false,false,false,
manor_hx_46535,hx_46535,c_11,abbey_site,abbey_site,elite,4,3.8374,0.75,0.96,0.5442,5,4,12,small,middle,church_fief_hx_46535,church_fief,direct,bishopric_hx_39260,archbishopric_01,actor_abbey_hx_46535,actor_crown,actor_abbey_hx_46535,abbey,abbey,church_temporalities,temporal_service|court_attendance|servitium_regis,ecclesiastical_vacancy,inactive,ecclesiastical_temporalities_in_hand,true,false,false,false,
manor_hx_46786,hx_46786,c_0,,,ordinary,19,16.9477,0.4518,0.96,0.0331,5,5,49,medium,middle,barony_hx_44544,barony,mesne,bishopric_hx_39755,archbishopric_02,actor_baron_hx_44544,actor_crown,actor_baron_hx_44544,baron,,baronial_tenure,counsel_and_attendance|military_service|mesne_lordship,relief|wardship|marriage_right|escheat|forfeiture,inactive,lay_escheat,false,false,false,false,
manor_hx_46793,hx_46793,c_0,,,ordinary,12,11.1514,0.6181,0.96,0.0094,4,5,35,medium,middle,barony_hx_52408,barony,mesne,bishopric_hx_39755,archbishopric_02,actor_baron_hx_52408,actor_crown,actor_baron_hx_52408,baron,,baronial_tenure,counsel_and_attendance|military_service|mesne_lordship,relief|wardship|marriage_right|escheat|forfeiture,inactive,lay_escheat,false,false,false,false,
manor_hx_47077,hx_47077,c_0,,,ordinary,57,47.0815,0.1505,0.96,0.0188,5,7,80,large,top,barony_hx_52408,barony,mesne,bishopric_hx_39755,archbishopric_02,actor_baron_hx_52408,actor_crown,actor_baron_hx_52408,baron,,baronial_tenure,counsel_and_attendance|military_service|mesne_lordship,relief|wardship|marriage_right|escheat|forfeiture,inactive,lay_escheat,false,false,false,false,
manor_hx_47098,hx_47098,c_0,,,ordinary,9,8.4053,0.6389,0.96,0.7256,6,7,18,small,middle,crown_domain_hx_52142,crown_domain,direct,bishopric_hx_39260,archbishopric_01,actor_crown,,actor_crown,crown,,crown_demesne,royal_revenue|household_support|military_staging,,inactive,none,false,true,false,false,
manor_hx_47103,hx_47103,c_0,,,ordinary,15,13.6225,0.8111,0.892,0.7861,6,6,35,medium,middle,crown_domain_hx_52142,crown_domain,direct,bishopric_hx_39260,archbishopric_01,actor_crown,,actor_crown,crown,,crown_demesne,royal_revenue|household_support|military_staging,,inactive,none,false,false,false,false,
manor_hx_47375,hx_47375,c_0,,,ordinary,15,13.6142,0.5222,0.96,0.5442,7,8,30,medium,middle,barony_hx_47653,barony,mesne,bishopric_hx_39260,archbishopric_01,actor_baron_hx_47653,actor_crown,actor_baron_hx_47653,baron,,baronial_tenure,counsel_and_attendance|military_service|mesne_lordship,relief|wardship|marriage_right|escheat|forfeiture,inactive,lay_escheat,false,false,false,false,
manor_hx_47630,hx_47630,c_0,,,ordinary,24,20.8716,0.3507,0.96,0.0342,5,6,42,medium,top,barony_hx_52408,barony,mesne,bishopric_hx_39755,archbishopric_02,actor_baron_hx_52408,actor_crown,actor_baron_hx_52408,baron,,baronial_tenure,counsel_and_attendance|military_service|mesne_lordship,relief|wardship|marriage_right|escheat|forfeiture,inactive,lay_escheat,false,false,false,false,
manor_hx_47651,hx_47651,c_0,,,ordinary,20,18.0716,0.5042,0.96,0.3125,7,7,35,medium,middle,barony_hx_47653,barony,mesne,bishopric_hx_39260,archbishopric_01,actor_baron_hx_47653,actor_crown,actor_baron_hx_47653,baron,,baronial_tenure,counsel_and_attendance|military_service|mesne_lordship,relief|wardship|marriage_right|escheat|forfeiture,inactive,lay_escheat,false,false,false,false,
manor_hx_47652,hx_47652,c_0,abbey_site,abbey_site,elite,4,3.7994,0.7083,0.96,0.3628,3,4,12,small,middle,church_fief_hx_47652,church_fief,direct,bishopric_hx_39260,archbishopric_01,actor_abbey_hx_47652,actor_crown,actor_abbey_hx_47652,abbey,abbey,church_temporalities,temporal_service|court_attendance|servitium_regis,ecclesiastical_vacancy,inactive,ecclesiastical_temporalities_in_hand,true,false,false,false,
manor_hx_47653,hx_47653,c_0,baronial_seat,baronial_seat,elite,4,3.7421,0.6458,0.96,0.4233,4,4,15,small,bottom,barony_hx_47653,barony,mesne,bishopric_hx_39260,archbishopric_01,actor_baron_hx_47653,actor_crown,actor_baron_hx_47653,baron,,baronial_tenure,counsel_and_attendance|military_service|mesne_lordship,relief|wardship|marriage_right|escheat|forfeiture,inactive,lay_escheat,true,false,false,false,
manor_hx_47661,hx_47661,c_0,,,strategic,9,8.1791,0.5278,0.96,0.907,4,5,12,small,middle,crown_domain_hx_52142,crown_domain,direct,bishopric_hx_39260,archbishopric_01,actor_crown,,actor_crown,crown,,crown_demesne,royal_revenue|household_support|military_staging,,inactive,none,false,true,false,false,
manor_hx_47662,hx_47662,c_0,abbey_site,abbey_site,elite,4,3.723,0.625,0.96,0.9675,6,6,10,small,bottom,church_fief_hx_47662,church_fief,direct,bishopric_hx_39260,archbishopric_01,actor_abbey_hx_47662,actor_crown,actor_abbey_hx_47662,abbey,abbey,church_temporalities,temporal_service|court_attendance|servitium_regis,ecclesiastical_vacancy,inactive,ecclesiastical_temporalities_in_hand,true,false,false,false,
manor_hx_47663,hx_47663,c_0,baronial_seat,baronial_seat,elite,4,3.7233,0.625,0.96,0.907,4,4,9,small,bottom,barony_hx_47663,barony,mesne,bishopric_hx_39260,archbishopric_01,actor_baron_hx_47663,actor_crown,actor_baron_hx_47663,baron,,baronial_tenure,counsel_and_attendance|military_service|mesne_lordship,relief|wardship|marriage_right|escheat|forfeiture,inactive,lay_escheat,true,false,false,false,
manor_hx_47666,hx_47666,c_0,,,strategic,12,6.8997,0.5972,0.6033,0.7256,4,4,9,small,middle,crown_domain_hx_52142,crown_domain,direct,bishopric_hx_39260,archbishopric_01,actor_crown,,actor_crown,crown,,crown_demesne,royal_revenue|household_support|military_staging,,inactive,none,false,false,false,false,
manor_hx_47879,hx_47879,c_9,baronial_seat,baronial_seat,elite,4,3.4806,0.3542,0.96,0.3202,2,2,8,small,bottom,barony_hx_47879,barony,mesne,bishopric_hx_39744,archbishopric_02,actor_baron_hx_47879,actor_crown,actor_baron_hx_47879,baron,,baronial_tenure,counsel_and_attendance|military_service|mesne_lordship,relief|wardship|marriage_right|escheat|forfeiture,inactive,lay_escheat,true,false,false,false,
manor_hx_47880,hx_47880,c_9,abbey_site,abbey_site,elite,4,3.4256,0.2916,0.96,0.3415,3,2,10,small,bottom,church_fief_hx_47880,church_fief,direct,bishopric_hx_39744,archbishopric_02,actor_abbey_hx_47880,actor_crown,actor_abbey_hx_47880,abbey,abbey,church_temporalities,temporal_service|court_attendance|servitium_regis,ecclesiastical_vacancy,inactive,ecclesiastical_temporalities_in_hand,true,false,false,false,
manor_hx_47907,hx_47907,c_0,,,ordinary,20,16.7757,0.2103,0.96,0.1323,5,5,32,medium,middle,barony_hx_44544,barony,mesne,bishopric_hx_39755,archbishopric_02,actor_baron_hx_44544,actor_crown,actor_baron_hx_44544,baron,,baronial_tenure,counsel_and_attendance|military_service|mesne_lordship,relief|wardship|marriage_right|escheat|forfeiture,inactive,lay_escheat,false,false,false,false,
manor_hx_47914,hx_47914,c_0,,,ordinary,65,53.3534,0.1266,0.96,0.0456,6,6,126,large,top,barony_hx_52408,barony,mesne,bishopric_hx_39755,archbishopric_02,actor_baron_hx_52408,actor_crown,actor_baron_hx_52408,baron,,baronial_tenure,counsel_and_attendance|military_service|mesne_lordship,relief|wardship|marriage_right|escheat|forfeiture,inactive,lay_escheat,false,false,false,false,
manor_hx_47942,hx_47942,c_0,,,ordinary,12,10.7746,0.4792,0.96,0.907,8,8,27,medium,middle,crown_domain_hx_52142,crown_domain,direct,bishopric_hx_39260,archbishopric_01,actor_crown,,actor_crown,crown,,crown_demesne,royal_revenue|household_support|military_staging,,inactive,none,false,false,false,false,
manor_hx_48176,hx_48176,c_9,baronial_seat,baronial_seat,elite,4,3.3349,0.1875,0.96,0.529,2,3,11,small,bottom,barony_hx_48176,barony,mesne,bishopric_hx_39744,archbishopric_02,actor_baron_hx_48176,actor_crown,actor_baron_hx_48176,baron,,baronial_tenure,counsel_and_attendance|military_service|mesne_lordship,relief|wardship|marriage_right|escheat|forfeiture,inactive,lay_escheat,true,false,false,false,
manor_hx_48208,hx_48208,c_0,,,ordinary,36,30.3102,0.2243,0.96,0.2194,6,6,45,medium,top,barony_hx_47653,barony,mesne,bishopric_hx_39260,archbishopric_01,actor_baron_hx_47653,actor_crown,actor_baron_hx_47653,baron,,baronial_tenure,counsel_and_attendance|military_service|mesne_lordship,relief|wardship|marriage_right|escheat|forfeiture,inactive,lay_escheat,false,false,false,false,
manor_hx_48450,hx_48450,c_9,abbey_site,abbey_site,elite,4,3.2084,0.04,0.96,0.4903,2,3,10,small,bottom,church_fief_hx_48450,church_fief,direct,bishopric_hx_39744,archbishopric_02,actor_abbey_hx_48450,actor_crown,actor_abbey_hx_48450,abbey,abbey,church_temporalities,temporal_service|court_attendance|servitium_regis,ecclesiastical_vacancy,inactive,ecclesiastical_temporalities_in_hand,true,false,false,false,
manor_hx_48465,hx_48465,c_9,,,ordinary,20,16.7941,0.2143,0.96,0.2314,5,5,41,medium,middle,barony_hx_48176,barony,mesne,bishopric_hx_39755,archbishopric_02,actor_baron_hx_48176,actor_crown,actor_baron_hx_48176,baron,,baronial_tenure,counsel_and_attendance|military_service|mesne_lordship,relief|wardship|marriage_right|escheat|forfeiture,inactive,lay_escheat,false,false,false,false,
manor_hx_48498,hx_48498,c_0,,,ordinary,16,14.4707,0.7865,0.9013,0.5959,7,9,36,medium,middle,crown_domain_hx_52142,crown_domain,direct,bishopric_hx_39260,archbishopric_01,actor_crown,,actor_crown,crown,,crown_demesne,royal_revenue|household_support|military_staging,,inactive,none,false,false,false,false,
manor_hx_48725,hx_48725,c_9,baronial_seat,baronial_seat,elite,4,3.2084,0.04,0.96,0.4206,2,1,6,small,bottom,barony_hx_48725,barony,mesne,bishopric_hx_39744,archbishopric_02,actor_baron_hx_48725,actor_crown,actor_baron_hx_48725,baron,,baronial_tenure,counsel_and_attendance|military_service|mesne_lordship,relief|wardship|marriage_right|escheat|forfeiture,inactive,lay_escheat,true,false,false,false,
manor_hx_48731,hx_48731,c_9,baronial_seat,baronial_seat,elite,4,3.2084,0.04,0.96,0.4597,2,2,11,small,bottom,barony_hx_48731,barony,mesne,bishopric_hx_39744,archbishopric_02,actor_baron_hx_48731,actor_crown,actor_baron_hx_48731,baron,,baronial_tenure,counsel_and_attendance|military_service|mesne_lordship,relief|wardship|marriage_right|escheat|forfeiture,inactive,lay_escheat,true,false,false,false,
manor_hx_48742,hx_48742,c_9,,,ordinary,26,22.0174,0.2465,0.96,0.3306,6,7,41,medium,top,barony_hx_48176,barony,mesne,bishopric_hx_39755,archbishopric_02,actor_baron_hx_48176,actor_crown,actor_baron_hx_48176,baron,,baronial_tenure,counsel_and_attendance|military_service|mesne_lordship,relief|wardship|marriage_right|escheat|forfeiture,inactive,lay_escheat,false,false,false,false,
manor_hx_48775,hx_48775,c_0,,,ordinary,12,10.7495,0.8403,0.8817,0.5625,6,6,15,small,middle,crown_domain_hx_51861,crown_domain,direct,bishopric_hx_39260,archbishopric_01,actor_crown,,actor_crown,crown,,crown_demesne,royal_revenue|household_support|military_staging,,inactive,none,false,false,false,false,
manor_hx_49019,hx_49019,c_9,,,ordinary,17,14.5802,0.2965,0.96,0.4298,6,6,48,medium,middle,barony_hx_48176,barony,mesne,bishopric_hx_39755,archbishopric_02,actor_baron_hx_48176,actor_crown,actor_baron_hx_48176,baron,,baronial_tenure,counsel_and_attendance|military_service|mesne_lordship,relief|wardship|marriage_right|escheat|forfeiture,inactive,lay_escheat,false,false,false,false,
manor_hx_49029,hx_49029,c_0,,,ordinary,26,21.7069,0.1921,0.96,0.1303,7,7,48,medium,top,barony_hx_51273,barony,mesne,bishopric_hx_39755,archbishopric_02,actor_baron_hx_51273,actor_crown,actor_baron_hx_51273,baron,,baronial_tenure,counsel_and_attendance|military_service|mesne_lordship,relief|wardship|marriage_right|escheat|forfeiture,inactive,lay_escheat,false,false,false,false,
manor_hx_49062,hx_49062,c_12,baronial_seat,baronial_seat,elite,4,3.7799,0.6875,0.96,0.8125,3,3,12,small,middle,barony_hx_49062,barony,mesne,bishopric_hx_39260,archbishopric_01,actor_baron_hx_49062,actor_crown,actor_baron_hx_49062,baron,,baronial_tenure,counsel_and_attendance|military_service|mesne_lordship,relief|wardship|marriage_right|escheat|forfeiture,inactive,lay_escheat,true,false,false,false,
manor_hx_49063,hx_49063,c_12,county_seat,county_seat|county_castle|market_town,elite,12,10.9996,0.5625,0.96,0.8667,8,9,32,medium,middle,county_domain_hx_49063,county_domain,direct,bishopric_hx_39260,archbishopric_01,actor_count_c_12,actor_crown,actor_count_c_12,count,,county_office_demesne,office_service|court_attendance|military_service,forfeiture|crown_regrant,inactive,crown_regrant,true,false,false,false,
manor_hx_49066,hx_49066,c_0,,,strategic,10,6.8215,0.3333,0.756,0.7123,4,4,11,small,middle,crown_domain_hx_52142,crown_domain,direct,bishopric_hx_39260,archbishopric_01,actor_crown,,actor_crown,crown,,crown_demesne,royal_revenue|household_support|military_staging,,inactive,none,false,false,false,false,
manor_hx_49296,hx_49296,c_9,,,ordinary,265,180.2947,0.3236,0.7473,0.3968,15,17,150,large,top,church_fief_hx_48450,church_fief,direct,bishopric_hx_39744,archbishopric_02,actor_abbey_hx_48450,actor_crown,actor_abbey_hx_48450,abbey,abbey,church_temporalities,temporal_service|court_attendance|servitium_regis,ecclesiastical_vacancy,inactive,ecclesiastical_temporalities_in_hand,false,false,false,false,
manor_hx_49332,hx_49332,c_0,,,ordinary,17,15.8904,0.6422,0.96,0.4389,6,6,43,medium,middle,barony_hx_47653,barony,mesne,bishopric_hx_39260,archbishopric_01,actor_baron_hx_47653,actor_crown,actor_baron_hx_47653,baron,,baronial_tenure,counsel_and_attendance|military_service|mesne_lordship,relief|wardship|marriage_right|escheat|forfeiture,inactive,lay_escheat,false,false,false,false,
manor_hx_49345,hx_49345,c_0,,,ordinary,9,6.3076,0.3519,0.7711,0.7584,3,3,14,small,middle,crown_domain_hx_52142,crown_domain,direct,bishopric_hx_39260,archbishopric_01,actor_crown,,actor_crown,crown,,crown_demesne,royal_revenue|household_support|military_staging,,inactive,none,false,false,false,false,
manor_hx_49581,hx_49581,c_9,abbey_site,abbey_site,elite,4,3.6664,0.5625,0.96,0.3637,5,5,11,small,bottom,church_fief_hx_49581,church_fief,direct,bishopric_hx_39755,archbishopric_02,actor_abbey_hx_49581,actor_crown,actor_abbey_hx_49581,abbey,abbey,church_temporalities,temporal_service|court_attendance|servitium_regis,ecclesiastical_vacancy,inactive,ecclesiastical_temporalities_in_hand,true,false,false,false,
manor_hx_49587,hx_49587,c_9,,,ordinary,17,14.2544,0.6225,0.8518,0.2171,5,7,45,medium,middle,barony_hx_49862,barony,mesne,bishopric_hx_39755,archbishopric_02,actor_baron_hx_49862,actor_crown,actor_baron_hx_49862,baron,,baronial_tenure,counsel_and_attendance|military_service|mesne_lordship,relief|wardship|marriage_right|escheat|forfeiture,inactive,lay_escheat,false,false,false,false,
manor_hx_49608,hx_49608,c_0,,,ordinary,31,26.2828,0.2511,0.96,0.3284,5,5,40,medium,top,barony_hx_52408,barony,mesne,bishopric_hx_39260,archbishopric_01,actor_baron_hx_52408,actor_crown,actor_baron_hx_52408,baron,,baronial_tenure,counsel_and_attendance|military_service|mesne_lordship,relief|wardship|marriage_right|escheat|forfeiture,inactive,lay_escheat,false,false,false,false,
manor_hx_49619,hx_49619,c_0,,,ordinary,10,8.8693,0.875,0.866,0.75,6,7,14,small,middle,crown_domain_hx_52142,crown_domain,direct,bishopric_hx_39260,archbishopric_01,actor_crown,,actor_crown,crown,,crown_demesne,royal_revenue|household_support|military_staging,,inactive,none,false,false,false,false,
manor_hx_49862,hx_49862,c_9,baronial_seat,baronial_seat,elite,4,3.7799,0.6875,0.96,0.3306,4,3,13,small,bottom,barony_hx_49862,barony,mesne,bishopric_hx_39755,archbishopric_02,actor_baron_hx_49862,actor_crown,actor_baron_hx_49862,baron,,baronial_tenure,counsel_and_attendance|military_service|mesne_lordship,relief|wardship|marriage_right|escheat|forfeiture,inactive,lay_escheat,true,false,false,false,
manor_hx_49864,hx_49864,c_9,,,ordinary,11,10.1377,0.7424,0.9182,0.2823,6,7,17,small,middle,barony_hx_49862,barony,mesne,bishopric_hx_39755,archbishopric_02,actor_baron_hx_49862,actor_crown,actor_baron_hx_49862,baron,,baronial_tenure,counsel_and_attendance|military_service|mesne_lordship,relief|wardship|marriage_right|escheat|forfeiture,inactive,lay_escheat,false,false,false,false,
manor_hx_50141,hx_50141,c_9,,,ordinary,10,9.1955,0.575,0.96,0.304,9,9,15,small,middle,barony_hx_49862,barony,mesne,bishopric_hx_39744,archbishopric_02,actor_baron_hx_49862,actor_crown,actor_baron_hx_49862,baron,,baronial_tenure,counsel_and_attendance|military_service|mesne_lordship,relief|wardship|marriage_right|escheat|forfeiture,inactive,lay_escheat,false,false,false,false,
manor_hx_50176,hx_50176,c_0,,,ordinary,11,7.8583,0.8864,0.7036,0.625,5,8,10,small,middle,crown_domain_hx_51861,crown_domain,direct,bishopric_hx_39260,archbishopric_01,actor_crown,,actor_crown,crown,,crown_demesne,royal_revenue|household_support|military_staging,,inactive,none,false,false,false,false,
manor_hx_50182,hx_50182,c_12,abbey_site,abbey_site,elite,4,3.799,0.7084,0.96,0.875,4,4,9,small,middle,church_fief_hx_50182,church_fief,direct,bishopric_hx_39260,archbishopric_01,actor_abbey_hx_50182,actor_crown,actor_abbey_hx_50182,abbey,abbey,church_temporalities,temporal_service|court_attendance|servitium_regis,ecclesiastical_vacancy,inactive,ecclesiastical_temporalities_in_hand,true,false,false,false,
manor_hx_50418,hx_50418,c_9,,,ordinary,18,14.0287,0.1146,0.9089,0.2645,3,3,36,medium,middle,barony_hx_49862,barony,mesne,bishopric_hx_39744,archbishopric_02,actor_baron_hx_49862,actor_crown,actor_baron_hx_49862,baron,,baronial_tenure,counsel_and_attendance|military_service|mesne_lordship,relief|wardship|marriage_right|escheat|forfeiture,inactive,lay_escheat,false,false,false,false,
manor_hx_50431,hx_50431,c_0,,,ordinary,19,17.0613,0.4781,0.96,0.1482,6,6,58,medium,middle,barony_hx_51273,barony,mesne,bishopric_hx_39755,archbishopric_02,actor_baron_hx_51273,actor_crown,actor_baron_hx_51273,baron,,baronial_tenure,counsel_and_attendance|military_service|mesne_lordship,relief|wardship|marriage_right|escheat|forfeiture,inactive,lay_escheat,false,false,false,false,
manor_hx_50452,hx_50452,c_0,,,ordinary,10,9.403,0.6667,0.96,0.4926,5,6,12,small,middle,barony_hx_52408,barony,mesne,bishopric_hx_39260,archbishopric_01,actor_baron_hx_52408,actor_crown,actor_baron_hx_52408,baron,,baronial_tenure,counsel_and_attendance|military_service|mesne_lordship,relief|wardship|marriage_right|escheat|forfeiture,inactive,lay_escheat,false,false,false,false,
manor_hx_50460,hx_50460,c_0,,,strategic,9,8.8078,0.8333,0.96,0.875,4,5,6,small,middle,crown_domain_hx_52142,crown_domain,direct,bishopric_hx_39260,archbishopric_01,actor_crown,,actor_crown,crown,,crown_demesne,royal_revenue|household_support|military_staging,,inactive,none,false,true,false,false,
manor_hx_50467,hx_50467,c_0,,,strategic,12,7.1821,0.3542,0.6617,0.625,3,3,14,small,middle,crown_domain_hx_52142,crown_domain,direct,bishopric_hx_39260,archbishopric_01,actor_crown,,actor_crown,crown,,crown_demesne,royal_revenue|household_support|military_staging,,inactive,none,false,false,true,false,
manor_hx_50728,hx_50728,c_0,,,ordinary,57,46.7002,0.1196,0.96,0.3284,7,10,150,large,top,barony_hx_52408,barony,mesne,bishopric_hx_39260,archbishopric_01,actor_baron_hx_52408,actor_crown,actor_baron_hx_52408,baron,,baronial_tenure,counsel_and_attendance|military_service|mesne_lordship,relief|wardship|marriage_right|escheat|forfeiture,inactive,lay_escheat,false,false,false,false,
manor_hx_50742,hx_50742,c_0,baronial_seat,baronial_seat,elite,4,3.761,0.6667,0.96,1,5,5,11,small,bottom,barony_hx_50742,barony,mesne,bishopric_hx_39260,archbishopric_01,actor_baron_hx_50742,actor_crown,actor_baron_hx_50742,baron,,baronial_tenure,counsel_and_attendance|military_service|mesne_lordship,relief|wardship|marriage_right|escheat|forfeiture,inactive,lay_escheat,true,false,false,false,
manor_hx_50985,hx_50985,c_9,,,ordinary,12,9.8318,0.875,0.8033,0.2388,6,5,9,small,middle,barony_hx_49862,barony,mesne,bishopric_hx_39744,archbishopric_02,actor_baron_hx_49862,actor_crown,actor_baron_hx_49862,baron,,baronial_tenure,counsel_and_attendance|military_service|mesne_lordship,relief|wardship|marriage_right|escheat|forfeiture,inactive,lay_escheat,false,false,false,false,
manor_hx_51023,hx_51023,c_0,,,ordinary,9,7.1257,0.463,0.8467,0.9375,5,6,16,small,middle,crown_domain_hx_52142,crown_domain,direct,bishopric_hx_39260,archbishopric_01,actor_crown,,actor_crown,crown,,crown_demesne,royal_revenue|household_support|military_staging,,inactive,none,false,true,false,false,
manor_hx_51262,hx_51262,c_9,,,ordinary,12,11.0942,0.5972,0.96,0.2171,5,5,34,medium,middle,barony_hx_49862,barony,mesne,bishopric_hx_39744,archbishopric_02,actor_baron_hx_49862,actor_crown,actor_baron_hx_49862,baron,,baronial_tenure,counsel_and_attendance|military_service|mesne_lordship,relief|wardship|marriage_right|escheat|forfeiture,inactive,lay_escheat,false,false,false,false,
manor_hx_51273,hx_51273,c_0,baronial_seat,baronial_seat,elite,4,3.7421,0.6458,0.96,0.171,4,4,10,small,bottom,barony_hx_51273,barony,mesne,bishopric_hx_39755,archbishopric_02,actor_baron_hx_51273,actor_crown,actor_baron_hx_51273,baron,,baronial_tenure,counsel_and_attendance|military_service|mesne_lordship,relief|wardship|marriage_right|escheat|forfeiture,inactive,lay_escheat,true,false,false,false,
manor_hx_51274,hx_51274,c_0,abbey_site,abbey_site,elite,4,3.6288,0.5208,0.96,0.1824,4,4,9,small,bottom,church_fief_hx_51274,church_fief,direct,bishopric_hx_39755,archbishopric_02,actor_abbey_hx_51274,actor_crown,actor_abbey_hx_51274,abbey,abbey,church_temporalities,temporal_service|court_attendance|servitium_regis,ecclesiastical_vacancy,inactive,ecclesiastical_temporalities_in_hand,true,false,false,false,
manor_hx_51275,hx_51275,c_0,,,ordinary,65,53.3518,0.1267,0.96,0.171,6,6,94,large,top,barony_hx_52408,barony,mesne,bishopric_hx_39755,archbishopric_02,actor_baron_hx_52408,actor_crown,actor_baron_hx_52408,baron,,baronial_tenure,counsel_and_attendance|military_service|mesne_lordship,relief|wardship|marriage_right|escheat|forfeiture,inactive,lay_escheat,false,false,false,false,
manor_hx_51296,hx_51296,c_0,,,ordinary,9,8.577,0.7222,0.96,0.6583,4,5,10,small,middle,crown_domain_hx_51861,crown_domain,direct,bishopric_hx_39260,archbishopric_01,actor_crown,,actor_crown,crown,,crown_demesne,royal_revenue|household_support|military_staging,,inactive,none,false,false,false,false,
manor_hx_51305,hx_51305,c_0,,,strategic,9,5.7295,0.3796,0.6956,0.8125,2,3,13,small,middle,crown_domain_hx_52142,crown_domain,direct,bishopric_hx_39260,archbishopric_01,actor_crown,,actor_crown,crown,,crown_demesne,royal_revenue|household_support|military_staging,,inactive,none,false,true,false,false,
manor_hx_51539,hx_51539,c_9,,,ordinary,131,99.4306,0.1,0.8863,0.1532,4,4,122,large,top,barony_hx_49862,barony,mesne,bishopric_hx_39744,archbishopric_02,actor_baron_hx_49862,actor_crown,actor_baron_hx_49862,baron,,baronial_tenure,counsel_and_attendance|military_service|mesne_lordship,relief|wardship|marriage_right|escheat|forfeiture,inactive,lay_escheat,false,true,false,false,
manor_hx_51552,hx_51552,c_0,,,ordinary,10,8.7326,0.7167,0.868,0.1482,5,6,11,small,middle,barony_hx_51273,barony,mesne,bishopric_hx_39755,archbishopric_02,actor_baron_hx_51273,actor_crown,actor_baron_hx_51273,baron,,baronial_tenure,counsel_and_attendance|military_service|mesne_lordship,relief|wardship|marriage_right|escheat|forfeiture,inactive,lay_escheat,false,false,false,false,
manor_hx_51572,hx_51572,c_0,,,ordinary,21,18.0806,0.3114,0.96,0.5474,5,5,34,medium,middle,crown_domain_hx_51861,crown_domain,direct,bishopric_hx_39260,archbishopric_01,actor_crown,,actor_crown,crown,,crown_demesne,royal_revenue|household_support|military_staging,,inactive,none,false,false,false,false,
manor_hx_51580,hx_51580,c_0,abbey_site,abbey_site,elite,4,3.8953,0.8125,0.96,0.8777,1,2,9,small,middle,church_fief_hx_51580,church_fief,direct,bishopric_hx_39260,archbishopric_01,actor_abbey_hx_51580,actor_crown,actor_abbey_hx_51580,abbey,abbey,church_temporalities,temporal_service|court_attendance|servitium_regis,ecclesiastical_vacancy,inactive,ecclesiastical_temporalities_in_hand,true,false,false,false,
manor_hx_51829,hx_51829,c_0,,,ordinary,14,11.5156,0.8393,0.7943,0.1737,5,7,35,medium,middle,barony_hx_51273,barony,mesne,bishopric_hx_39744,archbishopric_02,actor_baron_hx_51273,actor_crown,actor_baron_hx_51273,baron,,baronial_tenure,counsel_and_attendance|military_service|mesne_lordship,relief|wardship|marriage_right|escheat|forfeiture,inactive,lay_escheat,false,false,false,false,
manor_hx_51861,hx_51861,c_0,royal_seat,royal_seat|royal_castle|county_seat|market_town,elite,21,19.902,0.6984,0.96,0.8782,9,10,45,medium,top,crown_domain_hx_51861,crown_domain,direct,bishopric_hx_39260,archbishopric_01,actor_crown,,actor_crown,crown,,crown_demesne,royal_revenue|household_support|military_staging,,inactive,none,true,false,false,false,
manor_hx_52106,hx_52106,c_9,,,ordinary,9,8.4437,0.6574,0.96,0.152,6,6,14,small,middle,barony_hx_49862,barony,mesne,bishopric_hx_39744,archbishopric_02,actor_baron_hx_49862,actor_crown,actor_baron_hx_49862,baron,,baronial_tenure,counsel_and_attendance|military_service|mesne_lordship,relief|wardship|marriage_right|escheat|forfeiture,inactive,lay_escheat,false,false,false,false,
manor_hx_52142,hx_52142,c_0,royal_castle,royal_castle,elite,9,7.8258,0.6667,0.8844,0.9368,4,6,10,small,middle,crown_domain_hx_52142,crown_domain,direct,bishopric_hx_39260,archbishopric_01,actor_crown,,actor_crown,crown,,crown_demesne,royal_revenue|household_support|military_staging,,inactive,none,true,false,false,false,
manor_hx_52143,hx_52143,c_0,,,strategic,10,4.5643,0.475,0.498,0.8782,4,4,18,small,middle,crown_domain_hx_52142,crown_domain,direct,bishopric_hx_39260,archbishopric_01,actor_crown,,actor_crown,crown,,crown_demesne,royal_revenue|household_support|military_staging,,inactive,none,false,true,false,false,
manor_hx_52383,hx_52383,c_9,,,ordinary,42,31.4508,0.1398,0.8614,0.1303,4,4,70,medium,top,barony_hx_49862,barony,mesne,bishopric_hx_39744,archbishopric_02,actor_baron_hx_49862,actor_crown,actor_baron_hx_49862,baron,,baronial_tenure,counsel_and_attendance|military_service|mesne_lordship,relief|wardship|marriage_right|escheat|forfeiture,inactive,lay_escheat,false,false,false,false,
manor_hx_52396,hx_52396,c_0,,,ordinary,40,32.8475,0.1282,0.96,0.1368,8,8,61,medium,top,barony_hx_51273,barony,mesne,bishopric_hx_39755,archbishopric_02,actor_baron_hx_51273,actor_crown,actor_baron_hx_51273,baron,,baronial_tenure,counsel_and_attendance|military_service|mesne_lordship,relief|wardship|marriage_right|escheat|forfeiture,inactive,lay_escheat,false,false,false,false,
manor_hx_52408,hx_52408,c_0,baronial_seat,baronial_seat,elite,4,3.2084,0.04,0.96,0.4252,4,5,7,small,bottom,barony_hx_52408,barony,mesne,bishopric_hx_39260,archbishopric_01,actor_baron_hx_52408,actor_crown,actor_baron_hx_52408,baron,,baronial_tenure,counsel_and_attendance|military_service|mesne_lordship,relief|wardship|marriage_right|escheat|forfeiture,inactive,lay_escheat,true,false,false,false,
manor_hx_52416,hx_52416,c_0,,,ordinary,12,10.553,0.3958,0.96,0.7663,7,8,12,small,middle,crown_domain_hx_51861,crown_domain,direct,bishopric_hx_39260,archbishopric_01,actor_crown,,actor_crown,crown,,crown_demesne,royal_revenue|household_support|military_staging,,inactive,none,false,false,false,false,
manor_hx_52418,hx_52418,c_0,baronial_seat,baronial_seat,elite,4,3.6476,0.5416,0.96,0.8758,4,2,11,small,bottom,barony_hx_52418,barony,mesne,bishopric_hx_39260,archbishopric_01,actor_baron_hx_52418,actor_crown,actor_baron_hx_52418,baron,,baronial_tenure,counsel_and_attendance|military_service|mesne_lordship,relief|wardship|marriage_right|escheat|forfeiture,inactive,lay_escheat,true,false,false,false,
manor_hx_52420,hx_52420,c_0,,,ordinary,9,6.0399,0.3796,0.7333,0.7663,4,3,13,small,middle,crown_domain_hx_51861,crown_domain,direct,bishopric_hx_39260,archbishopric_01,actor_crown,,actor_crown,crown,,crown_demesne,royal_revenue|household_support|military_staging,,inactive,none,false,false,false,false,
manor_hx_52673,hx_52673,c_0,,,ordinary,15,13.5408,0.5,0.96,0.114,5,5,41,medium,middle,barony_hx_51273,barony,mesne,bishopric_hx_39744,archbishopric_02,actor_baron_hx_51273,actor_crown,actor_baron_hx_51273,baron,,baronial_tenure,counsel_and_attendance|military_service|mesne_lordship,relief|wardship|marriage_right|escheat|forfeiture,inactive,lay_escheat,false,false,false,false,
manor_hx_52689,hx_52689,c_0,abbey_site,abbey_site,elite,4,3.3533,0.2083,0.96,0.4535,2,2,14,small,bottom,church_fief_hx_52689,church_fief,direct,bishopric_hx_39260,archbishopric_01,actor_abbey_hx_52689,actor_crown,actor_abbey_hx_52689,abbey,abbey,church_temporalities,temporal_service|court_attendance|servitium_regis,ecclesiastical_vacancy,inactive,ecclesiastical_temporalities_in_hand,true,false,false,false,
manor_hx_52693,hx_52693,c_0,,,ordinary,16,13.2138,0.1508,0.96,0.5981,4,6,51,medium,middle,barony_hx_52408,barony,mesne,bishopric_hx_39260,archbishopric_01,actor_baron_hx_52408,actor_crown,actor_baron_hx_52408,baron,,baronial_tenure,counsel_and_attendance|military_service|mesne_lordship,relief|wardship|marriage_right|escheat|forfeiture,inactive,lay_escheat,false,false,false,false,
manor_hx_52950,hx_52950,c_0,,,ordinary,36,28.9249,0.2693,0.8961,0.0868,5,5,44,medium,top,barony_hx_51273,barony,mesne,bishopric_hx_39744,archbishopric_02,actor_baron_hx_51273,actor_crown,actor_baron_hx_51273,baron,,baronial_tenure,counsel_and_attendance|military_service|mesne_lordship,relief|wardship|marriage_right|escheat|forfeiture,inactive,lay_escheat,false,false,false,false,
manor_hx_53227,hx_53227,c_0,,,ordinary,55,40.8239,0.1454,0.8513,0.0651,3,3,150,large,top,barony_hx_51273,barony,mesne,bishopric_hx_39744,archbishopric_02,actor_baron_hx_51273,actor_crown,actor_baron_hx_51273,baron,,baronial_tenure,counsel_and_attendance|military_service|mesne_lordship,relief|wardship|marriage_right|escheat|forfeiture,inactive,lay_escheat,false,false,false,false,
manor_hx_53261,hx_53261,c_0,,,strategic,9,6.457,0.2685,0.8089,0.7116,6,5,9,small,middle,crown_domain_hx_51861,crown_domain,direct,bishopric_hx_39260,archbishopric_01,actor_crown,,actor_crown,crown,,crown_demesne,royal_revenue|household_support|military_staging,,inactive,none,false,false,false,false,
manor_hx_53517,hx_53517,c_0,,,ordinary,89,69.0604,0.1009,0.9083,0.0912,5,5,109,large,top,barony_hx_51273,barony,mesne,bishopric_hx_39744,archbishopric_02,actor_baron_hx_51273,actor_crown,actor_baron_hx_51273,baron,,baronial_tenure,counsel_and_attendance|military_service|mesne_lordship,relief|wardship|marriage_right|escheat|forfeiture,inactive,lay_escheat,false,true,false,false,
manor_hx_53813,hx_53813,c_0,,,ordinary,13,11.0893,0.2756,0.96,0.5981,7,7,33,medium,middle,crown_domain_hx_51861,crown_domain,direct,bishopric_hx_39260,archbishopric_01,actor_crown,,actor_crown,crown,,crown_demesne,royal_revenue|household_support|military_staging,,inactive,none,false,false,false,false,
manor_hx_53817,hx_53817,c_0,,,ordinary,9,7.9377,0.4074,0.96,0.8373,5,6,7,small,middle,crown_domain_hx_51861,crown_domain,direct,bishopric_hx_39260,archbishopric_01,actor_crown,,actor_crown,crown,,crown_demesne,royal_revenue|household_support|military_staging,,inactive,none,false,false,false,false,
manor_hx_54090,hx_54090,c_0,,,ordinary,30,24.9692,0.1802,0.96,0.5259,9,9,33,medium,top,barony_hx_52408,barony,mesne,bishopric_hx_39260,archbishopric_01,actor_baron_hx_52408,actor_crown,actor_baron_hx_52408,baron,,baronial_tenure,counsel_and_attendance|military_service|mesne_lordship,relief|wardship|marriage_right|escheat|forfeiture,inactive,lay_escheat,false,false,false,false,
manor_hx_54094,hx_54094,c_0,baronial_seat,baronial_seat,elite,4,3.6665,0.5625,0.96,0.6579,3,4,14,small,bottom,barony_hx_54094,barony,mesne,bishopric_hx_39260,archbishopric_01,actor_baron_hx_54094,actor_crown,actor_baron_hx_54094,baron,,baronial_tenure,counsel_and_attendance|military_service|mesne_lordship,relief|wardship|marriage_right|escheat|forfeiture,inactive,lay_escheat,true,false,false,false,
manor_hx_54101,hx_54101,c_0,,,ordinary,9,7.8083,0.3426,0.96,0.7775,5,5,13,small,middle,crown_domain_hx_51861,crown_domain,direct,bishopric_hx_39260,archbishopric_01,actor_crown,,actor_crown,crown,,crown_demesne,royal_revenue|household_support|military_staging,,inactive,none,false,true,false,false,
manor_hx_54379,hx_54379,c_13,county_seat,county_seat|county_castle|market_town,elite,12,11.0758,0.5903,0.96,0.9569,7,8,29,medium,middle,county_domain_hx_54379,county_domain,direct,bishopric_hx_39260,archbishopric_01,actor_count_c_13,actor_crown,actor_count_c_13,count,,county_office_demesne,office_service|court_attendance|military_service,forfeiture|crown_regrant,inactive,crown_regrant,true,false,false,false,
manor_hx_54659,hx_54659,c_13,abbey_site,abbey_site,elite,4,3.8183,0.7292,0.96,0.8971,4,4,11,small,middle,church_fief_hx_54659,church_fief,direct,bishopric_hx_39260,archbishopric_01,actor_abbey_hx_54659,actor_crown,actor_abbey_hx_54659,abbey,abbey,church_temporalities,temporal_service|court_attendance|servitium_regis,ecclesiastical_vacancy,inactive,ecclesiastical_temporalities_in_hand,true,false,false,false,
manor_hx_54660,hx_54660,c_0,baronial_seat,baronial_seat,elite,4,3.761,0.6667,0.96,0.8971,3,4,13,small,bottom,barony_hx_54660,barony,mesne,bishopric_hx_39260,archbishopric_01,actor_baron_hx_54660,actor_crown,actor_baron_hx_54660,baron,,baronial_tenure,counsel_and_attendance|military_service|mesne_lordship,relief|wardship|marriage_right|escheat|forfeiture,inactive,lay_escheat,true,false,false,false,
manor_hx_54663,hx_54663,c_0,,,strategic,7,4.0008,0.4048,0.62,0.7177,4,5,11,small,middle,crown_domain_hx_51861,crown_domain,direct,bishopric_hx_39260,archbishopric_01,actor_crown,,actor_crown,crown,,crown_demesne,royal_revenue|household_support|military_staging,,inactive,none,false,true,false,false,
manor_hx_54937,hx_54937,c_0,,,ordinary,9,8.3682,0.6204,0.96,0.7177,7,7,15,small,middle,crown_domain_hx_51861,crown_domain,direct,bishopric_hx_39260,archbishopric_01,actor_crown,,actor_crown,crown,,crown_demesne,royal_revenue|household_support|military_staging,,inactive,none,false,true,false,false,
manor_hx_55208,hx_55208,c_0,,,ordinary,34,26.3871,0.1133,0.9059,0.6103,5,5,60,medium,top,barony_hx_52408,barony,mesne,bishopric_hx_39744,archbishopric_02,actor_baron_hx_52408,actor_crown,actor_baron_hx_52408,baron,,baronial_tenure,counsel_and_attendance|military_service|mesne_lordship,relief|wardship|marriage_right|escheat|forfeiture,inactive,lay_escheat,false,false,false,false,
manor_hx_55214,hx_55214,c_0,,,ordinary,9,8.1608,0.5185,0.96,0.7171,5,5,14,small,middle,crown_domain_hx_51861,crown_domain,direct,bishopric_hx_39260,archbishopric_01,actor_crown,,actor_crown,crown,,crown_demesne,royal_revenue|household_support|military_staging,,inactive,none,false,true,false,false,
manor_hx_55221,hx_55221,c_0,,,ordinary,12,6.6273,0.7569,0.535,0.7775,4,4,16,small,middle,crown_domain_hx_51861,crown_domain,direct,bishopric_hx_39260,archbishopric_01,actor_crown,,actor_crown,crown,,crown_demesne,royal_revenue|household_support|military_staging,,inactive,none,false,true,true,false,
manor_hx_55495,hx_55495,c_0,abbey_site,abbey_site,elite,4,3.8183,0.7292,0.96,0.7649,4,4,12,small,middle,church_fief_hx_55495,church_fief,direct,bishopric_hx_39260,archbishopric_01,actor_abbey_hx_55495,actor_crown,actor_abbey_hx_55495,abbey,abbey,church_temporalities,temporal_service|court_attendance|servitium_regis,ecclesiastical_vacancy,inactive,ecclesiastical_temporalities_in_hand,true,false,false,false,
manor_hx_55772,hx_55772,c_0,,,ordinary,9,8.0119,0.4444,0.96,0.712,5,5,12,small,middle,crown_domain_hx_51861,crown_domain,direct,bishopric_hx_39744,archbishopric_02,actor_crown,,actor_crown,crown,,crown_demesne,royal_revenue|household_support|military_staging,,inactive,none,false,true,false,false,
manor_hx_55776,hx_55776,c_0,baronial_seat,baronial_seat,elite,4,3.8374,0.75,0.96,0.7171,6,6,11,small,middle,barony_hx_55776,barony,mesne,bishopric_hx_39260,archbishopric_01,actor_baron_hx_55776,actor_crown,actor_baron_hx_55776,baron,,baronial_tenure,counsel_and_attendance|military_service|mesne_lordship,relief|wardship|marriage_right|escheat|forfeiture,inactive,lay_escheat,true,false,false,false,
manor_hx_56058,hx_56058,c_0,,,ordinary,12,5.8304,0.9167,0.4717,0.6215,7,7,10,small,middle,crown_domain_hx_51861,crown_domain,direct,bishopric_hx_39260,archbishopric_01,actor_crown,,actor_crown,crown,,crown_demesne,royal_revenue|household_support|military_staging,,inactive,none,false,true,false,false,
manor_hx_56332,hx_56332,c_14,county_seat,county_seat|county_castle|market_town,elite,15,12.2743,0.5,0.8693,0.8137,8,8,41,medium,middle,county_domain_hx_56332,county_domain,direct,bishopric_hx_39744,archbishopric_02,actor_count_c_14,actor_crown,actor_count_c_14,count,,county_office_demesne,office_service|court_attendance|military_service,forfeiture|crown_regrant,inactive,crown_regrant,true,false,true,false,
manor_hx_56338,hx_56338,c_0,,,strategic,6,3.9541,0.8055,0.6467,0.6215,3,3,9,small,middle,crown_domain_hx_51861,crown_domain,direct,bishopric_hx_39260,archbishopric_01,actor_crown,,actor_crown,crown,,crown_demesne,royal_revenue|household_support|military_staging,,inactive,none,false,true,false,false,
manor_hx_56611,hx_56611,c_14,,,ordinary,17,12.7606,0.4118,0.7976,0.712,4,4,39,medium,middle,barony_hx_56613,barony,mesne,bishopric_hx_39744,archbishopric_02,actor_baron_hx_56613,actor_crown,actor_baron_hx_56613,baron,,baronial_tenure,counsel_and_attendance|military_service|mesne_lordship,relief|wardship|marriage_right|escheat|forfeiture,inactive,lay_escheat,false,false,false,false,
manor_hx_56612,hx_56612,c_14,abbey_site,abbey_site,elite,4,3.6102,0.5,0.96,0.7628,5,5,14,small,bottom,church_fief_hx_56612,church_fief,direct,bishopric_hx_39744,archbishopric_02,actor_abbey_hx_56612,actor_crown,actor_abbey_hx_56612,abbey,abbey,church_temporalities,temporal_service|court_attendance|servitium_regis,ecclesiastical_vacancy,inactive,ecclesiastical_temporalities_in_hand,true,false,false,false,
manor_hx_56613,hx_56613,c_14,baronial_seat,baronial_seat,elite,4,3.5728,0.4584,0.96,0.7628,3,3,7,small,bottom,barony_hx_56613,barony,mesne,bishopric_hx_39744,archbishopric_02,actor_baron_hx_56613,actor_crown,actor_baron_hx_56613,baron,,baronial_tenure,counsel_and_attendance|military_service|mesne_lordship,relief|wardship|marriage_right|escheat|forfeiture,inactive,lay_escheat,true,false,false,false,
manor_hx_57175,hx_57175,c_14,,,strategic,9,5.5141,0.5741,0.6378,0.6611,4,4,13,small,middle,barony_hx_56613,barony,mesne,bishopric_hx_39744,archbishopric_02,actor_baron_hx_56613,actor_crown,actor_baron_hx_56613,baron,,baronial_tenure,counsel_and_attendance|military_service|mesne_lordship,relief|wardship|marriage_right|escheat|forfeiture,inactive,lay_escheat,false,true,false,false,
manor_hx_57734,hx_57734,c_14,,,ordinary,27,14.8067,0.8457,0.4904,0.5594,3,3,45,medium,middle,barony_hx_56613,barony,mesne,bishopric_hx_39744,archbishopric_02,actor_baron_hx_56613,actor_crown,actor_baron_hx_56613,baron,,baronial_tenure,counsel_and_attendance|military_service|mesne_lordship,relief|wardship|marriage_right|escheat|forfeiture,inactive,lay_escheat,false,false,false,false,
